sole_id;heel_strike;toe_off
1;1778780602240;1778780602992
2;1778780602896;1778780603616
1;1778780603552;1778780604176
2;1778780604016;1778780604704
1;1778780604640;1778780605296
2;1778780605168;1778780605808
1;1778780605728;1778780606416
2;1778780606288;1778780606960
1;1778780606880;1778780607552
2;1778780607456;1778780608112
1;1778780608032;1778780608688
2;1778780608560;1778780609232
1;1778780609136;1778780609792
2;1778780609680;1778780610352
1;1778780610256;1778780610912
2;1778780610784;1778780611456
1;1778780611408;1778780612048
2;1778780611920;1778780612576
1;1778780612496;1778780613200
2;1778780613072;1778780613728
1;1778780613632;1778780614288
2;1778780614176;1778780614816
1;1778780614720;1778780615376
2;1778780615280;1778780615904
1;1778780615824;1778780616496
2;1778780616384;1778780617040
1;1778780616960;1778780617648
2;1778780617520;1778780618192
1;1778780618096;1778780618784
2;1778780618656;1778780619344
1;1778780619248;1778780619920
2;1778780619808;1778780620480
1;1778780620400;1778780621040
2;1778780620912;1778780621584
1;1778780621488;1778780622160
2;1778780622032;1778780622704
1;1778780622608;1778780623296
2;1778780623168;1778780623840
1;1778780623760;1778780624448
2;1778780624288;1778780624992
1;1778780624912;1778780625552
2;1778780625424;1778780626128
1;1778780626032;1778780626704
2;1778780626576;1778780627264
1;1778780627168;1778780627840
2;1778780627728;1778780628384
1;1778780628304;1778780628960
2;1778780628848;1778780629504
1;1778780629424;1778780630096
2;1778780629984;1778780630640
1;1778780630544;1778780631232
2;1778780631088;1778780631760
1;1778780631680;1778780632352
2;1778780632224;1778780632896
1;1778780632800;1778780633488
2;1778780633376;1778780634016
1;1778780633936;1778780634576
2;1778780634464;1778780635136
1;1778780635072;1778780635712
2;1778780635600;1778780636256
1;1778780636176;1778780636816
2;1778780636688;1778780637344
1;1778780637264;1778780637904
2;1778780637792;1778780638432
1;1778780638352;1778780638992
2;1778780638880;1778780639536
1;1778780639456;1778780640112
2;1778780640000;1778780640656
1;1778780640576;1778780641232
2;1778780641104;1778780641760
1;1778780641664;1778780642336
2;1778780642208;1778780642864
1;1778780642784;1778780643440
2;1778780643328;1778780643984
1;1778780643888;1778780644560
2;1778780644432;1778780645104
1;1778780645024;1778780645680
2;1778780645568;1778780646208
1;1778780646144;1778780646784
2;1778780646672;1778780647312
1;1778780647232;1778780647888
2;1778780647776;1778780648416
1;1778780648352;1778780648992
2;1778780648880;1778780649536
1;1778780649456;1778780650080
2;1778780649968;1778780650640
1;1778780650544;1778780651200
2;1778780651072;1778780651744
1;1778780651664;1778780652320
2;1778780652208;1778780652848
1;1778780652768;1778780653440
2;1778780653328;1778780653984
1;1778780653904;1778780654560
2;1778780654432;1778780655088
1;1778780655024;1778780655680
2;1778780655568;1778780656240
1;1778780656144;1778780656800
2;1778780656672;1778780657328
1;1778780657248;1778780657920
2;1778780657808;1778780658464
1;1778780658384;1778780659040
2;1778780658912;1778780659584
1;1778780659504;1778780660160
2;1778780660032;1778780660704
1;1778780660640;1778780661280
2;1778780661152;1778780661840
1;1778780661760;1778780662432
2;1778780662304;1778780662976
1;1778780662896;1778780663568
2;1778780663456;1778780664112
1;1778780664032;1778780664704
2;1778780664576;1778780665248
1;1778780665152;1778780665856
2;1778780665712;1778780666400
1;1778780666320;1778780666976
2;1778780666864;1778780667552
1;1778780667456;1778780668112
2;1778780667984;1778780668672
1;1778780668576;1778780669248
2;1778780669120;1778780669792
1;1778780669712;1778780670384
2;1778780670256;1778780670944
1;1778780670864;1778780671520
2;1778780671376;1778780672080
1;1778780672000;1778780672656
2;1778780672528;1778780673184
1;1778780673104;1778780673760
2;1778780673632;1778780674320
1;1778780674224;1778780674912
2;1778780674768;1778780675456
1;1778780675360;1778780676032
2;1778780675904;1778780676560
1;1778780676496;1778780677168
2;1778780677040;1778780677696
1;1778780677600;1778780678288
2;1778780678160;1778780678848
1;1778780678768;1778780679424
2;1778780679312;1778780679952
1;1778780679872;1778780680544
2;1778780680416;1778780681072
1;1778780680992;1778780681680
2;1778780681568;1778780682208
1;1778780682112;1778780682800
2;1778780682688;1778780683344
1;1778780683248;1778780683904
2;1778780683792;1778780684448
1;1778780684368;1778780685040
2;1778780684928;1778780685584
1;1778780685488;1778780686160
2;1778780686048;1778780686736
1;1778780686672;1778780687312
2;1778780687216;1778780687888
1;1778780687808;1778780688464
2;1778780688352;1778780689040
1;1778780688944;1778780689600
2;1778780689488;1778780690128
1;1778780690048;1778780690704
2;1778780690592;1778780691248
1;1778780691168;1778780691808
2;1778780691696;1778780692336
1;1778780692256;1778780692896
2;1778780692800;1778780693440
1;1778780693360;1778780694000
2;1778780693888;1778780694528
1;1778780694464;1778780695104
2;1778780694992;1778780695632
1;1778780695568;1778780696208
2;1778780696096;1778780696736
1;1778780696672;1778780697312
2;1778780697200;1778780697840
1;1778780697776;1778780698400
2;1778780698288;1778780698944
1;1778780698864;1778780699504
2;1778780699392;1778780700032
1;1778780699952;1778780700608
2;1778780700496;1778780701136
1;1778780701072;1778780701712
2;1778780701616;1778780702240
1;1778780702176;1778780702816
2;1778780702704;1778780703376
1;1778780703296;1778780703936
2;1778780703824;1778780704464
1;1778780704400;1778780705040
2;1778780704944;1778780705600
1;1778780705520;1778780706160
2;1778780706048;1778780706704
1;1778780706624;1778780707296
2;1778780707184;1778780707840
1;1778780707760;1778780708432
2;1778780708304;1778780708976
1;1778780708896;1778780709552
2;1778780709424;1778780710096
1;1778780710016;1778780710688
2;1778780710560;1778780711248
1;1778780711152;1778780711808
2;1778780711696;1778780712368
1;1778780712288;1778780712944
2;1778780712832;1778780713488
1;1778780713408;1778780714080
2;1778780713952;1778780714608
1;1778780714528;1778780715200
2;1778780715072;1778780715760
1;1778780715680;1778780716320
2;1778780716176;1778780716880
1;1778780716784;1778780717456
2;1778780717328;1778780718000
1;1778780717920;1778780718608
2;1778780718480;1778780719152
1;1778780719072;1778780719744
2;1778780719616;1778780720320
1;1778780720240;1778780720928
2;1778780720816;1778780721504
1;1778780721424;1778780722112
