user,end_id,distance
Sam,161940,315.563
Sam,161106,307.555
Sam,190954,469.883
Sam,185358,208.696
Sam,144026,148.512
Sam,142900,189.471
Sam,184100,94.362
Sam,154156,469.501
Sam,153426,297.944
Sam,152804,152.133
Sam,150932,394.345
Sam,145834,312.433
Sam,144831,294.782
Sam,183703,499.691
Sam,182941,347.579
Sam,181957,212.006
Sam,141438,377.763
Sam,150601,134.878
Sam,145528,769.628
Sam,144155,493.764
Sam,000610,104.281
Sam,221213,76.623
Sam,215614,97.971
Sam,213903,233.422
Kristian,172026,211.315
Kristian,171615,210.667
Kristian,171138,232.163
Kristian,170950,89.874
Kristian,170738,90.722
Kristian,200710,497.889
Kristian,194247,201.277
Kristian,161001,526.325
Kristian,155900,480.412
Kristian,155015,403.840
Kristian,154547,140.958
Kristian,155937,260.369
Kristian,154900,236.440
Kristian,180315,342.664
Kristian,175445,438.115
Kristian,174713,348.475
Kristian,174319,171.590
Kristian,173910,150.812
Kristian,173731,48.730
Samantha,215404,130.143
Samantha,214852,270.341
Samantha,214245,263.759
Samantha,213411,260.088
Samantha,212716,203.365
Samantha,211050,292.23
Samantha,204116,84.955
Samantha,201019,211.71
Samantha,163656,166.652
Samantha,135331,172.329
Samantha,134854,149.784
Samantha,134408,183.2
Samantha,132818,92.907
Samantha,132041,293.641
Samantha,130532,221.987
Samantha,214900,121.413
Samantha,214527,124.513
Samantha,213753,120.672
Samantha,212932,198.077
Samantha,192244,434.065
Samantha,210206,21.796
Catherine,193525,392.338
Catherine,190100,179.467
Catherine,154549,141.830
Catherine,00000,97.965