foot,step_id,contact_time_sec,stance_duration,impact_mag,loading_rate,midstance_diff,heel_pmax,fore_pmax,total_pmax,predicted_surface,max_confidence,prob_brick,prob_concrete,prob_grass
right,1,3.568,1.2000000000000002,15218.0,1602.083333333332,0.6999999999999886,986.0,1999.0,4200.0,brick,0.505,0.505,0.365,0.13
right,2,4.72,1.2160000000000002,16199.0,1078.124999999999,0.4000000000000057,990.0,2003.0,4366.0,brick,0.495,0.495,0.37,0.135
right,3,5.856,1.1199999999999992,17228.0,914.0624999999992,1.8000000000000114,991.0,2053.0,4218.0,brick,0.555,0.555,0.385,0.06
right,4,7.056,1.1680000000000001,18162.0,953.5714285714278,2.8000000000000114,980.0,2101.0,4159.0,brick,0.525,0.525,0.385,0.09
right,5,8.256,1.3439999999999994,13352.0,1906.2499999999984,0.0,974.0,2109.0,4184.0,brick,0.51,0.51,0.37,0.12
right,6,9.552,1.200000000000001,14108.0,1218.749999999999,3.0,966.0,2033.0,4274.0,brick,0.495,0.495,0.39,0.115
right,7,10.816,1.1999999999999993,15496.0,1312.4999999999989,0.09999999999999432,976.0,2026.0,4190.0,brick,0.51,0.51,0.375,0.115
right,8,12.048,1.168000000000001,19956.0,2708.333333333331,0.09999999999999432,985.0,2082.0,4168.0,brick,0.495,0.495,0.44,0.065
right,9,13.184,1.1199999999999992,19727.0,1812.4999999999984,0.4000000000000057,984.0,2060.0,4221.0,brick,0.575,0.575,0.395,0.03
right,10,14.304,1.040000000000001,21674.0,1335.9374999999986,16.099999999999994,987.0,2080.0,4147.0,brick,0.555,0.555,0.41,0.035
right,11,15.36,1.0559999999999992,23163.0,1162.4999999999989,14.0,993.0,2155.0,4249.0,brick,0.525,0.525,0.43,0.045
right,12,16.432,1.056000000000001,21009.0,1234.3749999999989,0.19999999999998863,1022.0,2075.0,4290.0,brick,0.55,0.55,0.415,0.035
right,13,17.504,1.0719999999999992,21311.0,1252.6041666666656,0.0,1039.0,2155.0,4294.0,brick,0.53,0.53,0.435,0.035
right,14,18.576,1.056000000000001,20287.0,1005.2083333333323,0.09999999999999432,978.0,2144.0,4227.0,brick,0.555,0.555,0.415,0.03
right,15,19.68,1.0719999999999992,21636.0,1734.3749999999984,6.900000000000006,993.0,2026.0,4408.0,brick,0.545,0.545,0.42,0.035
right,16,20.768,1.0719999999999992,19703.0,2321.8750000000164,0.19999999999998863,995.0,2092.0,4271.0,brick,0.56,0.56,0.405,0.035
right,17,21.84,1.1039999999999992,18779.0,1026.0416666666547,0.6999999999999886,987.0,2040.0,4335.0,concrete,0.51,0.455,0.51,0.035
right,18,22.976,1.0720000000000027,19071.0,1156.2499999999748,0.19999999999998863,988.0,2102.0,4341.0,brick,0.565,0.565,0.405,0.03
right,19,24.064,1.088000000000001,22440.0,999.9999999999991,6.699999999999989,988.0,2064.0,4241.0,brick,0.565,0.565,0.405,0.03
right,20,25.168,1.088000000000001,19794.0,1270.8333333333321,1.0,1012.0,2031.0,4259.0,brick,0.54,0.54,0.425,0.035
right,21,26.256,1.0559999999999974,17669.0,1821.8750000000155,0.09999999999999432,995.0,2082.0,4301.0,brick,0.575,0.575,0.365,0.06
right,22,27.36,1.0719999999999992,18473.0,792.9687499999993,0.19999999999998863,1015.0,2054.0,4347.0,brick,0.55,0.55,0.41,0.04
right,23,28.432,1.0719999999999992,18310.0,1098.2142857142926,0.5,1008.0,2034.0,4379.0,brick,0.555,0.555,0.4,0.045
right,24,29.504,1.0399999999999991,20229.0,1104.1666666666656,0.4000000000000057,1032.0,2052.0,4359.0,brick,0.535,0.535,0.425,0.04
right,25,30.576,1.0719999999999992,19353.0,800.0000000000392,0.6999999999999886,1021.0,2091.0,4452.0,brick,0.535,0.535,0.425,0.04
right,26,31.664,1.0879999999999974,16812.0,895.3125000000127,0.9000000000000057,1034.0,2087.0,4514.0,brick,0.51,0.51,0.4,0.09
right,27,32.784,1.0400000000000063,19128.0,1665.625000000013,1.5999999999999943,1053.0,2067.0,4714.0,brick,0.535,0.535,0.43,0.035
right,28,33.808,1.1039999999999992,20334.0,874.999999999946,2.0999999999999943,1030.0,2133.0,4434.0,brick,0.565,0.565,0.4,0.035
right,29,34.912,1.0560000000000045,20703.0,904.0178571428019,0.30000000000001137,1049.0,2141.0,4309.0,concrete,0.54,0.415,0.54,0.045
right,30,36.016,1.1199999999999974,21182.0,651.0416666666605,0.6999999999999886,1035.0,2097.0,4442.0,brick,0.52,0.52,0.44,0.04
right,31,37.152,1.088000000000001,20358.0,839.0625000000066,0.19999999999998863,1032.0,2126.0,4264.0,brick,0.525,0.525,0.435,0.04
right,32,38.24,1.0719999999999956,20717.0,1210.937500000044,0.0,994.0,2039.0,4272.0,brick,0.54,0.54,0.425,0.035
right,33,39.344,1.1040000000000063,19999.0,1332.812500000015,0.0,1006.0,2109.0,4354.0,brick,0.55,0.55,0.415,0.035
right,34,40.448,1.0719999999999956,18760.0,940.1041666666841,1.9000000000000057,1008.0,2091.0,4398.0,brick,0.54,0.54,0.42,0.04
right,35,41.616,1.0719999999999956,29284.0,1052.0833333332935,0.5999999999999943,1035.0,2041.0,4337.0,concrete,0.6,0.355,0.6,0.045
right,36,42.64,1.088000000000001,16496.0,1071.0227272727398,0.09999999999999432,1035.0,2147.0,4448.0,brick,0.51,0.51,0.405,0.085
right,37,43.744,1.1199999999999974,20794.0,1152.9017857142758,1.3000000000000114,1044.0,2099.0,4430.0,concrete,0.525,0.43,0.525,0.045
right,38,44.88,1.1039999999999992,16807.0,1075.0000000000332,1.4000000000000057,1017.0,2169.0,4303.0,brick,0.51,0.51,0.41,0.08
right,39,45.984,1.0879999999999939,23010.0,1061.4583333333644,0.0,1014.0,2113.0,4243.0,brick,0.52,0.52,0.44,0.04
right,40,47.12,1.1199999999999974,18870.0,1306.2499999999118,0.4000000000000057,1052.0,2109.0,4255.0,brick,0.545,0.545,0.42,0.035
right,41,48.272,1.1840000000000046,2761.0,1937.4999999999982,1.0999999999999943,1060.0,2091.0,4324.0,brick,0.485,0.485,0.38,0.135
right,42,49.44,1.0719999999999956,22196.0,2148.4374999999495,0.09999999999999432,1027.0,2109.0,4233.0,brick,0.54,0.54,0.425,0.035
right,43,50.528,1.088000000000001,20253.0,746.9618055555599,1.0,1028.0,2110.0,4313.0,brick,0.54,0.54,0.42,0.04
right,44,51.6,1.1199999999999974,17482.0,684.6590909090871,2.6999999999999886,1035.0,2144.0,4353.0,brick,0.495,0.495,0.45,0.055
right,45,52.72,1.0400000000000063,20971.0,864.4480519480396,0.5,1019.0,2094.0,4196.0,brick,0.52,0.52,0.44,0.04
right,46,53.824,1.088000000000001,20129.0,1306.2499999999118,0.09999999999999432,1016.0,2086.0,4317.0,brick,0.55,0.55,0.415,0.035
right,47,54.928,1.0720000000000027,18655.0,592.5480769230642,0.09999999999999432,999.0,2122.0,4264.0,brick,0.54,0.54,0.42,0.04
right,48,56.016,1.088000000000001,17506.0,669.6428571428697,1.4000000000000057,1003.0,2190.0,4373.0,brick,0.525,0.525,0.415,0.06
right,49,57.12,1.0559999999999974,19454.0,1765.6249999999613,0.0,1005.0,2090.0,4273.0,brick,0.555,0.555,0.41,0.035
right,50,58.208,1.1039999999999992,19688.0,953.12499999998,0.19999999999998863,1004.0,2095.0,4270.0,brick,0.54,0.54,0.42,0.04
right,51,59.312,1.088000000000001,20239.0,1418.749999999904,0.09999999999999432,1006.0,2120.0,4284.0,brick,0.55,0.55,0.415,0.035
right,52,60.416,1.1039999999999992,20492.0,1240.6250000000123,0.0,1024.0,2096.0,4393.0,brick,0.545,0.545,0.42,0.035
right,53,61.504,1.0560000000000045,18305.0,1093.749999999926,0.8000000000000114,1015.0,2109.0,4329.0,brick,0.55,0.55,0.405,0.045
right,54,62.608,1.088000000000001,19286.0,894.5312499999992,0.0,1031.0,2179.0,4339.0,brick,0.53,0.53,0.43,0.04
right,55,63.696,1.1039999999999992,16712.0,1010.4166666666283,0.19999999999998863,1031.0,2065.0,4307.0,brick,0.52,0.52,0.395,0.085
right,56,64.832,1.0879999999999939,17410.0,960.069444444408,0.19999999999998863,999.0,2160.0,4311.0,brick,0.525,0.525,0.41,0.065
right,57,65.936,1.1039999999999992,17994.0,1645.8333333333774,0.5999999999999943,999.0,2070.0,4304.0,brick,0.575,0.575,0.375,0.05
right,58,67.088,1.13600000000001,17999.0,1040.6249999998947,0.8000000000000114,1010.0,2076.0,4243.0,brick,0.485,0.485,0.47,0.045
right,59,68.208,1.1039999999999992,20224.0,990.0568181818962,1.1999999999999886,1003.0,2092.0,4236.0,brick,0.53,0.53,0.43,0.04
right,60,69.296,1.088000000000008,21115.0,1046.164772727211,0.19999999999998863,1014.0,2099.0,4326.0,brick,0.53,0.53,0.43,0.04
right,61,70.416,1.088000000000008,17999.0,1431.2500000000305,0.0,990.0,2121.0,4356.0,brick,0.59,0.59,0.37,0.04
right,62,71.536,1.088000000000008,19712.0,1053.5714285714675,5.400000000000006,1000.0,2141.0,4226.0,brick,0.525,0.525,0.43,0.045
right,63,72.64,1.1039999999999992,17281.0,1314.0625000000869,0.19999999999998863,999.0,2140.0,4313.0,brick,0.545,0.545,0.395,0.06
right,64,73.744,1.0879999999999939,19483.0,1088.5416666666254,5.0,993.0,2124.0,4320.0,brick,0.545,0.545,0.415,0.04
right,65,74.848,1.0879999999999939,16822.0,2036.458333333188,4.800000000000011,1004.0,2102.0,4231.0,brick,0.54,0.54,0.37,0.09
right,66,75.968,1.0879999999999939,16333.0,1381.9444444444318,4.199999999999989,995.0,2110.0,4254.0,brick,0.55,0.55,0.37,0.08
right,67,77.088,1.1200000000000045,17597.0,1710.41666666653,0.9000000000000057,1002.0,2176.0,4329.0,brick,0.54,0.54,0.4,0.06
right,68,78.208,1.1039999999999992,17482.0,557.6923076923067,0.19999999999998863,1033.0,2078.0,4292.0,brick,0.535,0.535,0.405,0.06
right,69,79.312,1.088000000000008,19368.0,718.7499999999424,5.099999999999994,1037.0,2153.0,4310.0,brick,0.555,0.555,0.41,0.035
right,70,80.448,1.1359999999999957,16185.0,877.6041666666458,0.5999999999999943,985.0,2103.0,4247.0,brick,0.525,0.525,0.41,0.065
right,71,81.568,1.1200000000000045,18679.0,492.1875000000134,8.400000000000006,988.0,2103.0,4228.0,brick,0.57,0.57,0.4,0.03
right,72,82.688,1.088000000000008,19420.0,828.1250000000186,0.09999999999999432,996.0,2072.0,4219.0,brick,0.535,0.535,0.425,0.04
right,73,83.856,1.13600000000001,16984.0,1023.8095238095204,0.19999999999998863,1019.0,2104.0,4388.0,brick,0.51,0.51,0.41,0.08
right,74,84.992,1.1200000000000045,17851.0,645.8333333333212,0.19999999999998863,1020.0,2176.0,4486.0,brick,0.56,0.56,0.4,0.04
right,75,86.112,1.1199999999999903,19171.0,716.3194444444074,0.19999999999998863,998.0,2110.0,4260.0,brick,0.525,0.525,0.435,0.04
right,76,87.248,1.1359999999999957,18152.0,875.0000000000673,0.9000000000000057,1000.0,2123.0,4276.0,brick,0.535,0.535,0.42,0.045
right,77,88.384,1.1039999999999992,19588.0,1168.750000000025,3.4000000000000057,991.0,2142.0,4306.0,brick,0.575,0.575,0.39,0.035
right,78,89.504,1.1199999999999903,18865.0,693.3593749999993,0.9000000000000057,1013.0,2177.0,4319.0,brick,0.525,0.525,0.435,0.04
right,79,90.656,1.1359999999999957,16439.0,1024.553571428656,0.0,1013.0,2199.0,4309.0,brick,0.505,0.505,0.42,0.075
right,80,91.824,1.1679999999999922,16262.0,1231.2500000000264,0.19999999999998863,995.0,2223.0,4296.0,brick,0.495,0.495,0.38,0.125
right,81,92.992,1.1200000000000045,20416.0,1679.687500000185,1.0,988.0,2162.0,4228.0,brick,0.57,0.57,0.4,0.03
right,82,94.128,1.13600000000001,17803.0,1042.6136363636072,7.800000000000011,994.0,2197.0,4375.0,brick,0.53,0.53,0.42,0.05
right,83,95.296,1.152000000000001,16898.0,1562.5000000001137,0.09999999999999432,996.0,2187.0,4439.0,brick,0.495,0.495,0.385,0.12
right,84,96.464,1.1359999999999957,18980.0,1038.888888888888,0.30000000000001137,1022.0,2136.0,4232.0,brick,0.515,0.515,0.445,0.04
right,85,97.616,1.1359999999999957,15041.0,1251.7857142857542,0.0,1034.0,2269.0,4365.0,brick,0.535,0.535,0.395,0.07
right,86,98.768,1.1039999999999992,19210.0,1072.916666666671,0.5999999999999943,987.0,2168.0,4311.0,brick,0.555,0.555,0.415,0.03
right,87,99.856,1.1200000000000045,17023.0,593.7499999998017,0.19999999999998863,1005.0,2272.0,4398.0,brick,0.51,0.51,0.405,0.085
right,88,101.04,1.152000000000001,17018.0,1073.660714285801,0.09999999999999432,1006.0,2196.0,4325.0,brick,0.47,0.47,0.41,0.12
right,89,102.192,1.1200000000000045,17937.0,936.1979166666464,0.0,992.0,2165.0,4320.0,brick,0.575,0.575,0.385,0.04
right,90,103.328,1.088000000000008,19478.0,1620.3125000001155,0.09999999999999432,997.0,2121.0,4359.0,brick,0.585,0.585,0.385,0.03
right,91,104.448,1.1039999999999992,19210.0,1113.839285714175,0.5999999999999943,1023.0,2126.0,4389.0,brick,0.54,0.54,0.42,0.04
right,92,105.52,1.0720000000000027,19612.0,1445.3124999996683,1.6999999999999886,1099.0,2133.0,4338.0,brick,0.57,0.57,0.4,0.03
right,93,106.64,1.1199999999999903,16104.0,1312.4999999999948,0.09999999999999432,1101.0,2171.0,4718.0,brick,0.53,0.53,0.365,0.105
right,94,107.744,1.0720000000000027,18133.0,1649.9999999997688,0.0,1060.0,2099.0,4552.0,brick,0.59,0.59,0.36,0.05
right,95,108.848,1.13600000000001,16018.0,802.0833333333233,0.19999999999998863,1059.0,2179.0,4558.0,brick,0.505,0.505,0.415,0.08
right,96,110.032,1.1200000000000045,17018.0,1882.812499999498,2.0,1075.0,2346.0,4407.0,concrete,0.48,0.42,0.48,0.1
right,97,111.152,1.1039999999999992,17190.0,1589.8437500001337,0.9000000000000057,1068.0,2287.0,4417.0,brick,0.51,0.51,0.405,0.085
right,98,112.256,1.1200000000000045,18875.0,840.625000000018,0.19999999999998863,1005.0,2214.0,4337.0,brick,0.495,0.495,0.455,0.05
right,99,113.392,1.1039999999999992,17664.0,1306.2500000000277,0.19999999999998863,1019.0,2159.0,4351.0,brick,0.55,0.55,0.395,0.055
right,100,114.512,1.088000000000008,19042.0,1812.5000000001996,0.0,1029.0,2134.0,4333.0,brick,0.51,0.51,0.455,0.035
right,101,115.616,1.1039999999999992,17745.0,1134.3749999999948,3.9000000000000057,1026.0,2200.0,4536.0,brick,0.525,0.525,0.42,0.055
right,102,116.752,1.1200000000000045,17272.0,937.4999999999534,0.0,1013.0,2157.0,4390.0,brick,0.52,0.52,0.415,0.065
right,103,117.808,1.0559999999999974,20732.0,786.4583333333367,0.9000000000000057,1019.0,2141.0,4343.0,brick,0.52,0.52,0.44,0.04
right,104,118.912,1.0720000000000027,17195.0,1284.0401785714566,3.3000000000000114,1019.0,2273.0,4567.0,concrete,0.47,0.415,0.47,0.115
right,105,120.032,1.0879999999999939,18583.0,1921.874999999785,12.0,1016.0,2218.0,4408.0,brick,0.525,0.525,0.43,0.045
right,106,121.152,1.1359999999999957,18559.0,1375.6944444444382,7.5,1024.0,2189.0,4424.0,brick,0.505,0.505,0.445,0.05
right,107,122.272,1.1199999999999903,15635.0,1223.958333333468,19.5,1010.0,2338.0,4444.0,brick,0.525,0.525,0.4,0.075
right,108,123.456,1.1199999999999903,18501.0,1304.3154761904757,10.900000000000006,999.0,2288.0,4465.0,brick,0.52,0.52,0.435,0.045
right,109,124.576,1.1200000000000045,20076.0,1819.9404761903852,0.39999999999997726,989.0,2226.0,4295.0,brick,0.525,0.525,0.43,0.045
right,110,125.712,1.13600000000001,17449.0,2429.6875000002674,4.399999999999977,1004.0,2157.0,4352.0,brick,0.52,0.52,0.43,0.05
right,111,126.864,1.1039999999999992,16008.0,1203.1250000000719,1.5999999999999943,1007.0,2146.0,4324.0,brick,0.535,0.535,0.385,0.08
right,112,127.952,1.1040000000000134,15486.0,1237.4999999998386,0.09999999999999432,997.0,2201.0,4334.0,brick,0.555,0.555,0.365,0.08
right,113,129.088,1.103999999999985,14491.0,705.3571428571043,2.1999999999999886,997.0,2195.0,4489.0,brick,0.545,0.545,0.37,0.085
right,114,130.24,1.1200000000000045,16745.0,1582.0312500000216,0.5999999999999943,1027.0,2151.0,4308.0,brick,0.545,0.545,0.365,0.09
right,115,131.36,1.1200000000000045,16817.0,1354.1666666670162,0.30000000000001137,1034.0,2214.0,4518.0,brick,0.535,0.535,0.385,0.08
right,116,132.496,1.1040000000000134,16836.0,912.5000000000194,3.1999999999999886,1012.0,2209.0,4355.0,brick,0.515,0.515,0.4,0.085
right,117,133.616,1.1200000000000045,17415.0,903.5456730769888,0.19999999999998863,1028.0,2170.0,4336.0,brick,0.525,0.525,0.41,0.065
right,118,134.736,1.1040000000000134,17319.0,1812.4999999999313,0.09999999999999432,1016.0,2152.0,4421.0,brick,0.545,0.545,0.39,0.065
right,119,135.872,1.103999999999985,19081.0,1806.2499999999673,0.5,1023.0,2207.0,4427.0,brick,0.545,0.545,0.42,0.035
right,120,136.976,1.1200000000000045,16022.0,1175.0000000004002,0.5999999999999943,1003.0,2185.0,4428.0,brick,0.52,0.52,0.4,0.08
right,121,138.112,1.103999999999985,17071.0,1199.9999999996958,3.3000000000000114,1000.0,2208.0,4307.0,brick,0.56,0.56,0.365,0.075
right,122,139.248,1.0879999999999939,16937.0,1124.9999999996983,2.6999999999999886,993.0,2167.0,4397.0,brick,0.54,0.54,0.37,0.09
right,123,140.352,1.1040000000000134,17027.0,1609.374999999865,11.300000000000011,1014.0,2181.0,4379.0,brick,0.555,0.555,0.35,0.095
right,124,141.472,1.0720000000000027,17942.0,1038.0681818183527,0.09999999999999432,1027.0,2131.0,4377.0,brick,0.555,0.555,0.405,0.04
right,125,142.56,1.1200000000000045,14850.0,1076.4508928572227,0.09999999999999432,1034.0,2177.0,4446.0,brick,0.52,0.52,0.4,0.08
right,126,143.68,1.0880000000000223,15697.0,1078.1250000000423,0.09999999999999432,995.0,2188.0,4296.0,brick,0.535,0.535,0.375,0.09
right,127,144.768,1.1200000000000045,14907.0,1164.5833333332018,3.9000000000000057,990.0,2211.0,4315.0,brick,0.565,0.565,0.355,0.08
right,128,145.904,1.1040000000000134,18080.0,1374.9999999997851,0.30000000000001137,995.0,2157.0,4338.0,brick,0.58,0.58,0.38,0.04
right,129,147.056,1.103999999999985,18219.0,1206.4732142858256,0.19999999999998863,1003.0,2146.0,4298.0,brick,0.565,0.565,0.395,0.04
right,130,148.176,1.103999999999985,19401.0,784.3749999999292,3.6999999999999886,972.0,2192.0,4335.0,brick,0.565,0.565,0.405,0.03
right,131,149.28,1.1199999999999761,17004.0,218.75000000012125,2.5,979.0,2152.0,4338.0,brick,0.535,0.535,0.39,0.075
right,132,150.432,1.0879999999999939,16913.0,1874.9999999977085,0.19999999999998863,998.0,2163.0,4460.0,brick,0.545,0.545,0.36,0.095
right,133,151.536,1.1200000000000045,18076.0,826.0416666666549,0.09999999999999432,977.0,2201.0,4460.0,brick,0.605,0.605,0.365,0.03
right,134,152.656,1.1040000000000134,15372.0,994.791666666629,3.8000000000000114,1002.0,2137.0,4410.0,brick,0.54,0.54,0.375,0.085
right,135,153.776,1.1200000000000045,17032.0,1035.1562500000437,3.6999999999999886,1007.0,2222.0,4595.0,brick,0.545,0.545,0.365,0.09
right,136,154.912,1.136000000000024,16204.0,1151.0416666667156,0.30000000000001137,1026.0,2174.0,4324.0,brick,0.5,0.5,0.42,0.08
right,137,156.08,1.1200000000000045,15242.0,1843.750000000203,8.0,982.0,2244.0,4441.0,brick,0.54,0.54,0.38,0.08
right,138,157.2,1.1200000000000045,15391.0,997.7678571427431,0.4000000000000057,988.0,2228.0,4370.0,brick,0.54,0.54,0.39,0.07
right,139,158.352,1.1200000000000045,19023.0,1060.4166666666497,6.899999999999977,991.0,2280.0,4509.0,brick,0.475,0.475,0.455,0.07
right,140,159.472,1.1040000000000134,17592.0,1667.1875000002492,10.199999999999989,990.0,2235.0,4399.0,brick,0.54,0.54,0.405,0.055
right,141,160.592,1.1200000000000045,18300.0,1056.2500000001685,0.09999999999999432,981.0,2145.0,4269.0,brick,0.565,0.565,0.4,0.035
right,142,161.728,1.1040000000000134,17257.0,1114.2857142858654,0.09999999999999432,980.0,2232.0,4346.0,brick,0.55,0.55,0.395,0.055
right,143,162.864,1.1200000000000045,16171.0,938.5653409091792,1.5,975.0,2155.0,4247.0,brick,0.53,0.53,0.4,0.07
right,144,163.984,1.1040000000000134,17525.0,1828.1250000002012,0.09999999999999432,993.0,2132.0,4266.0,brick,0.54,0.54,0.405,0.055
right,145,165.104,1.0879999999999939,15826.0,1073.611111111308,0.8000000000000114,990.0,2175.0,4316.0,brick,0.53,0.53,0.39,0.08
right,146,166.224,1.1200000000000045,16209.0,1046.8749999999604,0.19999999999998863,986.0,2148.0,4352.0,brick,0.535,0.535,0.39,0.075
right,147,167.36,1.103999999999985,17444.0,1096.0937499999775,0.0,986.0,2140.0,4354.0,brick,0.565,0.565,0.385,0.05
right,148,168.448,1.0720000000000027,19808.0,1605.1136363643388,0.8000000000000114,987.0,2242.0,4366.0,brick,0.6,0.6,0.375,0.025
right,149,169.536,1.1200000000000045,15970.0,1049.8511904761863,0.19999999999998863,995.0,2222.0,4404.0,brick,0.545,0.545,0.365,0.09
right,150,170.704,1.1200000000000045,17889.0,1645.8333333334099,0.4000000000000057,1008.0,2163.0,4323.0,brick,0.57,0.57,0.38,0.05
right,151,171.824,1.0879999999999939,18693.0,1022.1354166667061,0.4000000000000057,1018.0,2216.0,4332.0,brick,0.535,0.535,0.425,0.04
right,152,172.944,1.1200000000000045,18401.0,1244.4444444443063,0.19999999999998863,1023.0,2137.0,4258.0,brick,0.53,0.53,0.425,0.045
right,153,174.064,1.1200000000000045,16501.0,1339.0624999998145,1.8000000000000114,977.0,2092.0,4351.0,brick,0.52,0.52,0.41,0.07
right,154,175.216,1.1200000000000045,18353.0,1898.4375000002092,0.0,990.0,2180.0,4390.0,brick,0.545,0.545,0.41,0.045
right,155,176.352,1.1520000000000152,16228.0,1413.1944444446056,1.6999999999999886,996.0,2283.0,4389.0,brick,0.49,0.49,0.39,0.12
right,156,177.504,1.1200000000000045,15577.0,1421.8749999996362,0.4000000000000057,971.0,2275.0,4402.0,brick,0.55,0.55,0.385,0.065
right,157,178.656,1.0879999999999939,19727.0,2132.8125000002346,2.9000000000000057,991.0,2206.0,4342.0,brick,0.52,0.52,0.435,0.045
right,158,179.776,1.1519999999999868,16219.0,885.7323232324295,2.3000000000000114,980.0,2314.0,4395.0,brick,0.5,0.5,0.395,0.105
right,159,180.912,1.1040000000000134,20172.0,2062.50000000041,0.39999999999997726,993.0,2178.0,4279.0,brick,0.515,0.515,0.44,0.045
right,160,182.032,1.1200000000000045,21488.0,833.3333333334663,1.6999999999999886,993.0,2246.0,4472.0,concrete,0.485,0.44,0.485,0.075
right,161,183.168,1.1040000000000134,19966.0,1996.875000000307,5.0,994.0,2135.0,4336.0,brick,0.55,0.55,0.415,0.035
right,162,184.288,1.1040000000000134,17339.0,1798.4375000002697,14.0,986.0,2214.0,4381.0,brick,0.57,0.57,0.365,0.065
right,163,185.44,1.1359999999999957,20291.0,899.9999999999629,0.8000000000000114,994.0,2173.0,4357.0,brick,0.51,0.51,0.45,0.04
right,164,186.56,1.1359999999999957,16745.0,1429.6875000000534,0.19999999999998863,997.0,2176.0,4280.0,brick,0.53,0.53,0.4,0.07
right,165,187.712,1.0879999999999939,15654.0,2008.333333333155,12.199999999999989,965.0,2196.0,4322.0,brick,0.525,0.525,0.395,0.08
right,166,188.848,1.1199999999999761,15984.0,925.4807692308275,4.400000000000006,969.0,2218.0,4373.0,brick,0.515,0.515,0.415,0.07
right,167,189.984,1.1359999999999957,15496.0,1029.7619047619974,7.0,972.0,2173.0,4341.0,brick,0.515,0.515,0.42,0.065
right,168,191.136,1.1359999999999957,18406.0,1004.4642857143326,0.5,983.0,2101.0,4428.0,brick,0.545,0.545,0.42,0.035
right,169,192.256,1.103999999999985,19133.0,1734.375000000101,0.19999999999998863,978.0,2155.0,4434.0,brick,0.57,0.57,0.4,0.03
right,170,193.376,1.1040000000000134,18205.0,832.1428571428855,8.0,983.0,2181.0,4328.0,brick,0.61,0.61,0.36,0.03
right,171,194.48,1.1040000000000134,17884.0,1039.7727272728225,0.09999999999999432,992.0,2191.0,4345.0,brick,0.6,0.6,0.365,0.035
right,172,195.616,1.0879999999999939,18056.0,1017.8571428571904,1.4000000000000057,1004.0,2161.0,4239.0,brick,0.555,0.555,0.4,0.045
right,173,196.72,1.0879999999999939,19071.0,1026.7857142857174,0.09999999999999432,1008.0,2221.0,4300.0,brick,0.53,0.53,0.43,0.04
right,174,197.824,1.1040000000000134,18473.0,1703.1250000006266,0.19999999999998863,1001.0,2106.0,4484.0,brick,0.56,0.56,0.4,0.04
right,175,198.928,1.1200000000000045,18808.0,952.5240384616202,0.19999999999998863,1005.0,2097.0,4423.0,brick,0.53,0.53,0.43,0.04
right,176,200.064,1.0879999999999939,18291.0,1001.4880952381855,0.19999999999998863,1009.0,2131.0,4333.0,brick,0.54,0.54,0.415,0.045
right,177,201.2,1.0879999999999939,20732.0,1434.3749999998442,1.6999999999999886,973.0,2121.0,4267.0,brick,0.57,0.57,0.4,0.03
right,178,202.32,1.1040000000000134,17970.0,782.8124999999616,2.8000000000000114,947.0,2121.0,4294.0,brick,0.555,0.555,0.405,0.04
right,179,203.392,1.1040000000000134,16587.0,1031.249999999961,0.8000000000000114,999.0,2283.0,4355.0,brick,0.53,0.53,0.38,0.09
right,180,204.544,1.103999999999985,17047.0,661.9047619047678,0.09999999999999432,1006.0,2191.0,4326.0,brick,0.53,0.53,0.385,0.085
right,181,205.68,1.1200000000000045,17975.0,1143.7500000001687,4.300000000000011,992.0,2163.0,4364.0,brick,0.585,0.585,0.375,0.04
right,182,206.816,1.1359999999999957,18248.0,1943.750000000287,0.6999999999999886,990.0,2126.0,4332.0,brick,0.58,0.58,0.38,0.04
right,183,207.936,1.1040000000000134,19195.0,937.5000000002235,0.09999999999999432,997.0,2094.0,4356.0,brick,0.535,0.535,0.425,0.04
right,184,209.072,1.1200000000000045,21129.0,1251.7045454547483,1.8000000000000114,1022.0,2108.0,4271.0,brick,0.545,0.545,0.42,0.035
right,185,210.176,1.0720000000000027,18013.0,2226.5624999996357,0.5,1011.0,2146.0,4385.0,brick,0.57,0.57,0.38,0.05
right,186,211.296,1.1359999999999957,15702.0,946.8749999999236,0.09999999999999432,1029.0,2224.0,4496.0,brick,0.505,0.505,0.415,0.08
right,187,212.432,1.1200000000000045,17573.0,1000.5208333332881,6.199999999999989,1003.0,2234.0,4372.0,brick,0.525,0.525,0.425,0.05
right,188,213.568,1.1200000000000045,16616.0,2112.50000000042,17.19999999999999,1022.0,2206.0,4378.0,brick,0.525,0.525,0.39,0.085
right,189,214.72,1.1200000000000045,16726.0,1656.249999999741,1.9000000000000057,1029.0,2233.0,4416.0,brick,0.53,0.53,0.39,0.08
right,190,215.856,1.0879999999999939,16606.0,1468.7499999999443,0.30000000000001137,985.0,2237.0,4317.0,brick,0.55,0.55,0.375,0.075
right,191,216.96,1.1200000000000045,17477.0,1437.4999999999454,0.30000000000001137,987.0,2215.0,4380.0,brick,0.575,0.575,0.375,0.05
right,192,218.096,1.1200000000000045,16927.0,1671.8750000001842,1.6999999999999886,986.0,2188.0,4404.0,brick,0.545,0.545,0.37,0.085
right,193,219.232,1.1200000000000045,16937.0,1295.7589285715362,0.0,993.0,2166.0,4379.0,brick,0.535,0.535,0.385,0.08
right,194,220.4,1.1359999999999957,14749.0,1635.4166666667434,1.0999999999999943,984.0,2138.0,4421.0,brick,0.555,0.555,0.375,0.07
right,195,221.552,1.1519999999999868,16123.0,1499.9999999997656,0.39999999999997726,974.0,2143.0,4322.0,brick,0.525,0.525,0.37,0.105
right,196,222.72,1.1680000000000064,16903.0,1289.4345238095264,1.1999999999999886,988.0,2118.0,4397.0,brick,0.52,0.52,0.37,0.11
right,197,223.872,1.1999999999999886,16625.0,1103.125000000149,0.4000000000000057,991.0,2140.0,4346.0,brick,0.49,0.49,0.375,0.135
right,198,225.088,1.1839999999999975,17501.0,948.1026785714103,0.0,992.0,2167.0,4399.0,brick,0.51,0.51,0.38,0.11
right,199,226.272,1.0720000000000027,18516.0,1317.187499999679,3.4000000000000057,993.0,2085.0,4234.0,brick,0.56,0.56,0.4,0.04
right,200,227.488,1.200000000000017,12768.0,1083.3333333333824,0.8000000000000114,966.0,1971.0,4390.0,brick,0.525,0.525,0.345,0.13
right,201,228.72,1.4399999999999977,11179.0,671.875000000252,0.5,905.0,2008.0,4528.0,brick,0.475,0.475,0.355,0.17
right,202,230.224,1.4399999999999977,1325.0,432.2916666665716,6.699999999999989,900.0,1831.0,4528.0,concrete,0.46,0.335,0.46,0.205
right,203,234.368,4.399999999999977,3761.0,333.8068181817535,0.19999999999998863,956.0,1945.0,4514.0,concrete,0.47,0.305,0.47,0.225
right,204,236.0,1.2800000000000011,15156.0,631.9444444444205,3.3000000000000114,955.0,2142.0,4386.0,brick,0.505,0.505,0.38,0.115
right,205,237.216,1.1839999999999975,17965.0,1098.9583333333726,1.5,983.0,2168.0,4258.0,brick,0.525,0.525,0.375,0.1
right,206,238.384,1.0560000000000116,22579.0,1182.2916666663627,2.4000000000000057,990.0,2244.0,4456.0,brick,0.545,0.545,0.42,0.035
right,207,239.456,1.0560000000000116,21942.0,1335.9374999999723,0.19999999999998863,1004.0,2264.0,4370.0,brick,0.56,0.56,0.41,0.03
right,208,240.512,1.0560000000000116,22373.0,1945.3125000000614,0.09999999999999432,995.0,2170.0,4363.0,brick,0.54,0.54,0.425,0.035
right,209,241.584,1.0879999999999939,19923.0,1225.0000000002437,0.09999999999999432,985.0,2152.0,4355.0,brick,0.565,0.565,0.405,0.03
right,210,242.704,1.0879999999999939,19248.0,1422.9166666665233,0.09999999999999432,1001.0,2190.0,4315.0,brick,0.555,0.555,0.41,0.035
right,211,243.808,1.0560000000000116,21636.0,2460.9374999991783,16.900000000000006,1008.0,2225.0,4396.0,brick,0.59,0.59,0.38,0.03
right,212,244.88,1.0879999999999939,14323.0,1237.4999999998065,1.8000000000000114,988.0,2139.0,4406.0,brick,0.55,0.55,0.38,0.07
right,213,246.064,1.1199999999999761,20545.0,1793.7500000002792,2.1999999999999886,1000.0,2102.0,4387.0,brick,0.55,0.55,0.415,0.035
right,214,247.152,1.0879999999999939,18918.0,1067.708333333293,1.5999999999999943,1010.0,2132.0,4476.0,brick,0.555,0.555,0.41,0.035
right,215,248.24,1.1200000000000045,18066.0,1265.6250000001394,0.10000000000002274,1023.0,2123.0,4440.0,brick,0.58,0.58,0.385,0.035
right,216,249.408,1.1520000000000152,16195.0,972.9166666665842,0.09999999999999432,997.0,2130.0,4327.0,brick,0.495,0.495,0.38,0.125
right,217,250.592,1.1680000000000064,11797.0,824.999999999982,2.1999999999999886,975.0,2075.0,4378.0,brick,0.51,0.51,0.375,0.115
right,218,251.84,1.2960000000000207,13357.0,1193.7500000002672,0.09999999999999432,965.0,2058.0,4354.0,brick,0.515,0.515,0.37,0.115
right,219,253.296,1.5679999999999836,12854.0,944.196428571312,0.5999999999999943,961.0,1943.0,4580.0,grass,0.45,0.315,0.235,0.45
right,220,255.232,11.408000000000015,3417.0,469.2234848484946,0.10000000000002274,956.0,1825.0,4479.0,concrete,0.44,0.32,0.44,0.24
right,221,266.272,1.0080000000000382,813.0,239.58333333332425,26.0,865.0,1937.0,4404.0,brick,0.515,0.515,0.315,0.17
right,222,267.024,1.0720000000000027,17731.0,875.5681818183245,2.3000000000000114,981.0,2178.0,4411.0,brick,0.595,0.595,0.37,0.035
right,223,268.144,1.0400000000000205,22742.0,1509.3749999998258,5.699999999999989,1016.0,2231.0,4365.0,brick,0.535,0.535,0.43,0.035
right,224,269.2,1.0400000000000205,18162.0,949.1071428572909,0.19999999999998863,1008.0,2207.0,4474.0,brick,0.565,0.565,0.395,0.04
right,225,270.272,1.0880000000000223,19487.0,1121.0937500000264,0.09999999999999432,994.0,2135.0,4396.0,brick,0.575,0.575,0.39,0.035
right,226,271.36,1.0399999999999636,19779.0,1632.812500000572,1.5,1004.0,2167.0,4394.0,brick,0.575,0.575,0.395,0.03
right,227,272.448,1.1200000000000045,18726.0,1682.2916666664225,0.0,1021.0,2128.0,4390.0,brick,0.58,0.58,0.39,0.03
right,228,273.568,1.1359999999999673,19291.0,1637.4999999991624,0.4000000000000057,997.0,2246.0,4414.0,brick,0.54,0.54,0.425,0.035
right,229,274.72,1.1359999999999673,16214.0,1378.125000000115,10.900000000000006,967.0,2229.0,4338.0,brick,0.56,0.56,0.365,0.075
right,230,275.888,1.1200000000000045,18568.0,1506.2499999992294,0.8000000000000114,966.0,2358.0,4536.0,brick,0.61,0.61,0.365,0.025
right,231,277.008,1.1200000000000045,19301.0,1196.8749999994739,3.8000000000000114,974.0,2259.0,4409.0,brick,0.6,0.6,0.375,0.025
right,232,278.144,1.103999999999985,18994.0,1092.261904762025,3.6999999999999886,968.0,2212.0,4409.0,brick,0.565,0.565,0.405,0.03
right,233,279.264,1.103999999999985,18793.0,1206.2500000001955,1.3000000000000114,982.0,2169.0,4409.0,brick,0.58,0.58,0.395,0.025
right,234,280.368,1.103999999999985,19272.0,1000.00000000011,3.6999999999999886,986.0,2157.0,4371.0,brick,0.565,0.565,0.405,0.03
right,235,281.488,1.103999999999985,18588.0,1278.5714285717327,0.4000000000000057,1023.0,2199.0,4364.0,brick,0.555,0.555,0.41,0.035
right,236,282.608,1.1200000000000045,14965.0,1285.9374999998604,0.09999999999999432,1021.0,2222.0,4430.0,brick,0.54,0.54,0.385,0.075
right,237,283.76,1.05600000000004,13462.0,1385.9374999998804,7.699999999999989,1010.0,2178.0,4390.0,brick,0.54,0.54,0.385,0.075
right,238,284.864,1.1520000000000437,16984.0,1786.4583333318224,1.8000000000000114,1022.0,2205.0,4466.0,brick,0.5,0.5,0.37,0.13
right,239,286.016,1.0400000000000205,17506.0,2869.791666667659,5.599999999999994,968.0,2211.0,4386.0,brick,0.57,0.57,0.37,0.06
right,240,287.104,1.1519999999999868,17013.0,1285.416666666772,1.5999999999999943,1045.0,2275.0,4501.0,brick,0.49,0.49,0.385,0.125
right,241,288.224,1.1359999999999673,16482.0,1229.166666666435,4.199999999999989,1055.0,2222.0,4393.0,brick,0.53,0.53,0.395,0.075
right,242,289.36,1.0559999999999832,17496.0,1531.2499999999418,1.5999999999999943,1024.0,2183.0,4343.0,brick,0.545,0.545,0.395,0.06
right,243,290.448,1.1200000000000045,17444.0,1979.1666666663418,0.0,1024.0,2202.0,4389.0,brick,0.54,0.54,0.4,0.06
right,244,291.552,1.1040000000000418,17262.0,580.3571428576979,0.10000000000002274,1030.0,2240.0,4357.0,brick,0.525,0.525,0.41,0.065
right,245,292.672,1.1200000000000045,16582.0,937.5000000004086,5.800000000000011,1029.0,2109.0,4293.0,brick,0.515,0.515,0.405,0.08
right,246,293.824,1.0879999999999654,13428.0,1424.4791666663282,0.5999999999999943,1039.0,2147.0,4301.0,brick,0.54,0.54,0.385,0.075
right,247,294.944,1.103999999999985,16185.0,736.1111111110832,10.400000000000006,1052.0,2151.0,4370.0,brick,0.535,0.535,0.375,0.09
right,248,296.064,1.1200000000000045,15673.0,1225.0000000002437,0.30000000000001137,1050.0,2168.0,4495.0,brick,0.535,0.535,0.385,0.08
right,249,297.2,1.1199999999999477,14807.0,1027.3437499998668,0.19999999999998863,1040.0,2191.0,4395.0,brick,0.47,0.47,0.445,0.085
right,250,298.352,1.136000000000024,16075.0,1296.8749999995957,7.699999999999989,1022.0,2256.0,4448.0,brick,0.535,0.535,0.39,0.075
right,251,299.488,1.136000000000024,15955.0,1315.1041666670656,3.0,1032.0,2241.0,4421.0,brick,0.525,0.525,0.4,0.075
right,252,300.656,1.1199999999999477,17315.0,1350.0000000002685,0.6999999999999886,1027.0,2153.0,4396.0,brick,0.545,0.545,0.395,0.06
right,253,301.808,1.1680000000000064,16032.0,1241.666666666778,2.9000000000000057,998.0,2231.0,4409.0,brick,0.48,0.48,0.395,0.125
right,254,302.976,1.1680000000000064,16032.0,894.5312500000222,3.6999999999999886,1010.0,2236.0,4405.0,brick,0.475,0.475,0.4,0.125
right,255,304.144,1.1200000000000045,16884.0,1057.2916666666265,0.19999999999998863,1008.0,2252.0,4400.0,brick,0.51,0.51,0.415,0.075
right,256,305.296,1.1200000000000045,17228.0,1197.6562500001965,0.19999999999998863,989.0,2214.0,4335.0,brick,0.555,0.555,0.38,0.065
right,257,306.448,1.1520000000000437,17640.0,840.8088235290517,0.19999999999998863,1016.0,2245.0,4432.0,brick,0.49,0.49,0.4,0.11
right,258,307.584,1.136000000000024,16434.0,824.4047619046423,0.09999999999999432,1029.0,2211.0,4445.0,brick,0.5,0.5,0.42,0.08
right,259,308.752,1.1200000000000045,14438.0,1634.3750000006416,1.0999999999999943,1014.0,2179.0,4374.0,brick,0.525,0.525,0.395,0.08
right,260,309.904,1.1200000000000045,15687.0,1112.499999999855,2.8000000000000114,999.0,2205.0,4349.0,concrete,0.55,0.37,0.55,0.08
right,261,311.024,1.1200000000000045,14946.0,960.9375000003383,0.19999999999998863,975.0,2212.0,4442.0,brick,0.565,0.565,0.36,0.075
right,262,312.176,1.1519999999999868,16994.0,1718.749999999935,1.0,982.0,2201.0,4447.0,brick,0.495,0.495,0.355,0.15
right,263,313.36,1.184000000000026,14769.0,974.3303571432556,0.09999999999999432,979.0,2191.0,4395.0,brick,0.5,0.5,0.385,0.115
right,264,314.544,1.184000000000026,19095.0,898.5576923077875,0.30000000000001137,993.0,2261.0,4448.0,brick,0.47,0.47,0.43,0.1
right,265,315.744,1.1359999999999673,19995.0,1418.7500000002824,0.09999999999999432,982.0,2204.0,4389.0,brick,0.55,0.55,0.42,0.03
right,266,316.864,1.0720000000000027,19018.0,1053.6458333329706,0.09999999999999432,976.0,2232.0,4364.0,brick,0.575,0.575,0.4,0.025
right,267,317.968,1.1520000000000437,16611.0,885.4166666666331,3.5,973.0,2226.0,4407.0,brick,0.515,0.515,0.375,0.11
right,268,319.12,1.136000000000024,17530.0,1153.125000000192,4.300000000000011,1002.0,2230.0,4363.0,brick,0.53,0.53,0.41,0.06
right,269,320.304,1.1520000000000437,14759.0,1168.7499999995352,0.0,1002.0,2294.0,4468.0,brick,0.505,0.505,0.375,0.12
right,270,321.472,1.1200000000000045,18669.0,1731.7708333336886,1.5999999999999943,1003.0,2218.0,4392.0,brick,0.56,0.56,0.405,0.035
right,271,322.592,1.1200000000000045,18612.0,1174.999999999482,0.30000000000001137,1004.0,2246.0,4447.0,brick,0.55,0.55,0.415,0.035
right,272,323.728,1.1199999999999477,17616.0,1227.6785714284442,5.400000000000006,1016.0,2219.0,4362.0,brick,0.545,0.545,0.4,0.055
right,273,324.864,1.136000000000024,17276.0,911.4583333332988,5.099999999999994,986.0,2258.0,4475.0,brick,0.565,0.565,0.375,0.06
right,274,326.0,1.1040000000000418,15984.0,985.2430555553262,2.5999999999999943,987.0,2283.0,4432.0,brick,0.54,0.54,0.385,0.075
right,275,327.136,1.1040000000000418,17496.0,1082.8125000001814,7.800000000000011,983.0,2200.0,4359.0,brick,0.575,0.575,0.37,0.055
right,276,328.256,1.0880000000000223,19396.0,1200.89285714238,0.8000000000000114,990.0,2209.0,4363.0,brick,0.6,0.6,0.37,0.03
right,277,329.36,1.1040000000000418,17444.0,916.6666666665931,8.300000000000011,1005.0,2214.0,4482.0,brick,0.575,0.575,0.36,0.065
right,278,330.48,1.1040000000000418,16870.0,1600.000000000607,1.4000000000000057,1005.0,2205.0,4534.0,brick,0.56,0.56,0.345,0.095
right,279,331.584,1.1040000000000418,17922.0,1038.5416666667634,1.8000000000000114,996.0,2258.0,4412.0,brick,0.595,0.595,0.365,0.04
right,280,332.704,1.103999999999985,17444.0,1225.0000000000957,1.4000000000000057,1003.0,2238.0,4406.0,brick,0.545,0.545,0.4,0.055
right,281,333.856,1.136000000000024,17080.0,753.472222222234,6.5,988.0,2226.0,4340.0,brick,0.55,0.55,0.38,0.07
right,282,334.96,1.0880000000000223,17248.0,662.109374999827,2.8000000000000114,1002.0,2240.0,4424.0,brick,0.545,0.545,0.385,0.07
right,283,336.08,1.103999999999985,18860.0,1120.5357142855933,9.099999999999994,981.0,2221.0,4405.0,brick,0.605,0.605,0.37,0.025
right,284,337.184,1.0879999999999654,15534.0,1013.3928571432884,3.1000000000000227,1013.0,2271.0,4391.0,brick,0.525,0.525,0.39,0.085
right,285,338.304,1.0879999999999654,16333.0,554.9450549449634,0.39999999999997726,1026.0,2230.0,4419.0,brick,0.52,0.52,0.38,0.1
right,286,339.408,1.0880000000000223,16123.0,1243.3035714291473,3.8000000000000114,988.0,2198.0,4444.0,brick,0.585,0.585,0.33,0.085
right,287,340.512,1.1200000000000045,16855.0,586.9791666667577,0.0,1005.0,2213.0,4317.0,brick,0.515,0.515,0.4,0.085
right,288,341.664,1.1200000000000045,16104.0,1042.9687499997262,3.0,1011.0,2208.0,4396.0,brick,0.515,0.515,0.4,0.085
right,289,342.768,1.05600000000004,17396.0,966.66666666634,0.8000000000000114,1001.0,2238.0,4376.0,brick,0.545,0.545,0.385,0.07
right,290,343.872,1.136000000000024,17884.0,1137.4999999996105,7.5,989.0,2296.0,4363.0,brick,0.605,0.605,0.36,0.035
right,291,345.024,1.1200000000000045,16994.0,1812.4999999993947,0.5999999999999943,991.0,2283.0,4437.0,brick,0.56,0.56,0.345,0.095
right,292,346.144,1.1200000000000045,16113.0,864.2045454546792,1.0,986.0,2299.0,4502.0,brick,0.54,0.54,0.385,0.075
right,293,347.296,1.1359999999999673,15506.0,889.5833333334313,4.399999999999977,984.0,2235.0,4389.0,brick,0.54,0.54,0.395,0.065
right,294,348.464,1.1200000000000045,16721.0,951.4508928570833,4.099999999999994,1024.0,2282.0,4413.0,brick,0.52,0.52,0.395,0.085
right,295,349.584,1.1679999999999495,15860.0,795.1388888888588,3.3000000000000114,1030.0,2365.0,4513.0,brick,0.47,0.47,0.39,0.14
right,296,350.752,1.1519999999999868,16252.0,879.8701298701912,2.5,1006.0,2274.0,4471.0,brick,0.49,0.49,0.38,0.13
right,297,351.936,1.136000000000024,15845.0,896.5773809524935,6.300000000000011,997.0,2274.0,4472.0,brick,0.51,0.51,0.41,0.08
right,298,353.104,1.1520000000000437,16879.0,1007.9545454541834,12.199999999999989,1015.0,2259.0,4434.0,brick,0.49,0.49,0.38,0.13
right,299,354.272,1.1519999999999868,15166.0,1230.468749999589,10.300000000000011,1028.0,2279.0,4447.0,brick,0.49,0.49,0.385,0.125
right,300,355.424,1.1200000000000045,14749.0,1089.0624999996896,0.19999999999998863,1033.0,2255.0,4550.0,brick,0.525,0.525,0.39,0.085
right,301,356.56,1.1359999999999673,18061.0,968.7499999999633,5.199999999999989,1026.0,2253.0,4393.0,brick,0.55,0.55,0.405,0.045
right,302,357.712,1.1359999999999673,15692.0,755.2083333333718,0.0,1035.0,2312.0,4489.0,brick,0.535,0.535,0.395,0.07
right,303,358.88,1.1519999999999868,15348.0,1111.607142857013,0.09999999999999432,1026.0,2261.0,4515.0,brick,0.48,0.48,0.395,0.125
right,304,360.048,1.1519999999999868,17611.0,1368.7500000002724,6.300000000000011,1029.0,2224.0,4390.0,brick,0.5,0.5,0.375,0.125
right,305,361.2,1.1680000000000064,16061.0,1374.99999999918,8.900000000000006,1028.0,2178.0,4396.0,brick,0.485,0.485,0.39,0.125
right,306,362.352,1.1200000000000045,15936.0,580.7629870128528,2.8000000000000114,981.0,2188.0,4392.0,brick,0.535,0.535,0.39,0.075
right,307,363.536,1.1200000000000045,16453.0,1359.3749999996942,8.699999999999989,986.0,2217.0,4307.0,brick,0.57,0.57,0.35,0.08
right,308,364.656,1.1359999999999673,16286.0,1361.979166667036,2.6999999999999886,997.0,2229.0,4406.0,brick,0.54,0.54,0.38,0.08
right,309,365.824,1.1680000000000064,15596.0,753.1250000001055,4.600000000000023,991.0,2285.0,4493.0,brick,0.49,0.49,0.385,0.125
right,310,367.008,1.1520000000000437,16673.0,1068.0803571425656,0.19999999999998863,975.0,2291.0,4495.0,brick,0.495,0.495,0.395,0.11
right,311,368.192,1.1519999999999868,15247.0,906.2500000002723,20.19999999999999,978.0,2330.0,4438.0,brick,0.45,0.45,0.435,0.115
right,312,369.36,1.1680000000000064,14898.0,921.875000000002,9.899999999999977,983.0,2259.0,4418.0,brick,0.52,0.52,0.36,0.12
right,313,370.528,1.1200000000000045,16822.0,1078.124999999959,5.0,1000.0,2240.0,4491.0,brick,0.52,0.52,0.37,0.11
right,314,371.68,1.1519999999999868,15032.0,785.7142857144563,6.199999999999989,999.0,2387.0,4565.0,brick,0.485,0.485,0.385,0.13
right,315,372.8,1.136000000000024,15467.0,516.6666666666471,9.300000000000011,1013.0,2298.0,4455.0,brick,0.535,0.535,0.385,0.08
right,316,373.968,1.1200000000000045,15893.0,833.8068181818207,1.4000000000000057,1017.0,2263.0,4473.0,brick,0.52,0.52,0.4,0.08
right,317,375.104,1.1200000000000045,16592.0,1046.8749999999604,4.800000000000011,1000.0,2217.0,4451.0,brick,0.525,0.525,0.385,0.09
right,318,376.24,1.1359999999999673,17741.0,924.4791666666317,21.600000000000023,969.0,2210.0,4328.0,brick,0.62,0.62,0.355,0.025
right,319,377.392,1.1359999999999673,15998.0,1140.6249999997485,0.19999999999998863,1000.0,2318.0,4566.0,brick,0.5,0.5,0.425,0.075
right,320,378.528,1.1200000000000045,16046.0,634.3750000000448,12.0,1045.0,2214.0,4414.0,brick,0.545,0.545,0.38,0.075
right,321,379.664,1.103999999999985,16927.0,628.6931818181529,4.599999999999994,1053.0,2196.0,4534.0,brick,0.53,0.53,0.395,0.075
right,322,380.8,1.1200000000000045,15702.0,1070.83333333346,11.0,1025.0,2191.0,4346.0,brick,0.515,0.515,0.4,0.085
right,323,381.936,1.136000000000024,17219.0,1215.6249999999172,3.3000000000000114,1029.0,2241.0,4481.0,brick,0.535,0.535,0.4,0.065
right,324,383.088,1.1520000000000437,17745.0,775.9232954546164,6.300000000000011,1027.0,2200.0,4370.0,brick,0.495,0.495,0.405,0.1
right,325,384.256,1.1200000000000045,16142.0,719.3813131312124,2.6999999999999886,984.0,2207.0,4423.0,brick,0.535,0.535,0.4,0.065
right,326,385.376,1.103999999999985,15482.0,1160.9374999995268,5.0,983.0,2308.0,4471.0,brick,0.565,0.565,0.36,0.075
right,327,386.496,1.1200000000000045,17688.0,860.4166666665982,11.699999999999989,985.0,2184.0,4355.0,brick,0.585,0.585,0.38,0.035
right,328,387.632,1.103999999999985,15281.0,1049.2187500001771,2.6999999999999886,986.0,2212.0,4359.0,brick,0.55,0.55,0.38,0.07
right,329,388.752,1.103999999999985,15994.0,845.1704545454547,0.8000000000000114,992.0,2209.0,4424.0,brick,0.535,0.535,0.385,0.08
right,330,389.872,1.103999999999985,17812.0,1195.312500000437,0.4000000000000057,982.0,2177.0,4394.0,brick,0.595,0.595,0.375,0.03
right,331,390.992,1.103999999999985,16975.0,794.6428571426926,7.699999999999989,967.0,2182.0,4432.0,brick,0.555,0.555,0.365,0.08
right,332,392.128,1.103999999999985,17741.0,1017.0454545453351,0.6999999999999886,965.0,2282.0,4383.0,brick,0.58,0.58,0.385,0.035
right,333,393.248,1.103999999999985,18305.0,1408.333333333453,3.8000000000000114,981.0,2272.0,4495.0,brick,0.605,0.605,0.365,0.03
right,334,394.336,1.103999999999985,17798.0,877.8409090910309,2.5,990.0,2279.0,4440.0,brick,0.595,0.595,0.37,0.035
right,335,395.472,1.103999999999985,17061.0,1062.4999999999598,10.199999999999989,980.0,2202.0,4437.0,brick,0.555,0.555,0.38,0.065
right,336,396.608,1.1359999999999673,21134.0,1312.500000000261,0.4000000000000057,986.0,2289.0,4566.0,brick,0.53,0.53,0.435,0.035
right,337,397.744,1.1359999999999673,18090.0,885.4166666670463,1.3000000000000114,982.0,2279.0,4530.0,brick,0.58,0.58,0.39,0.03
right,338,398.912,1.1200000000000045,16616.0,1289.0625000002424,1.8000000000000114,979.0,2370.0,4517.0,brick,0.565,0.565,0.36,0.075
right,339,400.032,1.1359999999999673,16688.0,987.499999999184,4.900000000000006,974.0,2190.0,4424.0,brick,0.535,0.535,0.395,0.07
right,340,401.184,1.103999999999985,19262.0,875.744047619447,1.6000000000000227,968.0,2257.0,4483.0,brick,0.56,0.56,0.405,0.035
right,341,402.32,1.0879999999999654,18578.0,729.2763157895558,0.10000000000002274,979.0,2275.0,4434.0,brick,0.61,0.61,0.365,0.025
right,342,403.504,1.1999999999999886,16348.0,939.0625000001332,0.0,963.0,2282.0,4437.0,brick,0.505,0.505,0.375,0.12
right,343,404.656,1.1200000000000045,15300.0,840.1041666667593,0.30000000000001137,968.0,2232.0,4469.0,brick,0.55,0.55,0.38,0.07
right,344,405.84,1.2160000000000082,14682.0,1246.8750000000964,0.6999999999999886,1008.0,2312.0,4517.0,brick,0.495,0.495,0.36,0.145
right,345,407.024,1.184000000000026,15735.0,1291.0714285714987,0.09999999999999432,1035.0,2270.0,4626.0,brick,0.485,0.485,0.37,0.145
right,346,408.208,1.1200000000000045,17879.0,1056.2500000012094,0.0,1038.0,2215.0,4436.0,brick,0.52,0.52,0.43,0.05
left,1,2.848,1.2959999999999998,13285.0,1187.4999999999989,0.8999999999999773,898.0,2113.0,4373.0,brick,0.455,0.455,0.25,0.295
left,2,4.128,1.1999999999999997,20813.0,931.2499999999991,18.0,969.0,2122.0,4353.0,brick,0.51,0.51,0.365,0.125
left,3,5.296,1.1520000000000001,18095.0,768.7499999999993,27.399999999999977,991.0,2114.0,4338.0,brick,0.395,0.395,0.37,0.235
left,4,6.432,1.1360000000000001,19885.0,348.9583333333355,4.800000000000011,952.0,2117.0,4334.0,brick,0.57,0.57,0.37,0.06
left,5,7.6,1.2480000000000002,18679.0,1099.999999999999,27.5,996.0,2126.0,4355.0,concrete,0.475,0.405,0.475,0.12
left,6,8.896,1.2799999999999994,18372.0,708.5937499999998,16.30000000000001,995.0,2161.0,4381.0,concrete,0.42,0.36,0.42,0.22
left,7,10.208,1.200000000000001,19913.0,630.2083333333327,14.100000000000023,972.0,2125.0,4393.0,concrete,0.44,0.435,0.44,0.125
left,8,11.408,1.1999999999999993,20803.0,880.2083333333326,20.80000000000001,948.0,2170.0,4366.0,brick,0.48,0.48,0.405,0.115
left,9,12.608,1.1519999999999992,20334.0,1331.2499999999986,1.3000000000000114,897.0,2133.0,4404.0,brick,0.46,0.46,0.43,0.11
left,10,13.744,1.040000000000001,22182.0,778.1249999999993,27.0,943.0,2123.0,4428.0,brick,0.58,0.58,0.36,0.06
left,11,14.816,1.0879999999999992,21019.0,1781.2499999999984,28.100000000000023,943.0,2136.0,4380.0,brick,0.505,0.505,0.425,0.07
left,12,15.888,1.0559999999999992,22388.0,1962.4999999999982,15.0,991.0,2152.0,4355.0,brick,0.465,0.465,0.465,0.07
left,13,16.96,1.056000000000001,23766.0,1059.3749999999827,17.0,1011.0,2137.0,4435.0,concrete,0.48,0.44,0.48,0.08
left,14,18.032,1.024000000000001,24579.0,1078.1250000000164,23.600000000000023,971.0,2149.0,4418.0,concrete,0.465,0.435,0.465,0.1
left,15,19.12,1.1040000000000028,21392.0,1729.166666666773,9.899999999999977,990.0,2135.0,4394.0,brick,0.47,0.47,0.46,0.07
left,16,20.192,1.056000000000001,23148.0,1031.2500000000164,4.5,996.0,2160.0,4378.0,concrete,0.485,0.445,0.485,0.07
left,17,21.296,1.152000000000001,20607.0,925.000000000042,14.800000000000011,972.0,2147.0,4411.0,concrete,0.415,0.41,0.415,0.175
left,18,22.4,1.0559999999999974,20928.0,359.375000000001,8.600000000000023,1002.0,2156.0,4414.0,concrete,0.485,0.43,0.485,0.085
left,19,23.504,1.0719999999999992,21684.0,956.2499999999502,19.100000000000023,1013.0,2158.0,4397.0,concrete,0.48,0.435,0.48,0.085
left,20,24.608,1.0720000000000027,20780.0,1015.6249999999749,8.899999999999977,982.0,2140.0,4352.0,brick,0.465,0.465,0.445,0.09
left,21,25.712,1.056000000000001,20885.0,1723.9583333332916,3.6000000000000227,974.0,2157.0,4409.0,brick,0.485,0.485,0.44,0.075
left,22,26.8,1.120000000000001,21564.0,634.114583333337,8.800000000000011,991.0,2123.0,4375.0,brick,0.465,0.465,0.465,0.07
left,23,27.872,1.0239999999999974,22871.0,865.9722222222034,22.100000000000023,1016.0,2150.0,4399.0,brick,0.54,0.54,0.385,0.075
left,24,28.96,1.088000000000001,22991.0,962.4999999999997,7.199999999999989,1020.0,2136.0,4490.0,concrete,0.48,0.425,0.48,0.095
left,25,30.048,1.0719999999999992,21138.0,406.24999999998226,31.100000000000023,984.0,2121.0,4408.0,brick,0.485,0.485,0.455,0.06
left,26,31.12,1.0719999999999992,22641.0,806.2500000000144,2.0,1032.0,2143.0,4538.0,concrete,0.475,0.435,0.475,0.09
left,27,32.208,1.0719999999999956,21454.0,1475.0000000000314,33.39999999999998,1043.0,2155.0,4447.0,concrete,0.475,0.45,0.475,0.075
left,28,33.28,1.0399999999999991,21765.0,1687.4999999999984,18.69999999999999,1041.0,2138.0,4521.0,concrete,0.475,0.415,0.475,0.11
left,29,34.368,1.088000000000001,21880.0,1274.9999999997722,7.899999999999977,1058.0,2136.0,4560.0,concrete,0.48,0.43,0.48,0.09
left,30,35.456,1.088000000000001,19191.0,860.0961538461121,35.30000000000001,1041.0,2149.0,4615.0,concrete,0.485,0.435,0.485,0.08
left,31,36.56,1.088000000000001,20133.0,981.2499999999321,9.699999999999989,1033.0,2145.0,4473.0,brick,0.46,0.46,0.455,0.085
left,32,37.68,1.1200000000000045,21071.0,1002.6041666666773,1.3000000000000114,1043.0,2163.0,4431.0,concrete,0.47,0.445,0.47,0.085
left,33,38.768,1.024000000000001,23785.0,962.5000000000427,20.19999999999999,1042.0,2157.0,4464.0,concrete,0.495,0.435,0.495,0.07
left,34,39.888,1.1199999999999974,21383.0,1007.8125000000034,25.19999999999999,1014.0,2144.0,4392.0,concrete,0.48,0.42,0.48,0.1
left,35,40.992,1.1359999999999957,14970.0,971.7261904761618,93.30000000000001,1015.0,2178.0,4530.0,brick,0.52,0.52,0.265,0.215
left,36,42.08,1.0559999999999974,16410.0,491.31944444445776,12.699999999999989,1022.0,2148.0,4681.0,brick,0.49,0.49,0.325,0.185
left,37,43.184,1.088000000000001,22287.0,1562.499999999924,4.699999999999989,1027.0,2164.0,4416.0,concrete,0.465,0.46,0.465,0.075
left,38,44.288,1.1039999999999992,21033.0,1971.0937499999436,30.5,1001.0,2152.0,4445.0,brick,0.47,0.47,0.465,0.065
left,39,45.424,1.024000000000001,21832.0,816.4062500000305,15.899999999999977,1007.0,2177.0,4410.0,concrete,0.49,0.44,0.49,0.07
left,40,46.528,1.1839999999999975,20622.0,848.958333333364,2.8999999999999773,1006.0,2188.0,4441.0,concrete,0.485,0.39,0.485,0.125
left,41,47.664,1.1360000000000028,14122.0,424.85119047619077,17.0,1030.0,2188.0,4449.0,brick,0.45,0.45,0.415,0.135
left,42,48.864,1.1039999999999992,19104.0,1487.4999999998995,13.300000000000011,998.0,2204.0,4406.0,brick,0.475,0.475,0.45,0.075
left,43,49.952,1.0559999999999974,22210.0,1815.624999999991,14.399999999999977,992.0,2161.0,4396.0,brick,0.54,0.54,0.395,0.065
left,44,51.056,1.1200000000000045,22483.0,976.562500000013,20.600000000000023,995.0,2205.0,4411.0,concrete,0.475,0.435,0.475,0.09
left,45,52.176,1.0559999999999974,20976.0,1179.6874999999468,27.30000000000001,983.0,2209.0,4495.0,brick,0.48,0.48,0.455,0.065
left,46,53.264,1.088000000000001,22100.0,940.8482142857162,21.0,971.0,2205.0,4430.0,brick,0.455,0.455,0.425,0.12
left,47,54.352,1.1039999999999992,22105.0,1512.499999999898,13.600000000000023,1025.0,2175.0,4418.0,brick,0.455,0.455,0.455,0.09
left,48,55.472,1.0719999999999956,21234.0,1920.0487012986712,2.0,995.0,2187.0,4436.0,concrete,0.465,0.45,0.465,0.085
left,49,56.56,1.0559999999999974,21804.0,1462.4999999999013,30.100000000000023,1016.0,2198.0,4469.0,brick,0.52,0.52,0.42,0.06
left,50,57.632,1.152000000000001,20765.0,787.4999999999427,24.80000000000001,928.0,2200.0,4441.0,brick,0.45,0.45,0.44,0.11
left,51,58.752,1.0720000000000027,20559.0,945.3124999999991,34.60000000000002,1025.0,2177.0,4449.0,concrete,0.48,0.455,0.48,0.065
left,52,59.856,1.1200000000000045,22407.0,726.5625000000231,32.39999999999998,1024.0,2182.0,4517.0,concrete,0.48,0.44,0.48,0.08
left,53,60.96,0.9919999999999973,22512.0,1125.0000000000232,26.5,925.0,2194.0,4448.0,brick,0.6,0.6,0.355,0.045
left,54,62.048,1.1679999999999993,21521.0,789.0624999999727,18.69999999999999,1015.0,2176.0,4406.0,concrete,0.48,0.405,0.48,0.115
left,55,63.152,1.0720000000000027,22813.0,937.5000000000033,9.199999999999989,959.0,2222.0,4494.0,brick,0.585,0.585,0.35,0.065
left,56,64.272,1.1359999999999957,15908.0,723.9583333332642,24.0,983.0,2203.0,4456.0,brick,0.485,0.485,0.405,0.11
left,57,65.392,1.0079999999999956,21363.0,2050.781250000096,0.5,958.0,2212.0,4507.0,brick,0.57,0.57,0.36,0.07
left,58,66.48,1.1839999999999975,20129.0,1141.9270833333176,3.3999999999999773,986.0,2195.0,4450.0,brick,0.44,0.44,0.435,0.125
left,59,67.648,1.0719999999999885,21488.0,890.6250000000286,20.69999999999999,1001.0,2200.0,4543.0,concrete,0.48,0.435,0.48,0.085
left,60,68.752,1.0720000000000027,22622.0,832.8125000000084,17.899999999999977,1005.0,2198.0,4451.0,concrete,0.48,0.45,0.48,0.07
left,61,69.856,1.1200000000000045,20866.0,734.3749999999305,25.399999999999977,995.0,2184.0,4453.0,concrete,0.47,0.445,0.47,0.085
left,62,70.976,1.0720000000000027,21737.0,1799.0056818180683,8.100000000000023,978.0,2187.0,4521.0,brick,0.485,0.485,0.445,0.07
left,63,72.064,1.088000000000008,20598.0,1161.079545454512,15.600000000000023,955.0,2212.0,4482.0,brick,0.48,0.48,0.44,0.08
left,64,73.184,1.088000000000008,21196.0,869.7916666666595,1.3000000000000114,946.0,2199.0,4487.0,brick,0.48,0.48,0.45,0.07
left,65,74.288,1.088000000000008,21119.0,982.1428571428831,34.19999999999999,994.0,2203.0,4487.0,concrete,0.47,0.46,0.47,0.07
left,66,75.408,1.088000000000008,19626.0,1093.7500000000234,21.100000000000023,1006.0,2218.0,4501.0,brick,0.52,0.52,0.38,0.1
left,67,76.512,1.13600000000001,20961.0,890.6250000000286,17.30000000000001,984.0,2210.0,4472.0,brick,0.54,0.54,0.35,0.11
left,68,77.648,1.1200000000000045,19621.0,486.97916666664963,22.600000000000023,994.0,2198.0,4470.0,brick,0.485,0.485,0.445,0.07
left,69,78.752,1.0879999999999939,20449.0,1271.8749999999668,19.19999999999999,970.0,2226.0,4492.0,brick,0.5,0.5,0.425,0.075
left,70,79.856,1.1359999999999957,19315.0,787.4999999999468,5.699999999999989,1041.0,2195.0,4509.0,concrete,0.475,0.435,0.475,0.09
left,71,81.008,1.1039999999999992,21785.0,951.0416666666724,9.899999999999977,1041.0,2202.0,4535.0,concrete,0.48,0.425,0.48,0.095
left,72,82.144,1.0559999999999974,22081.0,737.5000000000135,12.199999999999989,1025.0,2194.0,4432.0,concrete,0.485,0.46,0.485,0.055
left,73,83.28,1.1359999999999957,21000.0,1132.8125000001248,14.399999999999977,984.0,2194.0,4472.0,brick,0.47,0.47,0.465,0.065
left,74,84.432,1.152000000000001,21598.0,447.9166666666719,23.5,1044.0,2176.0,4535.0,concrete,0.51,0.415,0.51,0.075
left,75,85.552,1.1359999999999957,20756.0,931.9196428572424,29.0,1050.0,2209.0,4502.0,concrete,0.48,0.45,0.48,0.07
left,76,86.672,1.1200000000000045,22215.0,387.0192307692309,21.100000000000023,967.0,2200.0,4499.0,brick,0.485,0.485,0.435,0.08
left,77,87.824,1.152000000000001,20823.0,760.416666666661,23.80000000000001,970.0,2208.0,4555.0,concrete,0.455,0.45,0.455,0.095
left,78,88.944,1.1200000000000045,19564.0,808.3333333333456,23.69999999999999,908.0,2222.0,4476.0,brick,0.6,0.6,0.34,0.06
left,79,90.08,1.039999999999992,20990.0,1337.4999999998508,8.199999999999989,947.0,2213.0,4526.0,brick,0.585,0.585,0.35,0.065
left,80,91.232,1.1200000000000045,21344.0,1462.5000000000312,15.399999999999977,970.0,2215.0,4477.0,brick,0.485,0.485,0.43,0.085
left,81,92.416,1.2160000000000082,19210.0,1184.3749999998754,36.10000000000002,972.0,2246.0,4483.0,concrete,0.425,0.42,0.425,0.155
left,82,93.552,1.1039999999999992,19621.0,1046.006944444553,22.19999999999999,950.0,2211.0,4461.0,brick,0.51,0.51,0.42,0.07
left,83,94.704,1.152000000000001,22852.0,1003.1250000000589,10.399999999999977,973.0,2189.0,4509.0,concrete,0.445,0.39,0.445,0.165
left,84,95.856,1.1200000000000045,20693.0,878.1249999998433,6.0,957.0,2225.0,4539.0,brick,0.49,0.49,0.435,0.075
left,85,97.024,1.2319999999999993,17717.0,1016.4062500000175,23.399999999999977,954.0,2232.0,4487.0,brick,0.47,0.47,0.375,0.155
left,86,98.208,1.088000000000008,19626.0,364.58333333332547,17.100000000000023,975.0,2233.0,4496.0,brick,0.56,0.56,0.39,0.05
left,87,99.312,1.088000000000008,20713.0,843.7500000001013,28.0,982.0,2222.0,4516.0,brick,0.51,0.51,0.44,0.05
left,88,100.448,1.1839999999999975,18119.0,680.2083333333056,0.10000000000002274,1020.0,2232.0,4514.0,brick,0.42,0.42,0.415,0.165
left,89,101.6,1.0559999999999974,20119.0,749.9999999999438,13.199999999999989,1004.0,2219.0,4504.0,brick,0.56,0.56,0.365,0.075
left,90,102.768,1.152000000000001,21952.0,901.0416666667805,22.69999999999999,1074.0,2217.0,4499.0,concrete,0.475,0.42,0.475,0.105
left,91,103.872,1.0879999999999939,21421.0,993.7499999998113,12.100000000000023,1078.0,2218.0,4555.0,brick,0.475,0.475,0.45,0.075
left,92,104.992,1.0720000000000027,23115.0,834.3750000000302,32.39999999999998,952.0,2210.0,4529.0,brick,0.575,0.575,0.345,0.08
left,93,106.096,1.088000000000008,22402.0,776.5625000000157,11.899999999999977,1021.0,2176.0,4494.0,brick,0.595,0.595,0.335,0.07
left,94,107.2,1.152000000000001,22048.0,985.4910714286664,39.0,993.0,2216.0,4445.0,concrete,0.475,0.455,0.475,0.07
left,95,108.288,1.0559999999999974,21397.0,953.1250000000384,15.199999999999989,1030.0,2181.0,4537.0,brick,0.485,0.485,0.46,0.055
left,96,109.408,1.1839999999999975,18875.0,561.4346590909079,24.0,999.0,2231.0,4502.0,concrete,0.46,0.455,0.46,0.085
left,97,110.544,1.024000000000001,20799.0,360.367063492062,23.19999999999999,1010.0,2222.0,4450.0,brick,0.625,0.625,0.33,0.045
left,98,111.68,1.1679999999999922,20622.0,607.6388888889186,30.19999999999999,975.0,2261.0,4478.0,brick,0.505,0.505,0.43,0.065
left,99,112.816,1.0559999999999974,21866.0,1003.1250000000366,2.5,996.0,2231.0,4461.0,brick,0.605,0.605,0.35,0.045
left,100,113.952,1.152000000000001,20923.0,1743.750000000013,31.30000000000001,909.0,2205.0,4481.0,brick,0.475,0.475,0.44,0.085
left,101,115.04,1.088000000000008,21588.0,890.6250000000343,7.699999999999989,1015.0,2204.0,4493.0,brick,0.56,0.56,0.37,0.07
left,102,116.176,1.1199999999999903,22201.0,1203.1250000002296,6.600000000000023,1049.0,2233.0,4520.0,brick,0.5,0.5,0.45,0.05
left,103,117.312,1.024000000000001,25197.0,817.7083333333485,33.30000000000001,1058.0,2220.0,4551.0,concrete,0.485,0.445,0.485,0.07
left,104,118.368,1.1200000000000045,22852.0,776.0416666666512,23.100000000000023,965.0,2254.0,4538.0,brick,0.6,0.6,0.35,0.05
left,105,119.472,1.039999999999992,20856.0,810.0961538461706,5.800000000000011,978.0,2218.0,4530.0,brick,0.585,0.585,0.345,0.07
left,106,120.576,1.152000000000001,20957.0,1578.124999999577,26.69999999999999,951.0,2213.0,4489.0,brick,0.55,0.55,0.37,0.08
left,107,121.712,1.13600000000001,21679.0,1079.68749999997,3.8999999999999773,1018.0,2238.0,4522.0,brick,0.465,0.465,0.455,0.08
left,108,122.864,1.1039999999999992,21182.0,489.583333333358,13.399999999999977,990.0,2263.0,4565.0,brick,0.48,0.48,0.435,0.085
left,109,124.0,1.0720000000000027,19358.0,1504.9715909091774,5.5,1026.0,2243.0,4538.0,brick,0.465,0.465,0.445,0.09
left,110,125.12,1.1200000000000045,18774.0,919.2708333334223,22.399999999999977,974.0,2236.0,4520.0,brick,0.505,0.505,0.425,0.07
left,111,126.272,1.2000000000000028,19593.0,871.8749999999798,19.0,999.0,2215.0,4546.0,concrete,0.46,0.415,0.46,0.125
left,112,127.408,1.0559999999999974,20698.0,950.000000000037,2.0,981.0,2210.0,4481.0,brick,0.59,0.59,0.365,0.045
left,113,128.528,1.1519999999999868,21426.0,1624.9999999994573,24.19999999999999,1036.0,2219.0,4525.0,concrete,0.45,0.43,0.45,0.12
left,114,129.664,1.1359999999999957,17415.0,1029.6874999997042,25.19999999999999,1049.0,2220.0,4547.0,brick,0.445,0.445,0.425,0.13
left,115,130.784,1.1200000000000045,20612.0,937.4999999996203,24.399999999999977,963.0,2242.0,4598.0,brick,0.595,0.595,0.335,0.07
left,116,131.904,1.0560000000000116,19033.0,716.1458333332853,13.0,936.0,2223.0,4489.0,brick,0.595,0.595,0.34,0.065
left,117,133.04,1.1359999999999957,18726.0,517.18750000002,9.699999999999989,1015.0,2249.0,4509.0,brick,0.415,0.415,0.41,0.175
left,118,134.16,1.103999999999985,20488.0,403.64583333331063,24.19999999999999,1006.0,2238.0,4536.0,brick,0.555,0.555,0.355,0.09
left,119,135.296,1.0720000000000027,22206.0,897.3958333332423,25.0,980.0,2231.0,4524.0,brick,0.48,0.48,0.435,0.085
left,120,136.416,1.1839999999999975,20033.0,838.5416666667275,25.19999999999999,998.0,2237.0,4498.0,brick,0.445,0.445,0.445,0.11
left,121,137.552,1.0560000000000116,21076.0,619.7916666665737,23.0,1011.0,2223.0,4555.0,brick,0.575,0.575,0.36,0.065
left,122,138.672,1.1359999999999957,19880.0,354.9107142857309,12.100000000000023,968.0,2233.0,4492.0,brick,0.59,0.59,0.345,0.065
left,123,139.776,1.0719999999999743,19282.0,1662.5000000003308,0.6000000000000227,1013.0,2243.0,4575.0,brick,0.625,0.625,0.335,0.04
left,124,140.896,1.0720000000000027,21574.0,1843.7499999993843,11.600000000000023,1019.0,2216.0,4593.0,brick,0.59,0.59,0.345,0.065
left,125,141.984,1.0560000000000116,21593.0,981.2500000002728,19.5,981.0,2264.0,4581.0,brick,0.55,0.55,0.355,0.095
left,126,143.104,1.1200000000000045,20196.0,863.1944444446071,18.0,1065.0,2236.0,4512.0,concrete,0.44,0.42,0.44,0.14
left,127,144.224,1.1839999999999975,20325.0,910.9374999998656,9.0,1068.0,2247.0,4575.0,concrete,0.47,0.335,0.47,0.195
left,128,145.344,1.024000000000001,20071.0,524.218749999955,9.0,955.0,2230.0,4683.0,brick,0.475,0.475,0.43,0.095
left,129,146.48,1.1359999999999957,19995.0,1118.7499999994254,6.199999999999989,978.0,2230.0,4504.0,brick,0.465,0.465,0.44,0.095
left,130,147.6,1.1200000000000045,20172.0,1958.8068181819972,22.5,997.0,2283.0,4588.0,brick,0.61,0.61,0.33,0.06
left,131,148.752,1.1520000000000152,20631.0,1750.000000000859,12.300000000000011,1053.0,2272.0,4558.0,concrete,0.46,0.45,0.46,0.09
left,132,149.872,1.0720000000000027,21105.0,1625.0000000003233,36.0,1060.0,2223.0,4576.0,brick,0.54,0.54,0.405,0.055
left,133,150.992,1.0720000000000027,20373.0,806.2499999998906,15.399999999999977,1018.0,2238.0,4524.0,brick,0.555,0.555,0.36,0.085
left,134,152.112,1.1519999999999868,20200.0,880.2083333334665,13.800000000000011,1007.0,2236.0,4504.0,concrete,0.445,0.405,0.445,0.15
left,135,153.216,1.1040000000000134,20550.0,730.6547619047387,11.0,1022.0,2235.0,4572.0,brick,0.49,0.49,0.45,0.06
left,136,154.336,1.200000000000017,20808.0,1304.6874999997829,13.899999999999977,1030.0,2236.0,4530.0,concrete,0.44,0.425,0.44,0.135
left,137,155.504,1.039999999999992,19253.0,1820.312499999392,1.8999999999999773,974.0,2232.0,4560.0,brick,0.48,0.48,0.45,0.07
left,138,156.624,1.1680000000000064,19669.0,410.984848484813,29.899999999999977,956.0,2261.0,4558.0,brick,0.49,0.49,0.415,0.095
left,139,157.776,1.1199999999999761,19262.0,462.3579545454263,8.300000000000011,967.0,2256.0,4562.0,brick,0.59,0.59,0.34,0.07
left,140,158.912,1.1200000000000045,21316.0,849.9999999998671,2.8999999999999773,908.0,2254.0,4554.0,brick,0.58,0.58,0.35,0.07
left,141,160.016,1.103999999999985,20512.0,821.8749999998521,15.399999999999977,919.0,2208.0,4537.0,brick,0.585,0.585,0.34,0.075
left,142,161.152,1.0559999999999832,18970.0,373.2638888888747,2.3000000000000114,980.0,2259.0,4575.0,brick,0.595,0.595,0.34,0.065
left,143,162.288,1.1519999999999868,19923.0,854.1666666667269,32.5,994.0,2263.0,4579.0,concrete,0.465,0.425,0.465,0.11
left,144,163.424,1.0400000000000205,20775.0,888.3928571422925,3.1000000000000227,982.0,2265.0,4546.0,brick,0.565,0.565,0.365,0.07
left,145,164.544,1.1359999999999957,20990.0,339.6661931818227,18.19999999999999,982.0,2254.0,4550.0,brick,0.495,0.495,0.425,0.08
left,146,165.664,1.1200000000000045,20646.0,881.2499999998456,26.69999999999999,1038.0,2278.0,4546.0,brick,0.445,0.445,0.445,0.11
left,147,166.784,1.103999999999985,22249.0,683.5937499999193,0.19999999999998863,1041.0,2271.0,4576.0,brick,0.45,0.45,0.45,0.1
left,148,167.904,1.0880000000000223,21249.0,1020.833333333191,16.69999999999999,970.0,2261.0,4541.0,brick,0.605,0.605,0.34,0.055
left,149,168.992,1.0720000000000027,21607.0,958.3333333334635,7.800000000000011,967.0,2264.0,4568.0,brick,0.6,0.6,0.34,0.06
left,150,170.128,1.1520000000000152,21737.0,754.1666666666296,6.199999999999989,950.0,2303.0,4573.0,brick,0.46,0.46,0.435,0.105
left,151,171.248,1.1359999999999957,21899.0,1299.9999999997524,24.80000000000001,1045.0,2321.0,4545.0,brick,0.48,0.48,0.445,0.075
left,152,172.368,1.1040000000000134,20215.0,807.2916666667286,23.5,952.0,2279.0,4598.0,brick,0.51,0.51,0.43,0.06
left,153,173.488,1.0879999999999939,18870.0,864.5833333332155,17.899999999999977,941.0,2274.0,4585.0,brick,0.605,0.605,0.335,0.06
left,154,174.624,1.1839999999999975,21239.0,879.1666666665416,32.19999999999999,926.0,2297.0,4593.0,brick,0.46,0.46,0.43,0.11
left,155,175.776,1.0720000000000027,18482.0,422.7272727272303,32.69999999999999,926.0,2248.0,4525.0,brick,0.6,0.6,0.34,0.06
left,156,176.928,1.136000000000024,20856.0,831.2499999998535,18.69999999999999,884.0,2276.0,4595.0,brick,0.54,0.54,0.325,0.135
left,157,178.064,1.1200000000000045,18808.0,874.9999999999067,27.30000000000001,920.0,2277.0,4572.0,brick,0.61,0.61,0.345,0.045
left,158,179.2,1.1359999999999957,20162.0,1674.999999999738,19.600000000000023,933.0,2271.0,4546.0,brick,0.59,0.59,0.34,0.07
left,159,180.336,1.1359999999999957,20023.0,1382.8124999996112,18.0,954.0,2259.0,4559.0,brick,0.595,0.595,0.315,0.09
left,160,181.456,1.0560000000000116,21330.0,1062.499999999666,7.0,956.0,2265.0,4626.0,brick,0.605,0.605,0.34,0.055
left,161,182.592,1.1359999999999957,23144.0,1018.7500000000983,12.600000000000023,984.0,2265.0,4572.0,concrete,0.45,0.425,0.45,0.125
left,162,183.728,1.0560000000000116,21416.0,815.6250000001511,15.0,933.0,2259.0,4546.0,brick,0.56,0.56,0.33,0.11
left,163,184.864,1.1839999999999975,20995.0,628.1250000001216,22.80000000000001,897.0,2262.0,4579.0,brick,0.525,0.525,0.355,0.12
left,164,185.984,1.0720000000000027,19243.0,800.0000000001493,33.60000000000002,906.0,2275.0,4582.0,brick,0.605,0.605,0.335,0.06
left,165,187.136,1.1680000000000064,21368.0,987.500000000252,29.69999999999999,912.0,2253.0,4574.0,brick,0.49,0.49,0.33,0.18
left,166,188.272,1.103999999999985,21249.0,1512.4999999997635,17.30000000000001,974.0,2249.0,4591.0,brick,0.55,0.55,0.305,0.145
left,167,189.392,1.0720000000000027,18999.0,367.8571428571357,17.80000000000001,1005.0,2258.0,4624.0,brick,0.54,0.54,0.34,0.12
left,168,190.544,1.1680000000000064,20885.0,1148.4375000001958,15.399999999999977,943.0,2252.0,4572.0,brick,0.485,0.485,0.325,0.19
left,169,191.68,1.1200000000000045,20622.0,860.9374999998882,16.600000000000023,947.0,2235.0,4535.0,brick,0.59,0.59,0.32,0.09
left,170,192.816,1.1040000000000134,21301.0,931.250000000102,21.100000000000023,913.0,2268.0,4566.0,brick,0.59,0.59,0.315,0.095
left,171,193.92,1.0879999999999939,20224.0,1599.99999999975,35.80000000000001,900.0,2295.0,4561.0,brick,0.575,0.575,0.31,0.115
left,172,195.04,1.1199999999999761,20392.0,981.2499999998633,27.80000000000001,906.0,2276.0,4558.0,brick,0.56,0.56,0.31,0.13
left,173,196.16,1.103999999999985,20961.0,812.4999999998813,9.0,1009.0,2260.0,4536.0,brick,0.54,0.54,0.35,0.11
left,174,197.264,1.103999999999985,19047.0,821.354166666822,26.30000000000001,1009.0,2273.0,4592.0,brick,0.53,0.53,0.32,0.15
left,175,198.4,1.0560000000000116,19913.0,388.0208333333186,40.80000000000001,927.0,2268.0,4577.0,brick,0.565,0.565,0.315,0.12
left,176,199.504,1.1359999999999957,20425.0,976.5624999996946,38.69999999999999,938.0,2261.0,4579.0,brick,0.535,0.535,0.325,0.14
left,177,200.624,1.0559999999999832,21148.0,912.4999999998407,10.800000000000011,947.0,2265.0,4573.0,brick,0.605,0.605,0.34,0.055
left,178,201.728,1.1359999999999957,20291.0,840.6250000001576,11.100000000000023,988.0,2260.0,4571.0,brick,0.575,0.575,0.355,0.07
left,179,202.848,1.0879999999999939,20636.0,1459.3750000002362,8.699999999999989,880.0,2271.0,4638.0,brick,0.61,0.61,0.32,0.07
left,180,203.968,1.0720000000000027,20349.0,931.2499999998378,3.5,961.0,2272.0,4605.0,brick,0.605,0.605,0.335,0.06
left,181,205.104,1.1680000000000064,21497.0,1229.1666666666201,20.80000000000001,983.0,2253.0,4566.0,brick,0.43,0.43,0.395,0.175
left,182,206.224,1.1200000000000045,18880.0,1587.499999999752,26.30000000000001,1010.0,2266.0,4577.0,brick,0.58,0.58,0.355,0.065
left,183,207.376,1.1040000000000134,22656.0,812.5000000002652,33.39999999999998,895.0,2268.0,4590.0,brick,0.605,0.605,0.335,0.06
left,184,208.496,1.1359999999999957,18439.0,833.3333333333295,20.399999999999977,910.0,2268.0,4548.0,brick,0.59,0.59,0.345,0.065
left,185,209.632,1.0400000000000205,21464.0,1487.500000000296,6.699999999999989,919.0,2268.0,4527.0,brick,0.61,0.61,0.34,0.05
left,186,210.736,1.1839999999999975,19961.0,942.7083333334457,40.30000000000001,900.0,2253.0,4577.0,brick,0.55,0.55,0.355,0.095
left,187,211.856,1.1040000000000134,19602.0,956.2499999996508,15.100000000000023,886.0,2277.0,4542.0,brick,0.605,0.605,0.315,0.08
left,188,213.008,1.1040000000000134,20349.0,520.8333333333136,29.899999999999977,910.0,2277.0,4553.0,brick,0.6,0.6,0.325,0.075
left,189,214.144,1.0560000000000116,20847.0,1162.5000000002008,10.100000000000023,968.0,2265.0,4553.0,brick,0.605,0.605,0.335,0.06
left,190,215.264,1.1680000000000064,21292.0,981.2500000002285,25.19999999999999,877.0,2287.0,4581.0,brick,0.525,0.525,0.37,0.105
left,191,216.4,1.1200000000000045,19942.0,1037.5000000003063,6.300000000000011,950.0,2286.0,4635.0,brick,0.54,0.54,0.315,0.145
left,192,217.52,1.1040000000000134,21598.0,450.99431818185246,19.30000000000001,940.0,2269.0,4593.0,brick,0.565,0.565,0.305,0.13
left,193,218.656,1.1839999999999975,21004.0,910.7142857144614,8.399999999999977,898.0,2277.0,4613.0,brick,0.48,0.48,0.31,0.21
left,194,219.808,1.103999999999985,19325.0,765.6249999997859,14.699999999999989,942.0,2249.0,4633.0,brick,0.595,0.595,0.34,0.065
left,195,220.96,1.1839999999999975,17496.0,380.20833333336753,18.19999999999999,1003.0,2271.0,4580.0,brick,0.365,0.365,0.3,0.335
left,196,222.128,1.0879999999999939,18592.0,1007.8124999996635,1.6999999999999886,972.0,2277.0,4569.0,brick,0.555,0.555,0.33,0.115
left,197,223.296,1.200000000000017,20799.0,1177.083333333289,20.30000000000001,975.0,2268.0,4575.0,brick,0.405,0.405,0.385,0.21
left,198,224.464,1.1359999999999957,17635.0,1054.6875000001507,6.600000000000023,931.0,2269.0,4616.0,brick,0.41,0.41,0.35,0.24
left,199,225.68,1.1680000000000064,17573.0,953.1250000001049,5.899999999999977,1024.0,2292.0,4646.0,grass,0.415,0.255,0.33,0.415
left,200,226.832,1.1519999999999868,16185.0,786.4583333329705,2.0,1060.0,2237.0,4728.0,concrete,0.355,0.305,0.355,0.34
left,201,228.096,1.2160000000000082,17669.0,868.7500000000185,0.19999999999998863,927.0,2226.0,4598.0,brick,0.405,0.405,0.26,0.335
left,202,229.456,1.6160000000000139,15405.0,769.5312499999361,2.6000000000000227,824.0,2219.0,4656.0,grass,0.39,0.345,0.265,0.39
left,203,233.664,3.8240000000000123,7786.0,920.1388888887652,0.39999999999997726,814.0,2013.0,4535.0,grass,0.45,0.205,0.345,0.45
left,204,235.328,1.7760000000000105,7772.0,279.68749999996714,18.5,906.0,2225.0,4708.0,brick,0.4,0.4,0.285,0.315
left,205,236.608,1.26400000000001,17181.0,942.307692308007,18.0,1000.0,2238.0,4600.0,concrete,0.385,0.335,0.385,0.28
left,206,237.792,1.1359999999999957,18597.0,885.4166666665915,10.600000000000023,1012.0,2263.0,4574.0,brick,0.4,0.4,0.38,0.22
left,207,238.88,1.0720000000000027,18372.0,1039.0625000001492,32.19999999999999,1017.0,2274.0,4585.0,concrete,0.425,0.4,0.425,0.175
left,208,239.968,1.0559999999999832,21473.0,979.1666666668145,10.0,1023.0,2267.0,4582.0,brick,0.435,0.435,0.435,0.13
left,209,241.04,1.103999999999985,22215.0,1398.4374999991721,23.30000000000001,987.0,2296.0,4619.0,brick,0.485,0.485,0.365,0.15
left,210,242.144,1.0880000000000223,21995.0,756.2500000001394,0.0,978.0,2272.0,4576.0,brick,0.585,0.585,0.305,0.11
left,211,243.248,1.0720000000000027,22675.0,1335.937499999304,17.0,952.0,2281.0,4594.0,brick,0.58,0.58,0.34,0.08
left,212,244.352,1.0720000000000027,23014.0,1210.9374999997588,28.30000000000001,977.0,2286.0,4605.0,brick,0.485,0.485,0.385,0.13
left,213,245.44,1.1520000000000152,2900.0,360.11904761906004,22.100000000000023,1005.0,2282.0,4596.0,brick,0.46,0.46,0.23,0.31
left,214,246.592,1.0879999999999939,19794.0,1007.8125000000971,11.800000000000011,1007.0,2235.0,4655.0,concrete,0.395,0.38,0.395,0.225
left,215,247.696,1.0079999999999814,16429.0,981.7708333334291,7.800000000000011,1008.0,2286.0,4560.0,brick,0.465,0.465,0.285,0.25
left,216,248.816,1.1199999999999761,9016.0,348.9583333333698,13.0,1007.0,2285.0,4615.0,brick,0.385,0.385,0.325,0.29
left,217,249.984,1.1999999999999886,17932.0,1851.5625000005784,8.399999999999977,965.0,2254.0,4580.0,brick,0.395,0.395,0.3,0.305
left,218,251.184,1.184000000000026,17841.0,759.3749999998674,8.5,981.0,2244.0,4619.0,brick,0.47,0.47,0.23,0.3
left,219,252.48,1.4720000000000084,13519.0,454.1666666667235,9.199999999999989,906.0,2264.0,4655.0,brick,0.385,0.385,0.23,0.385
left,220,254.0,2.048000000000002,9571.0,570.3125000000628,1.8000000000000114,914.0,2192.0,4844.0,brick,0.4,0.4,0.22,0.38
left,221,256.192,3.9039999999999964,8887.0,657.738095238019,27.600000000000023,754.0,2152.0,4610.0,grass,0.425,0.27,0.305,0.425
left,222,265.968,7.7760000000000105,1249.0,281.2499999999616,4.600000000000023,927.0,2065.0,4552.0,grass,0.45,0.25,0.3,0.45
left,223,267.568,1.05600000000004,17784.0,724.9999999995869,12.0,938.0,2262.0,4593.0,brick,0.595,0.595,0.31,0.095
left,224,268.656,1.0720000000000027,21703.0,928.1250000002235,29.0,1057.0,2253.0,4711.0,concrete,0.43,0.415,0.43,0.155
left,225,269.728,1.0720000000000027,18970.0,1171.8749999997335,17.19999999999999,1023.0,2264.0,4773.0,concrete,0.46,0.435,0.46,0.105
left,226,270.816,0.9759999999999991,21488.0,549.9999999999792,2.1000000000000227,994.0,2289.0,4586.0,concrete,0.465,0.43,0.465,0.105
left,227,271.888,1.1519999999999868,20282.0,1226.5624999996553,6.699999999999989,1088.0,2252.0,4739.0,concrete,0.425,0.295,0.425,0.28
left,228,272.992,1.024000000000001,15654.0,625.0000000000596,27.5,1109.0,2308.0,4878.0,brick,0.455,0.455,0.345,0.2
left,229,274.144,1.2479999999999905,19889.0,1193.750000000837,12.600000000000023,925.0,2300.0,4601.0,brick,0.535,0.535,0.325,0.14
left,230,275.296,1.136000000000024,16372.0,660.1562500004196,7.199999999999989,991.0,2324.0,4629.0,brick,0.54,0.54,0.285,0.175
left,231,276.448,1.0879999999999654,19540.0,972.2222222221853,1.0,969.0,2274.0,4572.0,brick,0.545,0.545,0.355,0.1
left,232,277.568,1.136000000000024,19286.0,735.4166666666063,22.899999999999977,1037.0,2289.0,4571.0,brick,0.485,0.485,0.34,0.175
left,233,278.704,1.103999999999985,20220.0,1291.6666666666176,9.0,1020.0,2276.0,4600.0,brick,0.505,0.505,0.295,0.2
left,234,279.808,1.103999999999985,20550.0,377.67857142859765,9.5,870.0,2284.0,4618.0,brick,0.535,0.535,0.31,0.155
left,235,280.928,1.0880000000000223,21067.0,902.0833333335005,1.6999999999999886,902.0,2282.0,4582.0,brick,0.545,0.545,0.3,0.155
left,236,282.048,1.1040000000000418,20789.0,1956.597222221829,12.300000000000011,1069.0,2288.0,4638.0,brick,0.48,0.48,0.32,0.2
left,237,283.184,1.1200000000000045,16080.0,1324.9999999995086,6.600000000000023,1069.0,2321.0,4681.0,concrete,0.38,0.32,0.38,0.3
left,238,284.304,1.1200000000000045,19779.0,402.34375000008595,19.69999999999999,1063.0,2264.0,4701.0,brick,0.455,0.455,0.455,0.09
left,239,285.44,1.0400000000000205,19258.0,968.7499999994378,22.69999999999999,1006.0,2283.0,4623.0,brick,0.595,0.595,0.36,0.045
left,240,286.544,1.1519999999999868,18353.0,990.6249999994377,2.8999999999999773,1070.0,2300.0,4604.0,brick,0.38,0.38,0.3,0.32
left,241,287.664,1.103999999999985,18401.0,984.3750000001085,9.600000000000023,1069.0,2299.0,4708.0,concrete,0.36,0.32,0.36,0.32
left,242,288.8,1.024000000000001,19554.0,751.1160714288246,22.100000000000023,965.0,2307.0,4629.0,brick,0.57,0.57,0.34,0.09
left,243,289.904,1.103999999999985,18707.0,1160.4567307688585,9.800000000000011,988.0,2311.0,4626.0,brick,0.45,0.45,0.44,0.11
left,244,291.008,1.1519999999999868,18545.0,1273.4374999994081,14.300000000000011,1039.0,2328.0,4625.0,brick,0.45,0.45,0.385,0.165
left,245,292.128,1.1359999999999673,18133.0,890.6249999997142,16.899999999999977,1043.0,2288.0,4686.0,concrete,0.42,0.385,0.42,0.195
left,246,293.264,1.0880000000000223,15443.0,912.500000000237,8.699999999999989,1041.0,2303.0,4776.0,concrete,0.395,0.38,0.395,0.225
left,247,294.4,1.136000000000024,18066.0,603.6706349206484,9.800000000000011,1061.0,2306.0,4595.0,brick,0.42,0.42,0.4,0.18
left,248,295.504,1.0079999999999814,18478.0,472.2222222222043,22.80000000000001,965.0,2270.0,4714.0,brick,0.56,0.56,0.335,0.105
left,249,296.64,1.103999999999985,17496.0,501.5625000000373,5.0,987.0,2319.0,4657.0,concrete,0.415,0.35,0.415,0.235
left,250,297.76,1.1999999999999886,16841.0,1437.500000000286,22.100000000000023,1007.0,2320.0,4718.0,concrete,0.365,0.3,0.365,0.335
left,251,298.912,1.1680000000000064,15008.0,534.3749999998165,15.300000000000011,925.0,2286.0,4643.0,grass,0.395,0.31,0.295,0.395
left,252,300.064,1.0400000000000205,15874.0,481.2500000001235,19.899999999999977,955.0,2301.0,4709.0,brick,0.485,0.485,0.32,0.195
left,253,301.232,1.1680000000000064,16879.0,1226.5625000012906,26.399999999999977,955.0,2279.0,4690.0,brick,0.41,0.41,0.23,0.36
left,254,302.384,1.1999999999999886,17463.0,414.0624999999936,1.3000000000000114,992.0,2298.0,4659.0,grass,0.415,0.245,0.34,0.415
left,255,303.552,1.1680000000000064,15285.0,1179.6875000003486,1.6999999999999886,995.0,2281.0,4621.0,grass,0.455,0.235,0.31,0.455
left,256,304.704,1.136000000000024,19090.0,851.7045454546943,25.600000000000023,938.0,2314.0,4692.0,brick,0.505,0.505,0.345,0.15
left,257,305.84,1.1680000000000064,16491.0,564.2361111111545,13.399999999999977,956.0,2278.0,4594.0,brick,0.395,0.395,0.24,0.365
left,258,307.008,1.1200000000000045,16367.0,645.0892857142354,15.800000000000011,953.0,2310.0,4664.0,brick,0.435,0.435,0.23,0.335
left,259,308.16,1.0879999999999654,16831.0,1760.416666667636,1.3000000000000114,956.0,2293.0,4717.0,brick,0.47,0.47,0.25,0.28
left,260,309.312,1.1359999999999673,17693.0,821.8750000001913,14.300000000000011,965.0,2311.0,4683.0,brick,0.465,0.465,0.34,0.195
left,261,310.464,1.0400000000000205,16836.0,328.86904761902537,23.69999999999999,941.0,2292.0,4656.0,brick,0.465,0.465,0.275,0.26
left,262,311.6,1.1520000000000437,20114.0,853.1250000001975,17.80000000000001,968.0,2288.0,4682.0,brick,0.46,0.46,0.335,0.205
left,263,312.768,1.26400000000001,18616.0,1117.1874999996269,19.0,929.0,2294.0,4703.0,concrete,0.375,0.34,0.375,0.285
left,264,313.952,1.1680000000000064,15836.0,1195.312499999601,11.600000000000023,915.0,2299.0,4624.0,brick,0.41,0.41,0.23,0.36
left,265,315.136,1.0880000000000223,20502.0,904.6875000001509,17.100000000000023,873.0,2331.0,4649.0,brick,0.54,0.54,0.34,0.12
left,266,316.304,1.1679999999999495,17511.0,1164.0624999997224,21.19999999999999,1008.0,2276.0,4641.0,grass,0.4,0.245,0.355,0.4
left,267,317.408,1.1200000000000045,17798.0,1587.5000000003158,7.300000000000011,1028.0,2293.0,4765.0,brick,0.345,0.345,0.34,0.315
left,268,318.544,1.0399999999999636,16128.0,1023.4374999995749,10.300000000000011,896.0,2284.0,4633.0,brick,0.515,0.515,0.28,0.205
left,269,319.696,1.2160000000000082,16664.0,1088.5416666663339,24.399999999999977,900.0,2304.0,4699.0,concrete,0.335,0.33,0.335,0.335
left,270,320.88,1.0720000000000027,20062.0,1028.1249999996699,16.69999999999999,998.0,2275.0,4658.0,brick,0.475,0.475,0.365,0.16
left,271,322.016,1.1999999999999886,16951.0,1500.0000000008313,7.399999999999977,983.0,2320.0,4691.0,grass,0.42,0.255,0.325,0.42
left,272,323.152,1.0880000000000223,17075.0,967.187499999697,20.19999999999999,937.0,2294.0,4705.0,brick,0.49,0.49,0.25,0.26
left,273,324.288,1.1680000000000064,17061.0,567.708333333756,0.10000000000002274,971.0,2311.0,4606.0,grass,0.375,0.315,0.31,0.375
left,274,325.424,1.1200000000000045,18698.0,430.72916666664594,20.19999999999999,1060.0,2296.0,4642.0,brick,0.425,0.425,0.39,0.185
left,275,326.56,1.136000000000024,19435.0,1093.7499999992406,7.699999999999989,1066.0,2308.0,4666.0,concrete,0.46,0.37,0.46,0.17
left,276,327.68,1.0879999999999654,21631.0,1193.7500000010368,27.0,868.0,2303.0,4642.0,brick,0.55,0.55,0.37,0.08
left,277,328.816,1.024000000000001,18836.0,1458.333333333278,4.0,875.0,2295.0,4627.0,brick,0.535,0.535,0.315,0.15
left,278,329.904,1.1520000000000437,21167.0,1296.8749999993447,29.80000000000001,927.0,2316.0,4624.0,brick,0.54,0.54,0.37,0.09
left,279,331.04,1.1040000000000418,20971.0,1212.499999999069,23.5,908.0,2295.0,4634.0,brick,0.55,0.55,0.295,0.155
left,280,332.144,1.0880000000000223,21234.0,894.7916666668311,22.80000000000001,916.0,2295.0,4625.0,brick,0.57,0.57,0.345,0.085
left,281,333.264,1.136000000000024,21335.0,1750.000000000348,14.300000000000011,953.0,2297.0,4627.0,brick,0.595,0.595,0.345,0.06
left,282,334.4,1.0879999999999654,18975.0,1587.4999999991878,6.0,912.0,2276.0,4592.0,brick,0.575,0.575,0.3,0.125
left,283,335.52,1.103999999999985,20378.0,1612.499999999175,26.19999999999999,905.0,2290.0,4636.0,brick,0.58,0.58,0.31,0.11
left,284,336.64,1.0559999999999832,20579.0,1043.7499999993329,24.100000000000023,891.0,2312.0,4622.0,brick,0.53,0.53,0.43,0.04
left,285,337.744,1.1680000000000064,20698.0,543.7500000001081,17.30000000000001,886.0,2287.0,4689.0,brick,0.475,0.475,0.325,0.2
left,286,338.848,1.05600000000004,19660.0,464.48863636370663,10.600000000000023,1031.0,2295.0,4608.0,brick,0.505,0.505,0.355,0.14
left,287,339.952,1.024000000000001,21785.0,354.4642857142663,5.899999999999977,1033.0,2309.0,4695.0,brick,0.47,0.47,0.385,0.145
left,288,341.072,1.2160000000000082,19215.0,2124.999999999759,28.600000000000023,906.0,2292.0,4635.0,concrete,0.42,0.37,0.42,0.21
left,289,342.208,1.103999999999985,17406.0,882.8125000001382,15.100000000000023,917.0,2322.0,4640.0,brick,0.49,0.49,0.315,0.195
left,290,343.312,1.0080000000000382,22129.0,1493.7500000005302,1.1999999999999886,902.0,2315.0,4659.0,brick,0.515,0.515,0.335,0.15
left,291,344.448,1.136000000000024,19176.0,1052.0833333330065,20.5,985.0,2309.0,4630.0,brick,0.485,0.485,0.31,0.205
left,292,345.584,1.183999999999969,18568.0,2093.7499999993006,8.600000000000023,1043.0,2296.0,4708.0,concrete,0.43,0.245,0.43,0.325
left,293,346.72,1.103999999999985,17736.0,801.562500000156,10.300000000000011,1056.0,2309.0,4696.0,brick,0.44,0.44,0.28,0.28
left,294,347.872,1.1680000000000064,17635.0,1625.0000000003233,0.10000000000002274,917.0,2302.0,4637.0,brick,0.475,0.475,0.36,0.165
left,295,349.008,1.024000000000001,21201.0,902.2727272722889,13.100000000000023,944.0,2294.0,4637.0,brick,0.565,0.565,0.36,0.075
left,296,350.192,1.231999999999971,18640.0,797.9166666668154,9.699999999999989,1004.0,2306.0,4646.0,concrete,0.465,0.345,0.465,0.19
left,297,351.344,1.103999999999985,19100.0,1414.0624999993333,1.5,1005.0,2292.0,4655.0,brick,0.525,0.525,0.34,0.135
left,298,352.512,1.2320000000000277,16889.0,1217.6339285710287,22.600000000000023,928.0,2300.0,4697.0,grass,0.37,0.295,0.335,0.37
left,299,353.664,1.103999999999985,17023.0,1648.4375000000186,1.5,1007.0,2306.0,4682.0,brick,0.455,0.455,0.27,0.275
left,300,354.848,1.1519999999999868,19004.0,504.46428571407137,8.899999999999977,966.0,2302.0,4674.0,concrete,0.465,0.38,0.465,0.155
left,301,355.984,1.0559999999999832,17200.0,1032.1180555552273,18.69999999999999,960.0,2304.0,4668.0,brick,0.5,0.5,0.32,0.18
left,302,357.136,1.1999999999999886,17410.0,992.187500000529,9.199999999999989,1027.0,2317.0,4626.0,grass,0.365,0.33,0.305,0.365
left,303,358.288,1.1519999999999868,17099.0,862.5000000001717,1.5,1029.0,2320.0,4689.0,grass,0.375,0.35,0.275,0.375
left,304,359.456,1.1359999999999673,18444.0,593.7500000000966,12.100000000000023,917.0,2302.0,4665.0,brick,0.475,0.475,0.305,0.22
left,305,360.608,1.136000000000024,16980.0,840.625000000195,10.0,895.0,2289.0,4603.0,brick,0.475,0.475,0.29,0.235
left,306,361.776,1.1999999999999886,18296.0,923.9583333335086,19.0,875.0,2322.0,4619.0,brick,0.425,0.425,0.26,0.315
left,307,362.944,1.024000000000001,15946.0,1179.6875000003486,24.19999999999999,933.0,2292.0,4689.0,brick,0.5,0.5,0.325,0.175
left,308,364.08,1.2799999999999727,15826.0,1078.1249999996398,12.899999999999977,934.0,2312.0,4626.0,grass,0.44,0.25,0.31,0.44
left,309,365.232,1.0720000000000027,15453.0,984.3750000001085,13.899999999999977,939.0,2304.0,4679.0,brick,0.505,0.505,0.29,0.205
left,310,366.4,1.1680000000000064,17468.0,352.6785714285133,22.0,975.0,2304.0,4667.0,brick,0.395,0.395,0.315,0.29
left,311,367.584,1.1519999999999868,16247.0,875.8928571430359,11.800000000000011,978.0,2331.0,4618.0,brick,0.405,0.405,0.265,0.33
left,312,368.768,1.2160000000000082,16204.0,700.8928571426168,20.0,895.0,2349.0,4671.0,brick,0.5,0.5,0.32,0.18
left,313,369.936,1.136000000000024,15644.0,1524.9999999992199,21.0,921.0,2293.0,4655.0,brick,0.59,0.59,0.295,0.115
left,314,371.12,1.103999999999985,18171.0,513.1944444444073,17.80000000000001,927.0,2293.0,4661.0,brick,0.595,0.595,0.32,0.085
left,315,372.24,1.1199999999999477,18210.0,1762.5000000003506,24.69999999999999,958.0,2325.0,4655.0,brick,0.54,0.54,0.33,0.13
left,316,373.392,1.1519999999999868,18367.0,408.85416666665117,3.1999999999999886,1015.0,2325.0,4706.0,concrete,0.425,0.3,0.425,0.275
left,317,374.528,1.136000000000024,18554.0,669.034090909109,10.0,924.0,2315.0,4694.0,brick,0.41,0.41,0.355,0.235
left,318,375.68,1.0880000000000223,19286.0,1867.1874999997822,27.5,937.0,2317.0,4715.0,brick,0.545,0.545,0.33,0.125
left,319,376.816,1.1040000000000418,19066.0,756.2500000001149,12.399999999999977,890.0,2312.0,4692.0,brick,0.535,0.535,0.345,0.12
left,320,377.952,1.0720000000000027,18224.0,533.8541666667481,33.19999999999999,909.0,2315.0,4700.0,brick,0.555,0.555,0.315,0.13
left,321,379.088,1.1999999999999886,19171.0,341.5178571428778,31.899999999999977,908.0,2319.0,4642.0,brick,0.45,0.45,0.315,0.235
left,322,380.224,1.1359999999999673,18640.0,1059.3750000004607,30.30000000000001,1000.0,2332.0,4671.0,brick,0.475,0.475,0.435,0.09
left,323,381.36,1.0559999999999832,20215.0,1132.8125000005723,13.5,940.0,2316.0,4657.0,brick,0.54,0.54,0.375,0.085
left,324,382.512,1.1519999999999868,18492.0,695.3124999999574,27.30000000000001,949.0,2326.0,4643.0,brick,0.455,0.455,0.295,0.25
left,325,383.664,1.1999999999999886,15357.0,644.2307692306862,21.100000000000023,941.0,2322.0,4649.0,brick,0.415,0.415,0.305,0.28
left,326,384.816,1.103999999999985,20430.0,763.5416666666317,34.19999999999999,900.0,2351.0,4652.0,brick,0.535,0.535,0.375,0.09
left,327,385.936,1.1359999999999673,19918.0,1249.9999999999527,15.0,975.0,2328.0,4678.0,concrete,0.435,0.385,0.435,0.18
left,328,387.072,1.0880000000000223,18836.0,853.1249999996469,8.800000000000011,970.0,2338.0,4657.0,concrete,0.45,0.385,0.45,0.165
left,329,388.176,1.0880000000000223,19243.0,1007.812500000111,3.6999999999999886,1005.0,2338.0,4685.0,concrete,0.46,0.34,0.46,0.2
left,330,389.312,1.1200000000000045,19942.0,796.8750000000346,0.5,918.0,2337.0,4667.0,brick,0.49,0.49,0.365,0.145
left,331,390.432,1.1200000000000045,19057.0,931.2500000002296,5.399999999999977,916.0,2341.0,4709.0,brick,0.43,0.43,0.425,0.145
left,332,391.568,1.0720000000000027,19861.0,902.3437499993795,26.600000000000023,881.0,2344.0,4702.0,brick,0.535,0.535,0.335,0.13
left,333,392.688,1.136000000000024,19516.0,2078.124999999306,25.899999999999977,894.0,2336.0,4688.0,brick,0.495,0.495,0.32,0.185
left,334,393.792,1.0880000000000223,20009.0,874.218749999566,27.30000000000001,912.0,2310.0,4616.0,brick,0.53,0.53,0.345,0.125
left,335,394.912,1.0720000000000027,18602.0,660.7142857144526,2.8000000000000114,919.0,2352.0,4681.0,brick,0.485,0.485,0.37,0.145
left,336,396.016,1.1520000000000437,20119.0,830.7291666666144,8.0,915.0,2318.0,4638.0,brick,0.435,0.435,0.36,0.205
left,337,397.168,1.136000000000024,20181.0,868.7500000002284,19.899999999999977,923.0,2307.0,4666.0,brick,0.485,0.485,0.325,0.19
left,338,398.336,1.136000000000024,19267.0,858.6309523811117,0.10000000000002274,888.0,2339.0,4675.0,brick,0.415,0.415,0.365,0.22
left,339,399.472,1.1359999999999673,21253.0,954.2410714286352,10.899999999999977,897.0,2345.0,4679.0,brick,0.495,0.495,0.345,0.16
left,340,400.608,1.103999999999985,20129.0,1575.0000000003133,10.0,896.0,2329.0,4747.0,brick,0.505,0.505,0.305,0.19
left,341,401.76,1.103999999999985,18903.0,1701.8229166671363,22.0,967.0,2334.0,4700.0,brick,0.51,0.51,0.325,0.165
left,342,402.896,1.1999999999999886,17516.0,934.8958333338298,13.5,916.0,2314.0,4647.0,brick,0.37,0.37,0.295,0.335
left,343,404.08,1.0879999999999654,19100.0,822.9166666664875,0.39999999999997726,988.0,2348.0,4679.0,brick,0.495,0.495,0.41,0.095
left,344,405.264,1.1519999999999868,18679.0,1209.3750000003238,40.5,965.0,2371.0,4679.0,concrete,0.48,0.45,0.48,0.07
left,345,406.432,1.2160000000000082,17621.0,1953.1250000010825,33.5,1065.0,2301.0,4864.0,concrete,0.37,0.305,0.37,0.325
left,346,407.616,1.1200000000000045,18009.0,1306.9196428567523,10.0,1068.0,2296.0,4969.0,concrete,0.43,0.265,0.43,0.305
left,347,408.8,1.1999999999999886,19090.0,1890.6249999993686,17.30000000000001,917.0,2375.0,4726.0,brick,0.45,0.45,0.385,0.165
