foot,step_id,surface,contact_time_sec,stance_duration,time_to_peak_frac,impact_mag,impact_mag_norm,accel_mag_strike,loading_rate,loading_rate_norm,heel_pmax_ratio,fore_pmax_ratio,heel_mean_ratio,fore_mean_ratio,heel_fore_ratio,total_pmax,total_p_mean,midstance_diff,heel_impulse,heel_impulse_norm,rise_slope,fall_slope,slope_asym,heel_skew,heel_kurt,gyro_mag_strike,gyro_x_strike,gyro_y_strike,gyro_z_strike,gyro_x_std,gyro_y_std,gyro_z_std,pressure_01_mean_ratio,pressure_02_mean_ratio,pressure_03_mean_ratio,pressure_04_mean_ratio,pressure_05_mean_ratio,pressure_06_mean_ratio,pressure_07_mean_ratio,pressure_08_mean_ratio,pressure_09_mean_ratio,pressure_10_mean_ratio,pressure_11_mean_ratio,pressure_12_mean_ratio,accel_spec_centroid,accel_hf_frac,accel_spec_entropy,accel_zcr,accel_jerk_ratio,gyro_hf_frac,heel_ripple_frac,impact_mag_roll3_std,loading_rate_roll3_std,stance_duration_roll3_std,source_user,source_recording
right,275,loose,283.696,1.183999999999969,0.8783783783783784,20789.0,1.352528062421244,35144.26416927804,292.70833333333337,0.09169898001339802,0.21442966545747683,0.47158403869407495,0.16741053922442373,0.39377000791404354,0.4251480200616353,4962.0,3740.1866666666665,-23.099999999999994,612.52,0.16376722730416307,0.8769230769230769,-3.0,-2.123076923076923,0.18401880698957362,-1.8413349623917106,12229310.400052246,8913745.0,3420845.0,7641924.0,3924842.413521056,1269864.370418356,1773770.3862232033,0.09413433910606957,0.09029139365593161,0.053776282110696794,0.11946284320925159,0.08788509664401777,0.05564428156883436,0.13231425169510255,0.07826703836528659,0.04048639283600819,0.11717418738458688,0.08914350085913716,0.041420392565076965,4.482981326658227,0.23894944213512145,0.5615726043000093,0.10810810810810811,0.43364460308973385,0.14527008414446754,0.002631983198192859,5363.0634280541435,133.71121582019234,0.08466404195405146,Catherine,REC_20260811_193525.csv
right,276,loose,284.896,0.8959999999999582,1.0,14185.0,0.7468609133166522,32372.081567301168,342.0138888888889,0.10714530879382805,0.225984091372629,0.48337752396491945,0.15260663507109004,0.41487669692344764,0.36783612143715194,4903.0,3276.0526315789475,-24.599999999999994,481.0964912280702,0.14685249149864782,1.1964285714285714,0.0,1.1964285714285714,1.050221388477729,-0.6443757411584232,11381329.821124112,8308988.0,2561968.0,7343821.0,4459002.65929913,1257027.7918528577,2216961.8477502842,0.10563097437545182,0.101636008246981,0.045090636463437486,0.13313519158165313,0.10278737247971725,0.04614025222909471,0.13296918092484,0.07341419658874876,0.031177872386001552,0.11389402093876348,0.07919243848234128,0.034931855302969446,5.11837034468134,0.37269332617184064,0.6179214624371873,0.07142857142857142,0.4677193719326288,0.1020944958254782,0.003360361885996058,4110.442474154331,125.9255535976366,0.14429599209033842,Catherine,REC_20260811_193525.csv
right,277,loose,285.808,1.0400000000000205,0.0,14371.0,0.7639193763289862,36710.45799223976,361.11111111111114,0.11312804177216362,0.23328380386329867,0.48015283379324986,0.15651766743087858,0.4034685502502463,0.38793027940762015,4711.0,3429.9545454545455,-22.80000000000001,520.2878787878788,0.1516894384146799,0.0,-0.18461538461538463,-0.18461538461538463,0.734627903817124,-1.1804781195789733,11097807.574635496,8808676.0,1944994.0,6464175.0,4572557.642695567,1568789.328608075,2119042.691962284,0.10209517751361667,0.094095248192175,0.04924528551928862,0.1274820321852485,0.09309691355570575,0.051427486007854156,0.13356038820198166,0.07319206456486303,0.03736687030926286,0.11757819919868184,0.08332560286601554,0.03753473188530637,4.716629819009518,0.32542606424047904,0.6426051997305722,0.09230769230769231,0.4987373705238367,0.21633745327960197,0.0038410336145317868,3760.2778266149435,35.29561283639647,0.14400000000000512,Catherine,REC_20260811_193525.csv
right,278,loose,286.864,1.0080000000000382,1.0,14970.0,0.8188549642020405,32887.125596500526,367.1875,0.11503163862890675,0.22748028227480283,0.4821502698215027,0.14786250668831527,0.4127566929279138,0.35823163917546236,4818.0,3387.4375,-32.5,484.0078125,0.1428831712762228,0.5238095238095238,0.0,0.5238095238095238,1.0178423249728465,-0.6624559483370578,10374461.558674455,8225911.0,1075122.0,6229603.0,4534936.564404664,1497459.7801912627,1926209.7006115848,0.10888577280023616,0.097174302108895,0.04524068709754792,0.13129393531245964,0.09950368087972103,0.04961807413420912,0.12987324489381724,0.07057325780918468,0.035166700492629016,0.11397811767744792,0.0772892488791306,0.041402977914721674,5.083362599745648,0.33053999901594944,0.656474140522697,0.09523809523809523,0.4940006245164372,0.23392717157595003,0.003962077204312585,410.2076709812077,13.136064193186677,0.07561305002007979,Catherine,REC_20260811_193525.csv
right,279,loose,287.888,1.024000000000001,0.0,11007.0,0.45539964743924566,33339.728418210005,312.5,0.09789926691821851,0.23568805357528624,0.48433786995031325,0.16731967543820328,0.3966423095889183,0.4218402106711489,4629.0,3431.846153846154,-15.199999999999989,557.5153846153846,0.16245348993589456,0.0,-0.171875,-0.171875,0.6162321692480621,-1.4574526114638178,10776139.994179595,8425053.0,1123992.0,6624222.0,4363539.363865215,1405145.9055155243,2174779.4382198397,0.10336217330882683,0.08989106558479401,0.04559107006769175,0.12456179674541623,0.09238803962881607,0.051674362307795756,0.13062715739453984,0.07856726588066526,0.0381270453220962,0.11777020666158604,0.08875240955753799,0.03868740754023401,4.785689268104127,0.3205827097918501,0.6239488515612137,0.09375,0.4481627944075604,0.243852287899242,0.0026292510554463263,2136.221976605366,29.97411461481825,0.01599999999998881,Catherine,REC_20260811_193525.csv
right,280,loose,288.928,1.0400000000000205,1.0,13917.0,0.7222820526322139,32594.710935978554,406.25,0.12726904699368408,0.22677426029381337,0.4858266087316367,0.15926364967575485,0.4063611324175441,0.3919263851051472,4833.0,3476.6060606060605,-15.199999999999989,537.2954545454545,0.15454596959765707,0.4153846153846154,0.0,0.4153846153846154,0.6769651778993373,-1.3457769422231398,10724623.962353831,8411614.0,1894903.0,6377433.0,4077890.547196799,1539612.9845451517,2265973.339691622,0.09916498152151175,0.09280646398438044,0.04689788020361202,0.12596314761871558,0.09240115752039607,0.05517833484415313,0.1309837180112963,0.0753434209608814,0.04001202844989889,0.11567359319433791,0.08392022871487344,0.0416550449759431,4.298422693125837,0.24829271595227848,0.5903394790276383,0.09230769230769231,0.45990266846456723,0.21534197963635193,0.0034121326183727983,2052.7330561956637,47.09151385426341,0.01599999999998881,Catherine,REC_20260811_193525.csv
right,281,loose,289.984,1.0080000000000382,0.9841269841269841,15558.0,0.872781718241032,34585.75518909483,0.0,0.0,0.22253692089823993,0.4744082540967024,0.1636730584248047,0.39496750182043744,0.41439626721262635,4943.0,3476.15625,-26.400000000000006,551.796875,0.1587376502422755,0.03225806451612903,-2.0,-1.967741935483871,0.6218725122679234,-1.4354591831208012,10648702.45463418,8708494.0,1014036.0,6043900.0,4348120.912461711,1270010.061773926,2164176.4627797143,0.09869018402150363,0.09232090041982434,0.04931812256713144,0.12352005178133176,0.09207368051997088,0.05045533410645738,0.1332964750937188,0.07832825408811817,0.0365975349928531,0.11678668069077736,0.08534480433668654,0.04326797738162662,5.226823288170309,0.33958839438391264,0.6564783534607955,0.07936507936507936,0.49080937495917615,0.2101475839570623,0.004232635700735816,2304.7986896903617,212.71435267357106,0.01599999999998881,Catherine,REC_20260811_193525.csv
right,282,loose,291.008,1.0400000000000205,1.0,11572.0,0.5072170216433787,33061.831301366234,338.54166666666663,0.10605753916140338,0.22014558331693881,0.4538658272673618,0.1677016129032258,0.39523745519713255,0.42430597277137055,5083.0,3381.818181818182,-21.80000000000001,550.3484848484849,0.16273745519713262,0.3384615384615385,0.0,0.3384615384615385,0.6286052780688864,-1.4178749571332945,10865344.942492392,8530122.0,763581.0,6686530.0,4192690.8782639964,1503693.6113986832,2309330.902300759,0.1001926523297491,0.09355286738351254,0.045981182795698926,0.12861559139784945,0.09518369175627239,0.046236559139784944,0.13527777777777777,0.08043010752688172,0.03164874551971326,0.1185663082437276,0.08727150537634408,0.03704301075268817,4.821549095925233,0.2943493944446229,0.6220092170286959,0.07692307692307693,0.46750577217739825,0.16975781436288653,0.003493142585556103,2003.3348031050023,217.6518400918618,0.01847520861405563,Catherine,REC_20260811_193525.csv
right,283,loose,292.064,0.9919999999999618,0.016129032258064516,13491.0,0.6832126696039649,31394.405106642807,1715.277777777778,0.5373581984177773,0.23325635103926096,0.4782699979004829,0.16281595949673178,0.4027279253409907,0.4042827657375753,4763.0,3360.8888888888887,-22.30000000000001,530.2142857142857,0.15776013526278007,7.0,-1.2131147540983607,5.786885245901639,0.7658513365092914,-1.1884211232418123,10470939.855463883,8162381.0,1817934.0,6301685.0,4096995.127993969,1363480.7208533725,2320920.1923802104,0.10516397778365513,0.09623776778629993,0.04192957267540711,0.1321126308232894,0.09739014621982091,0.04635961763705747,0.13479521668492842,0.07810197604564174,0.03062776287452299,0.11892639891185251,0.08471398345109005,0.03364094910643443,4.948897549078897,0.29189838591332434,0.6303004374290816,0.08064516129032258,0.4493066897054206,0.16920486609054797,0.0039633437967786945,1993.4578835108973,908.4960681115687,0.02444040370645351,Catherine,REC_20260811_193525.csv
right,284,loose,293.072,1.0079999999999814,1.0,15032.0,0.8245411185394852,32692.190443590654,500.0,0.1566388270691496,0.2207262341901265,0.43676050591595267,0.1531820663179953,0.41434659341046365,0.3696954886416662,4902.0,3549.1875,-37.400000000000006,527.328125,0.1485771391339567,1.1428571428571428,0.0,1.1428571428571428,0.6359472735834473,-1.4148878812703833,10763191.39045878,8598539.0,1408655.0,6318790.0,4371113.169350281,1170720.5222026806,2079116.1591635374,0.10186750488668181,0.09569091517424763,0.04577191962949267,0.12584746508884076,0.09655819113529505,0.05520189479986617,0.12850652438058005,0.07179460087696128,0.04104812721221406,0.11459929209149981,0.08138746544103403,0.04172609928328667,5.142486162406153,0.3081901270232864,0.6493281913731698,0.09523809523809523,0.46068016295824066,0.21955962277701072,0.00289628361612265,1733.437913511297,752.5923188332262,0.024440403706459703,Catherine,REC_20260811_193525.csv
right,285,loose,294.096,1.024000000000001,1.0,14673.0,0.7916164506823459,31728.068535604245,1725.6944444444446,0.5406215073150512,0.23201362281822052,0.4899957428693061,0.15954419833090547,0.40551100703851445,0.39343987108008716,4698.0,3390.1384615384613,-20.900000000000006,524.4615384615385,0.15470209975539914,0.71875,0.0,0.71875,0.7161726003041717,-1.2800885950033918,10079547.588147298,7894822.0,1490511.0,6086661.0,4190056.5944174244,1509048.5969772518,2108393.0895992303,0.10529181925857352,0.0960795792320713,0.04405084430406745,0.13301022422501463,0.097962869680839,0.04720025050031994,0.1334231867089613,0.07546322137965775,0.03125808340026956,0.11822072164059558,0.08408097695124775,0.03395822271838228,4.977574649653916,0.324997375566325,0.6532141596961504,0.09375,0.45887296870315675,0.24195215454548089,0.003322062234660694,806.2966782343971,704.6672329602261,0.016000000000017653,Catherine,REC_20260811_193525.csv
right,286,loose,295.136,1.0079999999999814,1.0,13921.0,0.7226489012991458,35376.52977611004,234.375,0.07342445018866389,0.23935135135135135,0.5111351351351351,0.16039237232742534,0.4028352737228006,0.3981587085089127,4625.0,3298.84375,3.5999999999999943,512.203125,0.1552674706099675,0.7936507936507936,0.0,0.7936507936507936,0.7864761087077884,-1.1830225898487838,11039599.638296355,8644964.0,2350609.0,6450736.0,4402745.222782648,1411890.9184605025,2135227.8364720293,0.10654301222966381,0.09644004054450897,0.043656394759527484,0.13553044153728105,0.09862357075869387,0.04360429317090268,0.13596146377044988,0.07684037020546972,0.02863692771141404,0.12088515862565483,0.08355200212195561,0.029726324564478084,5.205491703826127,0.3335988161523445,0.6607627491175996,0.07936507936507936,0.5166921824960159,0.2235833157297235,0.004763744761543103,566.9664893082327,795.4995492503518,0.009237604307041786,Catherine,REC_20260811_193525.csv
right,287,loose,296.16,1.024000000000001,0.015625,14027.0,0.7323703909728415,32404.99237771859,3973.214285714286,1.2447192508173497,0.23526872436865962,0.48370386358730844,0.1700863295014992,0.3974418204382604,0.4279527738520785,4633.0,3396.646153846154,0.30000000000001137,560.9846153846154,0.16515839153554185,3.0,-0.015873015873015872,2.984126984126984,0.5865370410492741,-1.5153208263549722,10694165.419315992,8442157.0,1323134.0,6429967.0,4384023.705592134,1500335.0072780258,2239059.026437429,0.10077814314572746,0.09702783741428196,0.04653006132746329,0.128361913561794,0.09630767000933048,0.04561060231359441,0.1361071101810836,0.08170503030138326,0.03013379713925954,0.11911297116612768,0.08838129920011595,0.02994356423983839,5.02770862150642,0.3243778507104234,0.648860193599985,0.078125,0.47899803907765504,0.21517374430611835,0.0042006374548961434,407.0331681797849,1882.1219552533528,0.009237604307041562,Catherine,REC_20260811_193525.csv
right,288,loose,297.2,1.024000000000001,1.0,15970.0,0.9105671309350193,33003.87693892946,3523.4375,1.1038142345029138,0.22904564315352696,0.4713692946058091,0.1598477388243918,0.40883980340291365,0.3909789054143264,4820.0,3483.892307692308,-11.900000000000006,540.1769230769231,0.15504983374033465,0.546875,0.0,0.546875,0.6519596559510414,-1.418437291665719,10884326.744147707,8238128.0,2355496.0,6712187.0,4413181.110328571,1411173.0623413438,2080899.896714893,0.09633787143469062,0.09380312912613213,0.048879900023404414,0.12604381483133364,0.09523388959298397,0.055009207208559834,0.1321112990333535,0.07739795895837104,0.03874976264390403,0.11422679319770547,0.08244977986602076,0.039756594083540514,5.239411781199121,0.33225575752471503,0.6626632406872321,0.09375,0.46780400736488154,0.2333712991777542,0.003552302122275318,1153.6092637162044,2041.206770935364,0.009237604307041562,Catherine,REC_20260811_193525.csv
right,289,loose,298.24,1.0079999999999814,0.0,14859.0,0.8086749136946799,31070.700088668746,1859.375,0.5825006381634001,0.22769806612601373,0.48845913911416095,0.1524969505951904,0.4145053731848251,0.3679010224243541,4809.0,3509.90625,-24.900000000000006,518.2890625,0.1476646456012892,0.0,-0.30158730158730157,-0.30158730158730157,0.8068567057539379,-1.1187057516026413,10116721.927751351,7979121.0,1467298.0,6043900.0,4337704.371216081,1266866.219134221,1894131.0324109602,0.10026977216271803,0.09362340518354301,0.044886348460161866,0.12559541298289661,0.09435793334935941,0.05747571605366952,0.12917902009490995,0.07277170864606426,0.04345290561535654,0.11489801187709786,0.07972524194912613,0.04376452362509682,5.073693586090895,0.31613614290909997,0.6439350777810743,0.09523809523809523,0.46150271158847334,0.2173383444733968,0.0025207634690520508,974.8328061768012,1113.5318949707441,0.009237604307041562,Catherine,REC_20260811_193525.csv
right,290,loose,299.264,1.0399999999999636,0.9846153846153847,14405.0,0.7670375899979075,33784.095799651055,1801.2152777777778,0.5642804968202872,0.22215674720094283,0.42997446474170103,0.1589189049963726,0.4081279593387394,0.3893849988953152,5091.0,3529.530303030303,-19.900000000000006,544.3333333333334,0.15422259807940794,1.078125,-5.0,-3.921875,0.6396934741055138,-1.426575898775413,10791097.415835379,8404283.0,1337794.0,6635218.0,4323133.771023723,2166401.364226081,1950318.6531675556,0.10609189135819427,0.09609828760801721,0.04193192501362959,0.12552962236369333,0.09567759466664377,0.05209724016844889,0.12721239412918708,0.07609390896719882,0.038725214531936177,0.11417091294661064,0.08282499602917376,0.043546012217266436,4.880014874704001,0.35449472156923223,0.6596122643371825,0.09230769230769231,0.5326683418256629,0.29290949508522934,0.003863809473915114,805.1565065243825,977.9686378672268,0.015999999999988815,Catherine,REC_20260811_193525.csv
right,291,loose,300.32,1.0079999999999814,0.015873015873015872,13409.0,0.6756922719318607,34173.888350610614,1885.4166666666667,0.590658910406585,0.23041666666666666,0.46270833333333333,0.1579918164092894,0.40394807905312013,0.39111911803001426,4800.0,3413.84375,18.19999999999999,522.1171875,0.15294114954733942,5.0,0.0,5.0,0.8408754237396742,-1.0208080466592628,10936652.312638497,8765916.0,1442863.0,6378654.0,4389245.36069208,1812575.5248267285,2042006.0537992413,0.10207519017236802,0.09399229241232848,0.04574206127623738,0.12910667045028057,0.09509991486868724,0.05031901357524052,0.134081817599297,0.0762291405398973,0.035430187746583304,0.11704640114240729,0.08176267586939209,0.03911463434728083,5.801111543149358,0.3554199452609591,0.6749357978935028,0.07936507936507936,0.504340221269291,0.14624682799029912,0.0022736953763072072,741.6908610275626,43.109541833502995,0.018475208614055907,Catherine,REC_20260811_193525.csv
right,292,loose,301.344,1.0400000000000205,0.0,9815.0,0.346078744693535,31414.179314443343,1512.1527777777778,0.47372367492093514,0.22890805806858827,0.48222175468125394,0.15685733853967462,0.40940788244816634,0.38313218983862946,4753.0,3406.878787878788,-19.400000000000006,517.9166666666666,0.15202086687361574,0.0,-0.015384615384615385,-0.015384615384615385,0.8145224972468643,-1.1029479071518282,10118949.954062477,8229576.0,1029918.0,5797111.0,4054741.561165085,1533338.7445140032,2148917.5581386425,0.10485470572015619,0.09691177386215055,0.045589582573581075,0.13148087203251888,0.0979435544842431,0.04973004705275423,0.13233475944390583,0.07480409510171043,0.033341635016499595,0.11720049454312577,0.08205324343796419,0.033755236731390144,4.882399463966223,0.28320905120941564,0.6251421996451195,0.09230769230769231,0.521962529620539,0.14911061803140074,0.004611743057502941,2414.4340951863496,195.77748148749976,0.01847520861407206,Catherine,REC_20260811_193525.csv
right,293,loose,302.4,1.0400000000000205,0.0,14333.0,0.760434313993133,31637.696913650336,250.0,0.0783194135345748,0.21911613566289825,0.4425488180883864,0.14606403308987148,0.4144611115474227,0.35241915108616245,4865.0,3472.6363636363635,-29.80000000000001,491.25,0.14146312730699756,0.0,-0.35384615384615387,-0.35384615384615387,0.9054690702086247,-0.9475767465892471,11133021.619787864,8139168.0,2755002.0,7078706.0,3958821.5326374285,1671611.5913093581,2144384.7172576566,0.1033665802769706,0.09099278340619738,0.046336291525956176,0.12777821408937406,0.09145091058230145,0.05982268296726791,0.13159594055690813,0.07105770657172526,0.04441652050228191,0.11140343988062515,0.0750063265181462,0.046772603122245786,4.36257404408849,0.23535969004350685,0.572135547951401,0.07692307692307693,0.47657143381251027,0.10465358506545135,0.005218445239313154,2386.8715926916398,857.0242352477295,0.018475208614088485,Catherine,REC_20260811_193525.csv
right,294,loose,303.456,0.9919999999999618,1.0,15596.0,0.8762667805768852,35994.78799770878,364.58333333333337,0.11421581140458828,0.22984527687296416,0.46763029315960913,0.14982110912343471,0.4057503273518618,0.36924457979156333,4912.0,3442.7301587301586,-10.900000000000006,498.55555555555554,0.14481400881544731,1.3870967741935485,0.0,1.3870967741935485,0.9776929973033822,-0.7180897633406991,10596606.49875558,8795237.0,3706730.0,4603480.0,4063812.473775554,1807132.327490912,1813947.37115543,0.10336480829168433,0.09400992198882394,0.05362576766316877,0.13125887538498424,0.09525478118141749,0.050647326780148647,0.1330523947402394,0.07142725411725652,0.03457942201648747,0.11595171790568579,0.0783938550061782,0.038433874923925276,3.626392409875929,0.16675434746852924,0.5253441638342188,0.08064516129032258,0.420941167542828,0.17196655536546504,0.0027279599096129534,3039.392867004591,697.9821636394054,0.027712812921134568,Catherine,REC_20260811_193525.csv
right,295,loose,304.464,0.9759999999999991,0.0,17161.0,1.019796321513997,38904.571119599816,416.6666666666667,0.13053235589095802,0.18869521069554918,0.42511423252665426,0.10569089416898532,0.4649078207258242,0.22733731173616734,5909.0,4028.7903225806454,16.100000000000023,408.9516129032258,0.10150729627479632,0.0,-2.2950819672131146,-2.2950819672131146,1.6697633928481799,1.2997497861539191,10861079.999711677,9316916.0,1356120.0,5414709.0,4129445.811470132,2480022.484206973,1702495.6787632494,0.09656704766098845,0.10657165162039353,0.056856896931360965,0.1140901175010509,0.09265968733110475,0.08256700762655883,0.11091939067598133,0.05260123706387493,0.06901935664671617,0.08917669195508136,0.05308965710511039,0.07588125788177832,4.286091403050882,0.23135358312205836,0.5859396082058629,0.09836065573770492,0.40651657757879445,0.3640016306396123,0.007853132381946393,1416.6849802732913,85.2640913736761,0.033306655991475254,Catherine,REC_20260811_193525.csv
right,296,loose,305.456,0.9919999999999618,0.9838709677419355,11485.0,0.49923806313760954,34412.463585160534,333.33333333333337,0.10442588471276643,0.19312362838332114,0.4423920994879298,0.12372417687710902,0.4427297175946713,0.27945758317109337,5468.0,3429.15873015873,-30.900000000000006,408.41269841269843,0.11909996898679394,1.7704918032786885,-6.0,-4.229508196721311,1.5981097948072402,0.9719530826344092,9104318.121433752,8549669.0,1634675.0,2668259.0,4167006.347353003,1692492.1981196976,2302537.0132369203,0.1135916532816138,0.10297310182977915,0.03878039409915894,0.1345232529612983,0.1022093437698172,0.0599712086355578,0.12287247091933326,0.06161907451038479,0.04305281039821882,0.10398681707300138,0.06210510236672422,0.05431477015511232,4.033697314388625,0.18341132452975956,0.5384830736348359,0.06451612903225806,0.45478277952185514,0.16764575004687435,0.006994085537240664,2931.6241800974176,42.098457128419795,0.00923760430701048,Catherine,REC_20260811_193525.csv
right,297,loose,306.464,1.2800000000000296,1.0,11806.0,0.5286776686588958,34587.603284992154,1387.5,0.4346727451168902,0.23143564356435645,0.48576732673267325,0.18002209410708736,0.3819173542306763,0.47136400614626967,4848.0,3576.1728395061727,-23.19999999999999,630.395061728395,0.1762764525149308,0.925,0.0,0.925,0.14848216833941338,-1.8352055677863293,9877301.084089823,8695055.0,2398256.0,4025601.0,3820003.653485015,1450938.8852247824,1457935.780249141,0.090751544861394,0.08603583387993233,0.04603859564331826,0.12407222011254186,0.08668484827562399,0.04950115648841785,0.13779127973210895,0.0862636793592709,0.03562329547416025,0.12461076397279663,0.09375841474781649,0.0388683674526185,4.372480708832008,0.2454646797706736,0.5901815299853442,0.1,0.5341570093101662,0.11077759852511383,0.0009680898505599718,3188.4176326194174,586.0502206390779,0.1710828259450451,Catherine,REC_20260811_193525.csv
right,298,loose,307.76,1.0079999999999814,0.015873015873015872,11060.0,0.46026039227609356,33278.85474291445,359.375,0.1125841569559513,0.23865082732286805,0.4787865931268562,0.16944692010134899,0.39682421176898774,0.4270075138456154,4714.0,3348.578125,2.6999999999999886,550.0234375,0.16425581753449459,1.0,-0.3870967741935484,0.6129032258064516,0.6427934683604767,-1.448039552835516,10287116.318099257,8411614.0,1848478.0,5626068.0,4039707.1243742984,1602880.3988629463,1976543.162114786,0.09597357087196524,0.08946894437471128,0.044323850141617945,0.12626627906434168,0.09067281355426043,0.05283959143106449,0.13599055569294805,0.08176044869790816,0.037576583344609886,0.11854845106831724,0.08768647140344082,0.038892440354814775,4.07140782850287,0.14086472787845833,0.48344643874922544,0.09523809523809523,0.5124385438423861,0.05475532132397525,0.0015038456582485184,374.2062711013372,601.2468357697602,0.16185590299196437,Catherine,REC_20260811_193525.csv
right,299,loose,308.784,0.896000000000015,0.0,12950.0,0.6335963874014234,29279.137009140144,437.5,0.13705897368550593,0.221285140562249,0.4423694779116466,0.15465382733849997,0.41144210716032853,0.3758823529409084,4980.0,3406.9298245614036,7.699999999999989,509.0175438596491,0.14940652436983443,0.0,-2.9642857142857144,-2.9642857142857144,0.8742684151988565,-0.9856173723528845,10182222.307249581,7815409.0,1816713.0,6268699.0,3777029.416433693,1184108.482828118,2134418.9842088334,0.10021370272149129,0.09877185303432116,0.043888874584824523,0.1294781019078761,0.09755143026339504,0.05074281006205103,0.1331084734416437,0.0740647287520276,0.034897911892685186,0.11411210381317748,0.08058909858647237,0.0425809109400345,3.8834349248846567,0.21149567287243434,0.5050446809020416,0.07142857142857142,0.3984936408874642,0.07088096724738746,0.0023885891151350647,951.9586825758829,572.3700043459658,0.19747742487013095,Catherine,REC_20260811_193525.csv
left,275,loose,284.352,1.024000000000001,0.015625,15573.0,0.8741574007420267,32623.730641972877,0.0,0.0,0.19314497452524318,0.49745252431681336,0.12992127944552048,0.4406508760835901,0.2948394897115316,4318.0,3089.8,-32.30000000000001,388.81538461538463,0.1258383664364634,1.0,-0.42857142857142855,0.5714285714285714,0.4889426944527058,-1.5167479401475497,9417318.271165418,8560665.0,2142915.0,3287676.0,4049402.7659486467,618287.4419723706,1472959.1716313746,0.09807455797487515,0.07786413858004251,0.0561350747123289,0.10361138634813305,0.08192713494027494,0.10456738549171717,0.11903683086283902,0.07001697894312302,0.07268083072342246,0.08624904773522807,0.05990430050239746,0.06993233318561819,3.5874521189953166,0.08589203365175037,0.46892855785659004,0.0625,0.44794548091894804,0.12300289406949436,0.0022293581635097004,13094.73241421906,750.7471201582637,0.06466323014923094,Catherine,REC_20260811_193525.csv
left,276,loose,285.392,0.9279999999999973,1.0,40545.0,3.1643936283979723,41567.84229425434,2734.375,0.8566185855344121,0.1961676646706587,0.5039520958083832,0.11002833446135844,0.45470501187294227,0.241977395428449,4175.0,2955.0169491525426,15.300000000000011,311.3305084745763,0.10535658976976815,0.15517241379310345,0.0,0.15517241379310345,1.0568094382535496,-0.4736591765775344,8517454.13101597,7469660.0,1711644.0,3717725.0,4596283.604651552,785062.7431062455,1653131.6854402816,0.10257763298268958,0.07693322473701719,0.05787342411067647,0.11053881362348432,0.0830188246360685,0.10874353297465958,0.11820173677629539,0.061142785036651257,0.07547061590171268,0.08078762919711377,0.048885549424707186,0.07582623059892397,3.85454779075733,0.27172907261403373,0.46280834576895075,0.06896551724137931,0.45140037351699036,0.22473261886203771,0.006133334059346434,13252.843883484013,1367.287529409489,0.07332121111929671,Catherine,REC_20260811_193525.csv
left,277,loose,286.336,1.0079999999999814,0.07936507936507936,45513.0,3.6200196727274108,47083.83651530534,4268.75,1.3373039861028648,0.19714686623012162,0.5194106641721234,0.12053532853170952,0.4518524542668205,0.2667581583178614,4276.0,3074.046875,-32.099999999999994,357.7734375,0.11638516003436024,3.4,-0.6206896551724138,2.779310344827586,0.7332456571209676,-1.125112290112725,7268069.945324549,6657209.0,1734857.0,2344500.0,4393687.158447254,776027.5366839614,1653025.30474433,0.09618835106410015,0.0708908757287574,0.05300423403595627,0.10978504516135591,0.08137684953161295,0.11120316764850893,0.1204946655213252,0.0670990500104199,0.07859651619658532,0.08367939249462486,0.053436278521289626,0.07424557408546348,5.0022717703687505,0.2886272818265408,0.6185093250861838,0.07936507936507936,0.4659460194020386,0.21782963648649536,0.005449912609238414,16045.172732008828,2162.303549602831,0.05143280405862776,Catherine,REC_20260811_193525.csv
left,278,loose,287.36,1.103999999999985,0.028985507246376812,50337.0,4.062439165047301,52402.365910328896,2991.0714285714284,0.9370358405029486,0.1957136128120584,0.5226095148374941,0.12801128324202735,0.4426087508616624,0.28921995553121255,4246.0,3150.057142857143,21.400000000000006,391.57142857142856,0.12430613503609911,12.5,-0.04477611940298507,12.455223880597014,0.5100430502421087,-1.4778329703296356,7499230.700510953,6943094.0,1722639.0,2250427.0,4160055.4877730603,758724.958044845,1265466.705092962,0.09701864818778796,0.06973116133947684,0.053695171062656456,0.1076987265537133,0.08044298516126691,0.10810688241483148,0.12061459202554148,0.06979465225120633,0.07662899539237383,0.08755850234009359,0.05821663099082102,0.07049305228023074,4.908829802652164,0.2848757731447682,0.5768493812046845,0.11594202898550725,0.45141291400566075,0.277356858717675,0.0021483098146700525,4896.17646740801,821.8538220545572,0.08812112875657217,Catherine,REC_20260811_193525.csv
left,279,loose,288.48,1.024000000000001,0.015625,47216.0,3.7762054926736734,49379.362571827514,276.0416666666667,0.08647768577775969,0.19976275207591934,0.5297746144721234,0.12624124049500524,0.4555191093882014,0.27713709017491667,4215.0,3095.5384615384614,-7.300000000000011,378.0769230769231,0.12213607673574874,13.0,-0.30158730158730157,12.698412698412698,0.5771623238711523,-1.4289710532740125,7513692.235769642,6704856.0,1634675.0,2971248.0,4308185.571042004,640016.1675770505,1433315.1785336358,0.09081556582674818,0.06778987127876349,0.051980517866905225,0.11136126435067839,0.08073654390934845,0.1151781720590428,0.12200685850603847,0.07033447641767308,0.08045325779036828,0.08342527707370409,0.055906764077332145,0.07001143084339745,4.183081111298075,0.1429318771764512,0.4987957334275872,0.09375,0.42631697520416606,0.15324096859461192,0.003324703336281955,2446.488163333999,2039.0181041776716,0.05143280405862773,Catherine,REC_20260811_193525.csv
left,280,loose,289.52,1.0400000000000205,0.0,16630.0,0.9710971609787853,35673.02850894496,164.0625,0.05139711513206472,0.1959251362236437,0.5174129353233831,0.12763040180481544,0.4525069041969738,0.28205183306809417,4221.0,3116.242424242424,-43.69999999999999,385.4166666666667,0.12367993698704735,0.0,-0.4461538461538462,-0.4461538461538462,0.44636802710702317,-1.5655254718690605,10885832.777504025,9672440.0,2263866.0,4451985.0,4318435.078776731,817641.8097699168,1401240.0950152234,0.09068322377377572,0.06876482943716208,0.051105643937920574,0.1094850052510794,0.08070131082500293,0.11326772725504688,0.12072620483099304,0.07123478159399434,0.08028803142868257,0.08578707845501575,0.05639562021082112,0.07156054300050567,3.88664006278588,0.13305406101708123,0.47428398744285166,0.06153846153846154,0.46093272451658,0.13940691764917112,0.002559784722253264,18625.278011347906,1600.8281931559961,0.0423320209770215,Catherine,REC_20260811_193525.csv
left,281,loose,290.576,1.0079999999999814,1.0,44603.0,3.5365616010004,46152.00603440765,0.0,0.0,0.204,0.5089411764705882,0.1310180721655829,0.4436655110874069,0.2953082195737184,4250.0,3046.8125,-2.0999999999999943,386.1484375,0.12673849719994257,1.0317460317460319,0.0,1.0317460317460319,0.530080035305079,-1.4711623310182136,7859820.605076556,6907664.0,1689653.0,3347541.0,4488262.814845394,698206.5802296622,1736379.6401565755,0.0934173008677101,0.06796549672813801,0.053862643336273566,0.10814067980881659,0.07840673654844202,0.11045354776508236,0.1217307021682496,0.07219122443537303,0.07869905023692794,0.08721204537528975,0.05882684773020985,0.06909372499948717,3.9286763262218605,0.137085128270637,0.4895708705290235,0.09523809523809523,0.43851708219681407,0.13836908455619104,0.0030238443013509975,16954.939762008387,138.83733852347297,0.01600000000002151,Catherine,REC_20260811_193525.csv
left,282,loose,291.6,1.0399999999999636,0.0,52069.0,4.22128463782882,53208.41424060672,2312.5,0.724454575194817,0.2061465721040189,0.524113475177305,0.14261650480640986,0.4399272863790395,0.3241819937566373,4230.0,3067.242424242424,-12.400000000000006,424.67424242424244,0.1384547367589089,0.0,-0.9076923076923077,-0.9076923076923077,0.2853970757789793,-1.7420801940959976,7344315.937712647,6798930.0,1329242.0,2438574.0,4352384.664660945,850395.5934769752,1443723.5810196488,0.0853742874361533,0.06343670654718976,0.05172447860579536,0.10642270719924127,0.07630484395222241,0.11187622877127812,0.12444797913435225,0.07966883687845168,0.08188679990910798,0.08866418360189293,0.0629476679279582,0.06724528003635681,3.9610410924352615,0.1352573047630515,0.4879372808614489,0.06153846153846154,0.467268327334785,0.08899147811740735,0.00192923165883162,18682.22241419187,1290.3718098099012,0.018475208614075873,Catherine,REC_20260811_193525.csv
left,283,loose,292.656,0.9759999999999991,1.0,46044.0,3.6687188332626226,47721.815095404745,2243.0555555555557,0.702699182546324,0.19827792394164076,0.5185362353503946,0.12493151873810054,0.43888759309383424,0.28465493375497275,4181.0,2973.5,48.19999999999999,358.18548387096774,0.12045921771345813,0.14754098360655737,0.0,0.14754098360655737,0.6778052985035818,-1.2420267018267184,7821807.207844872,6893003.0,1824043.0,3215594.0,4374899.806363086,771729.0171575326,1632205.8316185866,0.09877574488628042,0.07228366701562729,0.05520810167229885,0.10639140363533796,0.07984508318100207,0.1039287903361413,0.12175832759265989,0.06923523381265696,0.07643864892572563,0.08658201207439913,0.055696284925443575,0.07385670194242692,3.922910555661064,0.22391671010409397,0.45420062843560705,0.09836065573770492,0.47060610557541915,0.2104886448365549,0.003430180991520487,3960.603110638593,1315.5339224166,0.03199999999998324,Catherine,REC_20260811_193525.csv
left,284,loose,293.648,0.94399999999996,0.01694915254237288,17396.0,1.041348680696247,37910.652513508656,0.0,0.0,0.19867706118592016,0.517363571934798,0.11374297344446599,0.45340459114446324,0.25086418546684275,4233.0,3009.4166666666665,54.0,328.825,0.10926536150416748,7.0,-1.0,6.0,0.9013377184254495,-0.790409374447151,10570738.673020018,9244834.0,2017077.0,4712214.0,4474721.425610373,600812.3456147044,1549122.1055384867,0.10045689917758148,0.07715227203500125,0.05941350760114087,0.1066762661645391,0.08433528092376708,0.10814941987649876,0.1190928474510564,0.06275302522637277,0.07709135214465705,0.08174895467006342,0.0509899482180932,0.07214022651122864,4.6429505111025975,0.3510995457834636,0.574788734931012,0.06779661016949153,0.4627666022241148,0.1631177014611744,0.006593615406294103,18525.772399551923,1315.5339224166,0.04888080741286066,Catherine,REC_20260811_193525.csv
left,285,loose,294.608,1.0079999999999814,1.0,16568.0,0.9654110066413406,37535.8706439587,2773.4375,0.8688559938991893,0.19456906729634002,0.5218417945690673,0.12074388969287667,0.45467518893712816,0.26556076212350255,4235.0,3109.5,24.5,362.9140625,0.116711388486895,0.6825396825396826,0.0,0.6825396825396826,0.6584473644010808,-1.2561514370743447,10575739.974456161,9266825.0,2173458.0,4609589.0,4379091.370033243,1178502.4223288123,1529247.0500953926,0.0974181942434475,0.07476081363563274,0.053259165460684994,0.10869412284933269,0.08344388165299887,0.11056339443640456,0.11808068017366136,0.06584157420807203,0.07721297636275928,0.08399662325132658,0.054902315484804634,0.07182625824087474,4.747044351086187,0.26782511496918904,0.6116882371919592,0.07936507936507936,0.4486882143165946,0.1770275689575455,0.003907137875117489,16784.060215970774,1472.218212919287,0.03200000000001172,Catherine,REC_20260811_193525.csv
left,286,loose,295.632,1.103999999999985,1.0,50184.0,4.048407203537154,52980.66232126586,1187.5,0.37201721428923035,0.19207738369415017,0.5112851220635651,0.13694647485566178,0.43550606380595824,0.31445365802433073,4342.0,3125.1,-65.4,416.25714285714287,0.13319802337753764,0.4057971014492754,0.0,0.4057971014492754,0.3069041813750727,-1.6829760506873392,7683111.528260995,6841690.0,1628566.0,3093421.0,4177558.1192377903,805535.8699676552,1675548.8754327104,0.0908268078278638,0.06695100042512925,0.05694446349145399,0.10343897566706438,0.07594728397262716,0.11061131758069456,0.12018815397907268,0.07478160698857636,0.07855748616044286,0.0885960220701509,0.062164867867085395,0.07099201396983869,5.3311821525535645,0.3209350109344864,0.6261157203979835,0.11594202898550725,0.46743551113704795,0.2620963934613632,0.0027364928175117945,19173.653729358237,1391.4806005542252,0.08053156730956688,Catherine,REC_20260811_193525.csv
left,287,loose,296.752,1.024000000000001,1.0,50916.0,4.115540509585695,52935.04279775355,2488.715277777778,0.779658884040368,0.1983625730994152,0.5225730994152047,0.13180219428845502,0.4445032874358001,0.2965156794422921,4275.0,3079.3230769230768,5.400000000000006,392.87692307692305,0.12758548332300806,0.125,0.0,0.125,0.5028720119427524,-1.52152119793699,7936383.862172306,6907664.0,1480737.0,3616322.0,4498297.256693721,728307.0476132686,1782220.902490024,0.09319730610124104,0.06888626871040589,0.05277883251064171,0.10700653490277584,0.07770439057535124,0.11103839005575651,0.12031615340034774,0.07366753931933093,0.07986770319151063,0.08550830352325187,0.05813465496912409,0.0718939227402626,4.276628034526798,0.15968220462521718,0.5144637452889284,0.09375,0.4654266605389414,0.16215387662987857,0.00356666772227208,19622.93039618021,845.52012560866,0.05143280405862765,Catherine,REC_20260811_193525.csv
left,288,loose,297.792,1.024000000000001,0.0,45484.0,3.6173600198921543,47332.12085888398,2395.8333333333335,0.7505610463730087,0.2024033930254477,0.5256833176248822,0.1310769543973941,0.45084486970684035,0.29073626696147187,4244.0,3022.769230769231,-6.5,383.0923076923077,0.12673554560260586,0.0,-0.1875,-0.1875,0.5750833738040049,-1.4176966194649006,7801849.216015457,7106806.0,1012814.0,3055547.0,4467742.110659469,719089.045199412,1535816.9315479686,0.08828888436482084,0.06371640879478827,0.04912459283387622,0.11114617263843647,0.07666429153094462,0.11539087947882735,0.12300997557003257,0.07333061889250814,0.08392711726384364,0.08430883550488599,0.057746335504886,0.07334588762214983,3.959198356622561,0.14110475230083208,0.48705005464934126,0.09375,0.45099833566773234,0.15860454752633202,0.0029604840612861773,2947.667100154547,725.9313212660592,0.04618802153516148,Catherine,REC_20260811_193525.csv
left,289,loose,298.832,0.9440000000000168,0.0,18554.0,1.1475513697730364,33951.78001224678,343.75,0.10768919361004037,0.19693450998606596,0.5132373432419879,0.11479929299554233,0.4606200740353725,0.24922772468366935,4306.0,2998.5666666666666,-48.30000000000001,330.2916666666667,0.11014984937247797,0.0,-0.3898305084745763,-0.3898305084745763,1.0887661831479276,-0.4145084415832203,13762345.632164635,8646186.0,2932153.0,10297966.0,4336805.078714618,1524239.0516249156,3225705.761326552,0.09638493947108062,0.07601965383460987,0.0513356381382216,0.11041942261302623,0.08453483330924774,0.11149215736407395,0.12013517569505432,0.06411396556132375,0.07815400691441467,0.08009382260413309,0.050685327434218566,0.07663105706059561,5.8781374981479715,0.437633842172616,0.663064212749065,0.1016949152542373,0.4765710955527411,0.24554719025161378,0.005840096128016646,17330.274896838768,1212.4733059206235,0.04618802153516143,Catherine,REC_20260811_193525.csv
left,290,loose,299.792,1.1040000000000418,0.028985507246376812,20229.0,1.3011692490507758,38054.536562675414,126.48809523809524,0.03962589375261226,0.1953564727954972,0.5227485928705441,0.12725470852829643,0.45453023323166597,0.2799697340778392,4264.0,3156.885714285714,54.400000000000006,389.89285714285717,0.12350553438741618,3.0,-0.04477611940298507,2.955223880597015,0.5948264194326854,-1.3801136031217256,11141851.561596664,9597914.0,2814867.0,4908913.0,4510615.094211776,673429.5357448825,1531234.3000018236,0.0908399779167534,0.07495633128490103,0.051515508050429454,0.10765130191599316,0.08358146817387842,0.11001348526124301,0.11779239938094506,0.0704672778778362,0.07832764659565034,0.08383488247911594,0.05678743065046022,0.0742322904127938,4.782660471641956,0.2608564862105918,0.5756941434635211,0.11594202898550725,0.46725298515298397,0.25170365600390104,0.002384827041647036,15087.774024023549,1252.2098168085843,0.08000000000001285,Catherine,REC_20260811_193525.csv
left,291,loose,300.912,0.9120000000000346,0.0,49193.0,3.9575204463047724,52336.4543984401,2689.732142857143,0.8426329759746666,0.19333178976614956,0.5082194952535309,0.12327421837311342,0.45263145804139576,0.2723500900853174,4319.0,3002.137931034483,2.6999999999999886,356.1810344827586,0.11864246169396521,0.0,-1.0,-1.0,0.7273757961234222,-1.227635810507963,7791390.536160153,6940650.0,1670105.0,3121521.0,4675976.159109918,779708.9649900394,1607100.7105328713,0.09371482391858676,0.07190278192552434,0.05329535273712986,0.10931290344811742,0.07890928303967287,0.11100135535595322,0.12235533298109394,0.0687785715926581,0.0815051342721279,0.08422733224598562,0.054495646780455306,0.07050148170269463,4.332053777487318,0.2902777611621626,0.5535784251462372,0.07017543859649122,0.445380982346029,0.13754530181308672,0.00514917707693922,17226.274708518176,1421.3288968145166,0.10286560811726629,Catherine,REC_20260811_193525.csv
left,292,loose,301.84,1.1200000000000045,0.08571428571428572,44110.0,3.4913475028010414,45807.36036926817,2363.715277777778,0.7404991772730806,0.1902519425476807,0.52130915940664,0.13102080826983914,0.44648665508176266,0.2934484307168222,4247.0,3160.9859154929577,47.400000000000006,403.056338028169,0.12750969121775163,4.0,-0.25,3.75,0.3478391270147906,-1.6425081468168712,7486848.224956681,6560692.0,1657888.0,3203377.0,4230663.94912941,820703.7724273182,1393957.6313515513,0.08818785367375127,0.06688054181704763,0.04797932540212984,0.110876442543332,0.07783718754177249,0.11135320589938957,0.12147217395178898,0.07257942342824043,0.079539277280221,0.08538965378960033,0.05844138484159872,0.07946352983112774,4.540831162773666,0.23646972651087755,0.5540077837602363,0.11428571428571428,0.4502076597326872,0.25705316915925663,0.0028498835411473853,15465.296343749764,1395.3310545210584,0.11574685020911617,Catherine,REC_20260811_193525.csv
left,293,loose,302.976,0.9440000000000168,0.0,46006.0,3.6652337709267693,47776.29601591149,125.0,0.0391597067672874,0.19148936170212766,0.5218742529285202,0.10772481853999687,0.47484421192582704,0.22686349719421334,4183.0,3083.7833333333333,-7.0,319.375,0.10356596604819837,0.0,-1.0677966101694916,-1.0677966101694916,0.9325104824096497,-0.6461576733784891,6891246.520079586,5958379.0,2356718.0,2536312.0,4252871.909673375,906811.2279054817,1534967.3757445558,0.09135423478735535,0.07291908748452929,0.04755522167035082,0.11631815897139336,0.08620363514514097,0.11596685889086458,0.11961497511174045,0.061715317223972714,0.08343647143389885,0.08027477070913976,0.046009501316024146,0.07863176725558972,3.2959305914004196,0.18440651675564365,0.4504431943387636,0.06779661016949153,0.4470783206707594,0.10080399903455814,0.004877832152500878,2568.679102833475,1396.1843273649072,0.1119999999999869,Catherine,REC_20260811_193525.csv
left,294,loose,303.936,1.0080000000000382,1.0,46159.0,3.679265732436915,47268.524337025796,1386.71875,0.43442799694959466,0.17865375749193177,0.4972337482710927,0.09928785220352977,0.4656532444745883,0.21322272180341495,4338.0,3179.203125,42.599999999999994,303.609375,0.09549857717883314,0.12698412698412698,0.0,0.12698412698412698,1.0351178919269313,-0.28803935332307073,8099507.389484499,7142236.0,3249803.0,2007303.0,4231152.09699696,1109422.9028488935,1142316.9641737463,0.09300188235062835,0.07594768736269407,0.052759879883422046,0.11387484088485224,0.08299052926981505,0.1117172640549666,0.12044095169288688,0.0553204665084116,0.0811229229022603,0.08230737851957792,0.043967385695118176,0.08654881087536677,3.8936310904010965,0.2063521635719107,0.5552339493212861,0.09523809523809523,0.42666183217662457,0.20344292714805143,0.007575461881051241,1141.3899421319677,1122.3711889230326,0.08908422980527213,Catherine,REC_20260811_193525.csv
left,295,loose,304.96,0.9600000000000364,0.0,46805.0,3.7385117921464195,47676.73950680772,2180.5555555555557,0.6831193291626804,0.16401889222842422,0.44096178617432374,0.10154038942488942,0.4563662526748403,0.22249758572127507,4658.0,3087.3606557377047,32.400000000000006,301.0245901639344,0.09750224341445025,0.0,-0.11666666666666667,-0.11666666666666667,1.0594588717055868,-0.2671007690403555,7496577.678881277,6885672.0,1977981.0,2207666.0,4332796.205959496,969542.7168940973,1245191.5504938145,0.10608031689224709,0.08903036707039277,0.05484019986300571,0.10134923458415859,0.09096315490444913,0.1010306431829405,0.11395483435902065,0.05593934019720808,0.07399285293289934,0.07907438578232774,0.045601049227681344,0.08814362100366911,4.178447870268315,0.2751398451790004,0.5505562182165071,0.08333333333333333,0.44852962308343414,0.20943985242122742,0.011289287757898702,424.0923641535824,1036.6146599975887,0.03330665599146763,Catherine,REC_20260811_193525.csv
left,296,loose,305.936,1.1680000000000064,1.0,17018.0,1.006681481671181,36910.97827205343,0.0,0.0,0.19708372530573848,0.5087017873941675,0.11818801089918257,0.45553430447844623,0.2594492000649994,4252.0,3094.7027027027025,23.599999999999994,354.9121621621622,0.1146837665059736,0.9726027397260274,0.0,0.9726027397260274,0.6583930386934946,-1.2367370528398094,11157710.814383298,9248499.0,3147177.0,5390274.0,3939755.2507008123,1068188.274943027,1423470.3557037914,0.09403601620904073,0.06888405645217635,0.05033885279116887,0.10935862502619997,0.07929853978900302,0.1146815831761336,0.12189093830783204,0.06646492698945015,0.08331150003493329,0.08215870187941032,0.05172308390973242,0.0778531754349193,3.816208109263652,0.15713825077508403,0.48482745610192557,0.0958904109589041,0.3937929780685801,0.09442508577532731,0.0023281808319741836,17014.11456213144,1103.6294891795576,0.10890974856884773,Catherine,REC_20260811_193525.csv
left,297,loose,307.12,0.9599999999999795,0.0,13089.0,0.6463443785773074,31001.336793757782,276.0416666666667,0.08647768577775969,0.1966213045518536,0.526278742374472,0.11123703493830657,0.4650700266106676,0.239183410182113,4262.0,2950.8688524590166,18.80000000000001,314.77868852459017,0.10667322211296477,0.0,-0.55,-0.55,1.0414472407610467,-0.4966148306306559,11551239.613594249,8308988.0,4037819.0,6934542.0,4459404.335919999,1113775.473760979,2084713.3220692945,0.09537063271167703,0.07039327122325738,0.05044915918068031,0.1136981050315828,0.08207640983761381,0.11516474725421243,0.1218313028116198,0.06312117020271883,0.08373749326400115,0.07912645900346105,0.04811586473558774,0.0769153847435876,4.201037363856415,0.30889815745821225,0.5624645183260781,0.06666666666666667,0.44350601909995085,0.10739589074169754,0.0073321602005876375,18436.698303474317,1187.3075061928257,0.12008885599144142,Catherine,REC_20260811_193525.csv
left,298,loose,308.096,1.2160000000000082,0.06578947368421052,13984.0,0.7284267678033235,28831.542414515392,187.5,0.05873956015093111,0.20621398145828113,0.5457278877474318,0.1360008428150021,0.44715128529287823,0.3041495066391784,3991.0,3081.818181818182,-4.900000000000006,408.5584415584416,0.13257058575642647,2.6,-0.07042253521126761,2.5295774647887326,0.34974785457011537,-1.628070371099903,10933489.659839122,9225286.0,2977357.0,5056742.0,3942422.5256680944,899017.4710902065,1382401.8794653527,0.08112094395280235,0.05905183312262958,0.05134428992836072,0.11062368310155919,0.07185840707964601,0.11800674252001686,0.124551201011378,0.07731984829329962,0.08761061946902654,0.08654445849136115,0.05868099452170248,0.07328697850821744,4.58161110451278,0.1695289930213301,0.5590595656063446,0.09210526315789473,0.456156871260774,0.1115719933936912,0.0016607659145677768,2059.2564191958118,140.946135380498,0.1360784087698622,Catherine,REC_20260811_193525.csv
