foot,step_id,contact_time_sec,stance_duration,impact_mag,loading_rate,predicted_surface,max_confidence,prob_brick,prob_concrete,prob_grass
right,0,2.192,1.2639999999999998,17410.0,2000.0,concrete,0.8809497,0.079079956,0.8809497,0.039970327
right,1,3.472,1.1519999999999997,18339.0,1031.25,concrete,0.88285154,0.05508169,0.88285154,0.062066738
right,2,4.64,1.088,19152.0,698.6607142857142,concrete,0.9093396,0.054425348,0.9093396,0.03623498
right,3,5.744,1.1520000000000001,20052.0,676.3392857142858,concrete,0.85616565,0.12196484,0.85616565,0.021869522
right,4,6.912,1.104,20626.0,589.5833333333333,concrete,0.7999956,0.19757403,0.7999956,0.0024304164
right,5,8.032,1.1199999999999992,19229.0,784.7222222222222,concrete,0.5865415,0.40895802,0.5865415,0.0045004967
right,6,9.168,1.120000000000001,18798.0,945.3125,concrete,0.67831033,0.32058895,0.67831033,0.0011007725
right,7,10.304,1.1359999999999992,20870.0,1625.0,concrete,0.9019736,0.0972639,0.9019736,0.0007625048
right,8,11.456,1.120000000000001,19305.0,1052.0833333333335,brick,0.912693,0.912693,0.086964265,0.000342699
right,9,12.592,1.1039999999999992,20856.0,953.125,brick,0.910248,0.910248,0.08946392,0.00028805883
right,10,13.712,1.088000000000001,18961.0,2453.125,brick,0.93608177,0.93608177,0.06333725,0.0005810193
right,11,14.816,1.0719999999999992,21588.0,656.25,brick,0.8767824,0.8767824,0.12254535,0.0006722398
right,12,15.904,1.1039999999999992,19114.0,867.1875,brick,0.9133521,0.9133521,0.086307056,0.00034082893
right,13,17.024,1.1039999999999992,17214.0,847.9166666666667,brick,0.8213324,0.8213324,0.17680787,0.0018596689
right,14,18.144,1.120000000000001,16458.0,1187.5,brick,0.82529485,0.82529485,0.17201549,0.0026896982
right,15,19.28,1.1359999999999992,15041.0,1937.5,brick,0.8513113,0.8513113,0.12145626,0.027232401
right,16,20.432,1.120000000000001,16530.0,1002.0833333333334,brick,0.8486299,0.8486299,0.15016952,0.0012005533
right,17,21.568,1.1519999999999975,17951.0,1437.5,brick,0.8677808,0.8677808,0.13109292,0.0011262232
right,18,22.736,1.152000000000001,17693.0,989.5833333333334,brick,0.8046062,0.8046062,0.19372699,0.0016667463
right,19,23.904,1.152000000000001,18229.0,1072.9166666666665,brick,0.91170126,0.91170126,0.08676375,0.0015350019
right,20,25.072,1.1359999999999992,15501.0,1088.5416666666665,concrete,0.80553615,0.18465078,0.80553615,0.009813068
right,21,26.224,1.120000000000001,19392.0,1195.3125,concrete,0.95056665,0.046467237,0.95056665,0.0029661525
right,22,27.36,1.152000000000001,17391.0,1167.1875,concrete,0.90496016,0.09424196,0.90496016,0.0007978385
right,23,28.528,1.1360000000000028,17444.0,1402.0833333333335,concrete,0.9208936,0.06270733,0.9208936,0.01639899
right,24,29.68,1.184000000000001,15807.0,1109.375,concrete,0.8729654,0.09198193,0.8729654,0.035052698
right,25,30.88,1.1680000000000028,16247.0,1107.8125,concrete,0.92432946,0.06882003,0.92432946,0.0068505225
right,26,32.064,1.2000000000000028,14725.0,1265.625,concrete,0.82410675,0.15368578,0.82410675,0.022207474
right,27,33.28,1.1359999999999957,19009.0,1072.9166666666665,brick,0.8157787,0.8157787,0.18184058,0.002380744
right,28,34.432,1.152000000000001,18712.0,731.25,brick,0.933846,0.933846,0.058719926,0.007434073
right,29,35.6,1.152000000000001,18076.0,1055.2083333333335,brick,0.8990694,0.8990694,0.09950341,0.0014272067
right,30,36.768,1.1679999999999993,16176.0,2312.5,brick,0.87320083,0.87320083,0.12432627,0.0024729245
right,31,37.952,1.1679999999999993,18162.0,1083.0357142857142,brick,0.95683426,0.95683426,0.04208549,0.001080245
right,32,39.136,1.151999999999994,19286.0,1234.375,brick,0.95593905,0.95593905,0.043544706,0.00051619695
right,33,40.304,1.1359999999999957,19684.0,635.4166666666667,brick,0.9272918,0.9272918,0.07009592,0.0026122285
right,34,41.456,1.1999999999999957,14520.0,593.75,brick,0.90429085,0.90429085,0.06935513,0.026353974
right,35,42.672,1.1200000000000045,18578.0,1572.9166666666665,brick,0.85309017,0.85309017,0.1448256,0.0020842727
right,36,43.808,1.1679999999999993,15573.0,1380.2083333333335,brick,0.9788374,0.9788374,0.01798381,0.0031788
right,37,44.992,1.1679999999999993,17037.0,1468.75,brick,0.9896798,0.9896798,0.0091379965,0.0011821667
right,38,46.176,1.1839999999999975,16946.0,1067.7083333333335,brick,0.98328006,0.98328006,0.015274021,0.0014458711
right,39,47.376,1.1679999999999993,14773.0,1500.0,brick,0.9547973,0.9547973,0.043709535,0.0014930685
right,40,48.56,1.1679999999999993,15218.0,562.5,brick,0.9320863,0.9320863,0.04562254,0.02229112
right,41,49.744,1.2000000000000028,18717.0,893.75,brick,0.8640836,0.8640836,0.13350049,0.0024159332
right,42,50.96,1.1679999999999993,16247.0,1106.25,brick,0.8562476,0.8562476,0.13616014,0.0075923237
right,43,52.144,1.1840000000000046,14960.0,1239.5833333333335,brick,0.9273704,0.9273704,0.062739715,0.009889875
right,44,53.344,1.152000000000001,18009.0,929.6875,brick,0.974542,0.974542,0.025069844,0.00038817333
right,45,54.512,1.1679999999999993,16046.0,355.46875,brick,0.9660048,0.9660048,0.021992825,0.0120024085
right,46,55.696,1.1679999999999993,17291.0,1200.0,brick,0.88811785,0.88811785,0.10908243,0.0027997002
right,47,56.88,1.1999999999999957,15319.0,828.125,brick,0.8768528,0.8768528,0.102596045,0.020551184
right,48,58.096,1.1680000000000064,15649.0,2380.2083333333335,brick,0.8541595,0.8541595,0.13887541,0.0069650863
right,49,59.28,1.1679999999999993,13754.0,687.5,brick,0.8133663,0.8133663,0.070182055,0.11645163
right,50,60.464,1.1840000000000046,16506.0,3562.5,brick,0.8825972,0.8825972,0.049561035,0.06784175
right,51,61.664,1.1679999999999993,15774.0,781.25,brick,0.9431745,0.9431745,0.028436132,0.028389389
right,52,62.848,1.2000000000000028,14658.0,1578.125,brick,0.94892144,0.94892144,0.023697523,0.027380975
right,53,64.064,1.2160000000000082,16573.0,937.5,brick,0.94882786,0.94882786,0.04084357,0.010328573
right,54,65.296,1.1839999999999975,16477.0,1062.5,brick,0.9238002,0.9238002,0.04682031,0.029379493
right,55,66.496,1.2000000000000028,15501.0,875.0,brick,0.8881002,0.8881002,0.057133753,0.054766063
right,56,67.712,1.1679999999999922,17219.0,1208.3333333333335,brick,0.87988776,0.87988776,0.1177626,0.0023496835
right,57,68.896,1.215999999999994,16391.0,1062.5,brick,0.93693966,0.93693966,0.058332168,0.0047281836
right,58,70.128,1.1680000000000064,18439.0,1557.2916666666665,brick,0.97867405,0.97867405,0.020418813,0.00090705807
right,59,71.312,1.1200000000000045,14390.0,2109.375,concrete,0.76374227,0.071925916,0.76374227,0.16433184
right,60,72.448,1.2320000000000135,14252.0,791.6666666666667,concrete,0.73429203,0.066644,0.73429203,0.19906396
right,61,73.696,1.1839999999999975,16166.0,1078.125,concrete,0.78370136,0.1857212,0.78370136,0.03057741
right,62,74.896,1.1679999999999922,18076.0,1054.6875,concrete,0.9128366,0.08473381,0.9128366,0.0024295368
right,63,76.08,1.1680000000000064,14438.0,991.0714285714286,concrete,0.89700687,0.09066918,0.89700687,0.012323938
right,64,77.264,1.152000000000001,17410.0,737.7232142857142,concrete,0.8519567,0.1366872,0.8519567,0.0113560865
right,65,78.432,1.1679999999999922,14577.0,1359.375,concrete,0.8449066,0.14025666,0.8449066,0.014836678
right,66,79.616,1.1680000000000064,16515.0,1156.25,concrete,0.7788517,0.20576306,0.7788517,0.015385225
right,67,80.8,1.1680000000000064,18468.0,1773.4375,concrete,0.97171706,0.025821598,0.97171706,0.0024613305
right,68,81.984,1.2160000000000082,3397.0,1281.25,concrete,0.9577026,0.03878202,0.9577026,0.0035153404
right,69,83.216,1.1680000000000064,16654.0,755.5555555555557,concrete,0.8600931,0.13749617,0.8600931,0.0024107327
right,70,84.4,1.1999999999999886,16908.0,992.1875,concrete,0.9523372,0.0418832,0.9523372,0.005779545
right,71,85.616,1.2000000000000028,16625.0,589.4097222222222,concrete,0.78385967,0.19455856,0.78385967,0.021581749
right,72,86.832,1.2000000000000028,17386.0,750.0,brick,0.9067823,0.9067823,0.091908626,0.0013090775
right,73,88.048,1.152000000000001,18214.0,1197.9166666666667,brick,0.9562154,0.9562154,0.043395963,0.00038865875
right,74,89.216,1.1039999999999992,19952.0,1013.0208333333334,brick,0.9144988,0.9144988,0.08515385,0.00034731187
right,75,90.336,1.152000000000001,18344.0,1075.0,brick,0.95563596,0.95563596,0.042901386,0.0014626661
right,76,91.504,1.152000000000001,18525.0,1454.6875,brick,0.9686104,0.9686104,0.030329563,0.0010600527
right,77,92.672,1.1680000000000064,14563.0,1625.0,brick,0.929029,0.929029,0.061146718,0.009824257
right,78,93.856,1.152000000000001,15687.0,570.3125,brick,0.85389423,0.85389423,0.14150943,0.004596318
right,79,95.024,1.1359999999999957,16262.0,735.2430555555555,brick,0.9389509,0.9389509,0.060468893,0.00058016303
right,80,96.176,1.1200000000000045,17458.0,1401.0416666666667,brick,0.8433122,0.8433122,0.15439387,0.00229387
right,81,97.312,1.152000000000001,17688.0,687.5,brick,0.95677763,0.95677763,0.042281196,0.0009412477
right,82,98.48,1.1679999999999922,14596.0,837.0535714285714,brick,0.9373506,0.9373506,0.058801085,0.0038483096
right,83,99.664,1.152000000000001,15395.0,1087.5,brick,0.89612997,0.89612997,0.10196763,0.0019024245
right,84,100.832,1.152000000000001,16467.0,1445.3125,brick,0.9461329,0.9461329,0.05271807,0.0011490751
right,85,102.0,1.1839999999999975,16568.0,1093.75,brick,0.9785275,0.9785275,0.01880697,0.0026655023
right,86,103.2,1.152000000000001,16812.0,1617.1875,brick,0.9722029,0.9722029,0.026724186,0.0010729413
right,87,104.368,1.1680000000000064,15386.0,900.0,brick,0.97535217,0.97535217,0.01891727,0.0057305796
right,88,105.552,1.1679999999999922,15592.0,843.75,brick,0.9209553,0.9209553,0.07786573,0.0011789869
right,89,106.736,1.1359999999999957,16243.0,1276.0416666666665,brick,0.8875299,0.8875299,0.107978694,0.004491381
right,90,107.888,1.1679999999999922,17329.0,1796.875,brick,0.7469282,0.7469282,0.1263068,0.12676495
right,91,109.072,1.152000000000001,17573.0,1609.375,brick,0.76196796,0.76196796,0.17794782,0.060084246
right,92,110.24,1.152000000000001,16276.0,593.75,brick,0.7147117,0.7147117,0.2802084,0.005079838
right,93,111.408,1.1679999999999922,16558.0,1005.2083333333334,brick,0.91912425,0.91912425,0.0762308,0.004644951
right,94,112.592,1.1680000000000064,17420.0,1656.25,brick,0.59327066,0.59327066,0.40063295,0.0060963877
right,95,113.776,1.1680000000000064,18071.0,2843.75,brick,0.75663096,0.75663096,0.23132297,0.012046087
right,96,114.96,1.152000000000001,17300.0,1671.875,brick,0.9343897,0.9343897,0.061584476,0.0040257797
right,97,116.128,1.1680000000000064,16496.0,1234.375,brick,0.9049098,0.9049098,0.09344426,0.0016459597
right,98,117.312,1.1359999999999957,16223.0,950.0,brick,0.84427154,0.84427154,0.101618044,0.054110415
right,99,118.464,1.1680000000000064,16396.0,886.71875,brick,0.966819,0.966819,0.018796036,0.014384912
right,100,119.648,1.1200000000000045,17147.0,808.59375,brick,0.91339266,0.91339266,0.0839778,0.0026295334
right,101,120.784,1.1199999999999903,17071.0,1437.5,brick,0.7806341,0.7806341,0.21626912,0.0030967698
right,102,121.92,1.1200000000000045,17295.0,1437.5,brick,0.8528326,0.8528326,0.12514219,0.022025181
right,103,123.056,1.1039999999999992,18056.0,1174.4791666666667,brick,0.7138153,0.7138153,0.28552184,0.0006629168
right,104,124.176,1.1359999999999957,16281.0,615.8854166666667,brick,0.92044973,0.92044973,0.06927098,0.010279254
right,105,125.328,1.152000000000001,16659.0,527.7777777777778,brick,0.8492945,0.8492945,0.14378682,0.006918745
right,106,126.496,1.13600000000001,16601.0,705.3571428571429,brick,0.9752109,0.9752109,0.024243008,0.0005460637
right,107,127.648,1.1359999999999957,15424.0,1145.8333333333333,brick,0.9695169,0.9695169,0.026373224,0.0041098953
right,108,128.8,1.1359999999999957,17645.0,539.0625,brick,0.8938039,0.8938039,0.10477819,0.0014178641
right,109,129.952,1.1200000000000045,16984.0,965.625,brick,0.7633196,0.7633196,0.22712398,0.0095563475
right,110,131.088,1.1359999999999957,17305.0,853.125,brick,0.8806234,0.8806234,0.1109061,0.008470504
right,111,132.24,1.1200000000000045,17434.0,882.8125,brick,0.8240878,0.8240878,0.13715912,0.038753096
right,112,133.376,1.1359999999999957,17094.0,635.4166666666666,brick,0.7589593,0.7589593,0.097568356,0.1434723
right,113,134.528,1.1200000000000045,17951.0,697.9166666666666,brick,0.83346575,0.83346575,0.10982256,0.056711625
right,114,135.664,1.1680000000000064,17894.0,437.5,concrete,0.89102733,0.06752377,0.89102733,0.04144889
right,115,136.848,1.1359999999999957,16621.0,1093.75,concrete,0.8637839,0.1240043,0.8637839,0.012211785
right,116,138.0,1.1680000000000064,18444.0,888.8888888888889,concrete,0.913681,0.08404051,0.913681,0.00227858
right,117,139.184,1.1359999999999957,18817.0,881.25,concrete,0.8172377,0.18099463,0.8172377,0.0017677433
right,118,140.336,1.1999999999999886,18013.0,705.3571428571429,concrete,0.8526585,0.14157876,0.8526585,0.0057626697
right,119,141.552,1.1520000000000152,16525.0,1296.875,concrete,0.89233524,0.10626959,0.89233524,0.0013951317
right,120,142.72,1.1359999999999957,17205.0,631.5104166666667,concrete,0.8774556,0.11965355,0.8774556,0.0028908753
right,121,143.872,1.2319999999999993,14491.0,1014.84375,concrete,0.855434,0.026097238,0.855434,0.11846876
right,122,145.12,1.103999999999985,15702.0,1322.9166666666667,brick,0.8972453,0.8972453,0.070219316,0.032535445
right,123,146.24,1.103999999999985,18152.0,912.5,brick,0.7211231,0.7211231,0.27779678,0.0010801656
right,124,147.36,1.103999999999985,18774.0,1390.625,brick,0.7267788,0.7267788,0.26452136,0.008699818
right,125,148.48,1.1200000000000045,17415.0,803.125,brick,0.7896074,0.7896074,0.20162278,0.008769872
right,126,149.616,1.1199999999999761,16027.0,2250.0,brick,0.70484096,0.70484096,0.29143208,0.0037270118
right,127,150.752,1.0879999999999939,17339.0,1968.75,brick,0.8574654,0.8574654,0.14169721,0.0008373981
right,128,151.856,1.1200000000000045,18305.0,929.6875,brick,0.62615037,0.62615037,0.36694753,0.0069020507
right,129,152.992,1.1200000000000045,19119.0,312.5,brick,0.8112744,0.8112744,0.18793842,0.0007872298
right,130,154.128,1.1520000000000152,17908.0,1343.75,brick,0.8350762,0.8350762,0.16117261,0.0037511257
right,131,155.296,1.1359999999999957,16558.0,1546.875,brick,0.82478225,0.82478225,0.17213413,0.0030835706
right,132,156.448,1.1359999999999957,16362.0,421.875,brick,0.9401739,0.9401739,0.052444212,0.0073818457
right,133,157.6,1.1359999999999957,16534.0,812.5,brick,0.82911605,0.82911605,0.15938954,0.0114944065
right,134,158.752,1.103999999999985,16199.0,1312.5,brick,0.9280542,0.9280542,0.069115244,0.0028305107
right,135,159.872,1.167999999999978,16745.0,729.1666666666666,brick,0.88524,0.88524,0.06401243,0.050747562
right,136,161.056,1.1359999999999957,16616.0,1191.6666666666665,brick,0.75058144,0.75058144,0.2186542,0.030764373
right,137,162.208,1.1520000000000152,15903.0,756.25,brick,0.7313096,0.7313096,0.25040248,0.018287927
right,138,163.376,1.1680000000000064,16424.0,932.8125,brick,0.9162483,0.9162483,0.081876785,0.0018748619
right,139,164.56,1.1359999999999957,16683.0,587.5,brick,0.8175343,0.8175343,0.18142192,0.0010436871
right,140,165.712,1.1520000000000152,17032.0,510.41666666666663,brick,0.85792726,0.85792726,0.13941227,0.0026603946
right,141,166.88,1.1680000000000064,16683.0,1195.3125,brick,0.886785,0.886785,0.11055389,0.002661106
right,142,168.064,1.1680000000000064,15683.0,763.8888888888889,brick,0.5890969,0.5890969,0.40741968,0.0034833783
right,143,169.248,1.1359999999999957,17659.0,1218.75,brick,0.7905557,0.7905557,0.2085186,0.0009256447
right,144,170.4,1.1680000000000064,16348.0,354.1666666666667,brick,0.8363094,0.8363094,0.15068613,0.013004459
right,145,171.584,1.1359999999999957,16975.0,958.3333333333333,concrete,0.86357796,0.13546997,0.86357796,0.0009520783
right,146,172.736,1.136000000000024,17640.0,992.1875,concrete,0.81413466,0.18423331,0.81413466,0.0016320267
right,147,173.888,1.1680000000000064,16046.0,436.0119047619047,concrete,0.79041725,0.18877326,0.79041725,0.020809477
right,148,175.072,1.1200000000000045,17621.0,954.8611111111111,concrete,0.83959097,0.1571343,0.83959097,0.0032747157
right,149,176.208,1.1520000000000152,16530.0,1906.25,concrete,0.6135615,0.3795539,0.6135615,0.006884586
right,150,177.376,1.1200000000000045,15845.0,753.4722222222222,concrete,0.8264653,0.17121634,0.8264653,0.0023183643
right,151,178.512,1.1519999999999868,16769.0,867.1875,concrete,0.8827353,0.09098218,0.8827353,0.026282566
right,152,179.68,1.1200000000000045,16506.0,3687.5,concrete,0.9453786,0.05325719,0.9453786,0.0013641627
right,153,180.816,1.1519999999999868,16927.0,703.125,concrete,0.7730234,0.22109818,0.7730234,0.005878373
right,154,181.984,1.1200000000000045,20583.0,957.1428571428571,concrete,0.9722125,0.026850814,0.9722125,0.0009367172
right,155,183.12,1.1519999999999868,17544.0,1193.75,concrete,0.8578555,0.14029719,0.8578555,0.0018472564
right,156,184.288,1.103999999999985,17257.0,2562.5,concrete,0.8722554,0.12690659,0.8722554,0.0008380557
right,157,185.408,1.136000000000024,18133.0,1432.2916666666665,concrete,0.8921665,0.106585525,0.8921665,0.001248026
right,158,186.56,1.1200000000000045,18224.0,757.8125,concrete,0.922394,0.07605628,0.922394,0.0015497559
right,159,187.696,1.1040000000000134,16850.0,555.8035714285714,concrete,0.9289068,0.0691608,0.9289068,0.0019324633
right,160,188.816,1.1359999999999957,16937.0,681.25,concrete,0.77952564,0.21755302,0.77952564,0.0029213552
right,161,189.968,1.1520000000000152,18363.0,950.0,concrete,0.888808,0.11016854,0.888808,0.0010234772
right,162,191.136,1.0879999999999939,18329.0,569.1964285714286,concrete,0.9054658,0.093669325,0.9054658,0.00086491316
right,163,192.24,1.1359999999999957,18607.0,1229.1666666666667,concrete,0.9749016,0.024281878,0.9749016,0.000816521
right,164,193.392,1.1200000000000045,17922.0,2375.0,concrete,0.86744404,0.13160925,0.86744404,0.0009467272
right,165,194.528,1.1200000000000045,18564.0,1234.375,concrete,0.9366719,0.062669225,0.9366719,0.00065887225
right,166,195.664,1.1040000000000134,19645.0,812.5,concrete,0.9551084,0.044066448,0.9551084,0.0008251238
right,167,196.784,1.1359999999999957,18463.0,921.875,concrete,0.85805804,0.14128374,0.85805804,0.00065825763
right,168,197.936,1.1519999999999868,18162.0,3593.75,concrete,0.9587728,0.04053763,0.9587728,0.0006896116
right,169,199.104,1.103999999999985,15118.0,715.4017857142858,concrete,0.9485834,0.049703736,0.9485834,0.0017127717
right,170,200.224,1.2960000000000207,13926.0,1375.0,concrete,0.9614893,0.012688537,0.9614893,0.025822118
right,171,201.536,1.1200000000000045,16271.0,592.7083333333333,concrete,0.9101158,0.08869391,0.9101158,0.0011902873
right,172,202.672,1.1040000000000134,18286.0,685.9375,concrete,0.9686859,0.030580923,0.9686859,0.0007331544
right,173,203.792,1.1359999999999957,18530.0,562.5,concrete,0.9455197,0.05247552,0.9455197,0.002004838
right,174,204.944,1.0880000000000223,18999.0,2296.875,concrete,0.9592793,0.040048074,0.9592793,0.0006726487
right,175,206.048,1.1359999999999957,16908.0,1276.0416666666667,concrete,0.91386133,0.08486058,0.91386133,0.001278148
right,176,207.2,1.136000000000024,18052.0,632.8125,concrete,0.9536098,0.04573817,0.9536098,0.0006520644
right,177,208.352,1.1359999999999957,16740.0,826.3888888888889,concrete,0.7836478,0.21174842,0.7836478,0.00460383
right,178,209.504,1.1040000000000134,20401.0,1000.0,concrete,0.9654678,0.034014117,0.9654678,0.0005180932
right,179,210.624,1.1200000000000045,16568.0,3703.125,concrete,0.9482824,0.050811563,0.9482824,0.0009059634
right,180,211.76,1.1040000000000134,17315.0,777.7777777777778,concrete,0.97039413,0.028847082,0.97039413,0.000758775
right,181,212.88,1.1359999999999957,19645.0,2156.25,concrete,0.9661478,0.033488426,0.9661478,0.00036385297
right,182,214.032,1.1199999999999761,18123.0,835.9375,concrete,0.83872676,0.15989745,0.83872676,0.0013757885
right,183,215.168,1.1200000000000045,16257.0,1286.4583333333333,concrete,0.8578833,0.14030108,0.8578833,0.0018157205
right,184,216.304,1.103999999999985,20057.0,796.875,concrete,0.9328144,0.066430405,0.9328144,0.00075511425
right,185,217.424,1.1200000000000045,19028.0,618.0555555555555,concrete,0.95508564,0.043806225,0.95508564,0.0011081791
right,186,218.56,1.103999999999985,18482.0,644.0972222222222,concrete,0.89064085,0.10827493,0.89064085,0.0010842074
right,187,219.68,1.1359999999999957,17181.0,1375.0,concrete,0.8502315,0.14700301,0.8502315,0.0027654117
right,188,220.832,1.1359999999999957,16860.0,1125.0,concrete,0.7593496,0.23759446,0.7593496,0.003055905
right,189,221.984,1.103999999999985,17626.0,479.16666666666663,concrete,0.80624837,0.19162142,0.80624837,0.002130236
right,190,223.104,1.1519999999999868,16333.0,1796.875,concrete,0.8991682,0.100001775,0.8991682,0.0008300012
right,191,224.272,1.1200000000000045,14970.0,765.625,concrete,0.75355494,0.23774324,0.75355494,0.008701848
right,192,225.408,1.1520000000000152,15965.0,1820.3125,concrete,0.8734464,0.12191281,0.8734464,0.004640748
right,193,226.576,1.1359999999999957,18827.0,760.4166666666666,concrete,0.9155074,0.08390366,0.9155074,0.0005889717
right,194,227.728,1.103999999999985,19037.0,1260.4166666666667,concrete,0.90380514,0.09518222,0.90380514,0.0010126472
right,195,228.848,1.1519999999999868,16836.0,468.75,concrete,0.8525781,0.13867095,0.8525781,0.008750967
right,196,230.016,1.1200000000000045,19444.0,1035.15625,concrete,0.8805355,0.11854254,0.8805355,0.00092195097
right,197,231.152,1.1520000000000152,15520.0,1125.0,concrete,0.8845479,0.107068144,0.8845479,0.008383976
right,198,232.32,1.1520000000000152,15448.0,1085.4166666666667,concrete,0.956294,0.04143956,0.956294,0.0022664529
right,199,233.488,1.0879999999999939,16884.0,624.1071428571429,concrete,0.95701456,0.042283166,0.95701456,0.0007022053
right,200,234.592,1.1359999999999957,17109.0,718.75,concrete,0.79574126,0.19234002,0.79574126,0.011918721
right,201,235.744,1.1680000000000064,15893.0,731.0267857142858,concrete,0.7495655,0.21932808,0.7495655,0.03110644
right,202,236.928,1.1520000000000152,15826.0,976.5625,concrete,0.7384303,0.23893031,0.7384303,0.02263937
right,203,238.096,1.1200000000000045,18827.0,1026.0416666666667,concrete,0.96345234,0.035803184,0.96345234,0.0007445319
right,204,239.232,1.1200000000000045,20660.0,496.5277777777778,concrete,0.9738637,0.025680548,0.9738637,0.00045573714
right,205,240.368,1.1200000000000045,19760.0,915.1785714285714,concrete,0.8894113,0.109646246,0.8894113,0.00094243576
right,206,241.504,1.1359999999999957,19731.0,145.83333333333334,concrete,0.9134344,0.08469438,0.9134344,0.0018711835
right,207,242.656,1.1200000000000045,15903.0,760.9375,brick,0.8231681,0.8231681,0.17448342,0.0023484663
right,208,243.792,1.1359999999999957,17406.0,1250.0,brick,0.89877814,0.89877814,0.100293145,0.0009287257
right,209,244.944,1.1200000000000045,17415.0,1210.9375,brick,0.80557925,0.80557925,0.19377707,0.00064369367
right,210,246.08,1.1359999999999957,18324.0,491.31944444444446,brick,0.7460852,0.7460852,0.25248155,0.0014332241
right,211,247.232,1.1200000000000045,15721.0,731.25,brick,0.90103114,0.90103114,0.09689002,0.0020788105
right,212,248.368,1.1200000000000045,17248.0,947.9166666666667,brick,0.8543709,0.8543709,0.14412858,0.0015005153
right,213,249.504,1.1200000000000045,18860.0,950.0,brick,0.71189207,0.71189207,0.28682768,0.001280263
right,214,250.64,1.1200000000000045,17717.0,801.5625,brick,0.6719637,0.6719637,0.32686535,0.0011709082
right,215,251.776,1.1359999999999957,18640.0,1268.75,brick,0.80400795,0.80400795,0.19452696,0.0014651436
right,216,252.928,1.1359999999999957,17554.0,680.8035714285714,brick,0.6047934,0.6047934,0.3925674,0.002639205
right,217,254.08,1.1359999999999957,17396.0,2031.25,brick,0.7985235,0.7985235,0.19683154,0.004645037
right,218,255.232,1.1359999999999957,17382.0,1500.0,brick,0.89291215,0.89291215,0.10578553,0.0013022992
right,219,256.384,1.1200000000000045,16783.0,1153.125,brick,0.8159828,0.8159828,0.18202384,0.0019933267
right,220,257.52,1.1200000000000045,17300.0,1695.3125,brick,0.88593096,0.88593096,0.11253478,0.0015342976
right,221,258.656,1.1680000000000064,16831.0,710.9375,brick,0.87753975,0.87753975,0.11961467,0.002845605
right,222,259.84,1.136000000000024,16822.0,879.4642857142858,brick,0.57662666,0.57662666,0.420865,0.0025083614
right,223,260.992,1.1680000000000064,16597.0,736.6071428571429,brick,0.86052936,0.86052936,0.13723445,0.002236186
right,224,262.176,1.136000000000024,17252.0,1215.625,brick,0.9018161,0.9018161,0.09697693,0.0012069261
right,225,263.328,1.136000000000024,21143.0,983.3333333333333,brick,0.7421001,0.7421001,0.25637797,0.0015218746
right,226,264.48,1.183999999999969,16884.0,1789.0625,brick,0.94162303,0.94162303,0.049918808,0.008458124
right,227,265.68,1.183999999999969,17592.0,864.5833333333333,brick,0.8724775,0.8724775,0.12263453,0.004887974
right,228,266.88,1.1200000000000045,19124.0,1645.8333333333333,brick,0.90504426,0.90504426,0.0941761,0.0007796973
right,229,268.016,1.1519999999999868,19368.0,744.7916666666667,brick,0.8906231,0.8906231,0.107827,0.0015498722
right,230,269.184,1.1199999999999477,19138.0,734.375,brick,0.78119576,0.78119576,0.21746814,0.001336121
right,231,270.32,1.1680000000000064,21234.0,1770.8333333333335,brick,0.7822807,0.7822807,0.21538414,0.0023351558
right,232,271.504,1.1359999999999673,19837.0,1090.625,brick,0.85208774,0.85208774,0.14611033,0.0018019036
right,233,272.656,1.103999999999985,20440.0,1406.25,brick,0.87273777,0.87273777,0.12665461,0.00060756033
right,234,273.776,1.1200000000000045,16994.0,710.9375,brick,0.9002019,0.9002019,0.07995821,0.01983983
right,235,274.912,1.1520000000000437,16142.0,931.25,brick,0.9048351,0.9048351,0.09207837,0.0030865043
right,236,276.08,1.1680000000000064,16664.0,1218.75,brick,0.95343184,0.95343184,0.04047428,0.00609392
right,237,277.264,1.1519999999999868,16367.0,1015.625,brick,0.93508977,0.93508977,0.06404502,0.00086520676
right,238,278.432,1.1359999999999673,16980.0,914.0625,brick,0.8440099,0.8440099,0.15173529,0.0042548976
right,239,279.584,1.136000000000024,17587.0,937.5,brick,0.9118303,0.9118303,0.08573889,0.002430848
right,240,280.736,1.1680000000000064,17286.0,747.3958333333333,brick,0.9244309,0.9244309,0.07376302,0.0018060432
right,241,281.92,1.103999999999985,17496.0,992.1875,brick,0.9005474,0.9005474,0.0986099,0.00084266363
right,242,283.04,1.1999999999999886,18243.0,781.25,brick,0.8839382,0.8839382,0.10921414,0.0068476787
right,243,284.256,1.1680000000000064,16487.0,593.75,brick,0.88710725,0.88710725,0.11095045,0.0019422927
right,244,285.44,1.136000000000024,10404.0,1765.625,brick,0.79327345,0.79327345,0.20394795,0.00277859
right,245,286.592,1.1520000000000437,15142.0,650.0,brick,0.9459657,0.9459657,0.048279893,0.005754438
right,246,287.76,1.1519999999999868,15439.0,500.0,brick,0.86740017,0.86740017,0.12341975,0.00918006
right,247,288.928,1.1519999999999868,15917.0,717.1875,brick,0.7564256,0.7564256,0.24215214,0.0014222435
right,248,290.096,1.1519999999999868,19502.0,1168.75,brick,0.75900435,0.75900435,0.23977013,0.0012254885
right,249,291.264,1.1680000000000064,17262.0,1135.4166666666667,brick,0.88884324,0.88884324,0.10825389,0.0029029078
right,250,292.448,1.1680000000000064,14481.0,787.9464285714286,concrete,0.91444516,0.0805632,0.91444516,0.004991596
right,251,293.632,1.1359999999999673,15874.0,767.8571428571429,concrete,0.8802676,0.11667506,0.8802676,0.0030573183
right,252,294.784,1.1680000000000064,19516.0,1437.5,concrete,0.9248634,0.072708234,0.9248634,0.002428407
right,253,295.968,1.1359999999999673,18099.0,812.5,concrete,0.9469132,0.0506591,0.9469132,0.002427769
right,254,297.12,1.0559999999999832,16807.0,1218.75,concrete,0.92088383,0.07234658,0.92088383,0.006769539
right,255,298.192,1.1999999999999886,17243.0,718.75,concrete,0.78535104,0.047063876,0.78535104,0.16758505
right,256,299.408,1.2160000000000082,14467.0,1048.2142857142858,concrete,0.9322052,0.05741423,0.9322052,0.010380604
right,257,300.64,1.1040000000000418,16774.0,1543.75,concrete,0.9468702,0.05212268,0.9468702,0.0010071285
right,258,301.76,1.1200000000000045,16362.0,548.5491071428571,concrete,0.8912948,0.106158465,0.8912948,0.0025467342
right,259,302.896,1.1519999999999868,18511.0,677.0833333333333,concrete,0.9787161,0.020578265,0.9787161,0.00070567086
right,260,304.064,1.1359999999999673,18162.0,1254.6875,concrete,0.9024168,0.09618807,0.9024168,0.001395091
right,261,305.216,1.1519999999999868,15984.0,785.7142857142858,concrete,0.8795158,0.1176326,0.8795158,0.002851568
right,262,306.384,1.1359999999999673,15831.0,800.0,concrete,0.9466741,0.050507363,0.9466741,0.0028185458
right,263,307.536,1.1519999999999868,16405.0,1065.9722222222222,concrete,0.9538922,0.04108173,0.9538922,0.005026069
right,264,308.704,1.1200000000000045,19033.0,1034.7222222222222,concrete,0.903606,0.09560765,0.903606,0.0007863781
right,265,309.84,1.136000000000024,16683.0,1256.25,concrete,0.88854307,0.11046376,0.88854307,0.0009931612
right,266,310.992,1.103999999999985,18210.0,807.2916666666666,concrete,0.96531713,0.03426241,0.96531713,0.00042040172
right,267,312.112,1.1679999999999495,17334.0,625.0,concrete,0.9652665,0.023813002,0.9652665,0.010920537
right,268,313.296,1.103999999999985,17640.0,949.21875,brick,0.80978066,0.80978066,0.18879235,0.0014269227
right,269,314.416,1.184000000000026,4776.0,712.5,brick,0.8785239,0.8785239,0.0792567,0.04221938
right,270,315.616,1.1519999999999868,16539.0,793.75,brick,0.9151615,0.9151615,0.07045425,0.0143842595
right,271,316.784,1.1680000000000064,17444.0,843.75,brick,0.9465504,0.9465504,0.05293029,0.0005192842
right,272,317.968,1.1200000000000045,17209.0,550.0,brick,0.7776861,0.7776861,0.22003376,0.0022800763
right,273,319.104,1.1200000000000045,16333.0,994.7916666666666,brick,0.88970494,0.88970494,0.10959864,0.00069637614
right,274,320.24,1.1359999999999673,15884.0,578.125,brick,0.66396827,0.66396827,0.33021647,0.005815247
right,275,321.392,1.1519999999999868,15424.0,1000.0,brick,0.8842881,0.8842881,0.0925174,0.023194466
right,276,322.56,1.136000000000024,17104.0,837.5,brick,0.8604662,0.8604662,0.13813631,0.001397563
right,277,323.712,1.1200000000000045,17468.0,718.75,brick,0.906102,0.906102,0.09221266,0.0016853791
right,278,324.848,1.1359999999999673,16539.0,1078.125,concrete,0.8422111,0.15636282,0.8422111,0.0014260266
right,279,326.0,1.103999999999985,16161.0,660.7142857142858,concrete,0.9549782,0.043659754,0.9549782,0.0013619843
right,280,327.12,1.1680000000000064,17391.0,494.79166666666663,concrete,0.9139315,0.061057635,0.9139315,0.02501088
right,281,328.304,1.2000000000000455,17123.0,793.8988095238095,concrete,0.896585,0.07280417,0.896585,0.0306108
right,282,329.52,1.2160000000000082,14769.0,659.7222222222223,concrete,0.89864504,0.06530147,0.89864504,0.036053516
right,283,330.752,1.1519999999999868,17027.0,1421.875,concrete,0.71325624,0.2603586,0.71325624,0.026385127
right,284,331.92,1.1200000000000045,19741.0,1088.5416666666665,concrete,0.90708876,0.09157432,0.90708876,0.0013369463
right,285,333.056,1.1520000000000437,16941.0,1059.375,concrete,0.95227134,0.04646952,0.95227134,0.0012590749
right,286,334.224,1.1519999999999868,17650.0,705.3571428571429,concrete,0.8238118,0.17167918,0.8238118,0.004509024
right,287,335.392,1.1680000000000064,17659.0,1281.25,concrete,0.9319537,0.065353945,0.9319537,0.002692343
right,288,336.576,1.1519999999999868,15812.0,1468.75,concrete,0.9289898,0.068599634,0.9289898,0.0024105136
right,289,337.744,1.1519999999999868,16487.0,1265.625,concrete,0.92864466,0.07046024,0.92864466,0.00089509855
right,290,338.912,1.1680000000000064,15544.0,1166.6666666666667,concrete,0.83324987,0.16427074,0.83324987,0.0024794093
right,291,340.096,1.1519999999999868,15573.0,833.3333333333333,concrete,0.8737428,0.124180965,0.8737428,0.0020762058
right,292,341.264,1.1200000000000045,17291.0,914.0625,concrete,0.87576556,0.122958,0.87576556,0.001276398
right,293,342.4,1.1680000000000064,15247.0,3964.285714285714,concrete,0.78861076,0.20393096,0.78861076,0.0074582817
right,294,343.584,1.1680000000000064,16458.0,1187.5,concrete,0.6750674,0.3231242,0.6750674,0.0018083521
right,295,344.768,1.184000000000026,14864.0,1296.875,concrete,0.9024078,0.09508347,0.9024078,0.002508757
right,296,345.968,1.1519999999999868,17032.0,1109.375,concrete,0.7282205,0.26877296,0.7282205,0.0030065505
right,297,347.136,1.1999999999999886,14615.0,602.4305555555555,concrete,0.94343585,0.048625216,0.94343585,0.007938951
right,298,348.352,1.2480000000000473,13950.0,496.09375,concrete,0.93359536,0.032290768,0.93359536,0.034113932
right,299,349.616,1.391999999999996,13376.0,891.6666666666667,concrete,0.88298273,0.015302327,0.88298273,0.10171495
right,300,351.024,1.839999999999975,1852.0,385.4166666666667,concrete,0.93409663,0.0049098227,0.93409663,0.060993504
right,301,352.88,0.8480000000000132,15936.0,1448.4375,concrete,0.86310107,0.13412492,0.86310107,0.0027740197
right,302,353.744,1.1679999999999495,14113.0,765.625,concrete,0.8332459,0.09248573,0.8332459,0.07426843
right,303,354.928,1.1519999999999868,16161.0,1025.0,concrete,0.8987652,0.09833644,0.8987652,0.0028983539
right,304,356.096,1.1519999999999868,19028.0,1062.5,concrete,0.8852346,0.11091815,0.8852346,0.003847224
right,305,357.264,1.0720000000000027,20708.0,697.9166666666667,concrete,0.83333904,0.16310093,0.83333904,0.0035600686
right,306,358.352,1.184000000000026,16501.0,602.0833333333334,concrete,0.93607926,0.044127196,0.93607926,0.019793496
right,307,359.552,1.1200000000000045,18329.0,945.3125,concrete,0.6799802,0.31463975,0.6799802,0.005380066
right,308,360.688,1.05600000000004,24532.0,1937.5,concrete,0.87238914,0.12255364,0.87238914,0.005057195
right,309,361.76,1.26400000000001,4077.0,2494.7916666666665,concrete,0.8523918,0.020323915,0.8523918,0.12728435
right,310,363.04,1.0720000000000027,18123.0,865.625,concrete,0.88719743,0.111076,0.88719743,0.0017265762
right,311,364.128,1.0720000000000027,19636.0,1231.25,concrete,0.8774454,0.10562385,0.8774454,0.01693072
right,312,365.216,1.1359999999999673,19894.0,2343.75,concrete,0.86282676,0.087365665,0.86282676,0.049807582
right,313,366.368,1.136000000000024,17635.0,703.125,concrete,0.6728634,0.31522056,0.6728634,0.011915977
right,314,367.52,1.1040000000000418,17951.0,668.75,concrete,0.9614113,0.037269074,0.9614113,0.0013195756
left,0,1.472,1.3439999999999999,16802.0,2109.375,concrete,0.8684961,0.044891242,0.8684961,0.08661256
left,1,2.832,1.1840000000000002,17808.0,1375.0,concrete,0.7460615,0.06931301,0.7460615,0.18462554
left,2,4.032,1.1520000000000001,18980.0,1901.0416666666667,concrete,0.9247318,0.03342929,0.9247318,0.041838992
left,3,5.2,1.12,21775.0,1387.5,concrete,0.9323117,0.049370285,0.9323117,0.018318048
left,4,6.336,1.088,20109.0,1546.875,concrete,0.8326755,0.16198179,0.8326755,0.005342684
left,5,7.44,1.1520000000000001,19081.0,1359.375,concrete,0.80934316,0.18493152,0.80934316,0.005725296
left,6,8.608,1.0879999999999992,21971.0,781.25,concrete,0.86297387,0.13348792,0.86297387,0.0035381955
left,7,9.712,1.152000000000001,19688.0,777.7777777777778,concrete,0.55553794,0.41867128,0.55553794,0.025790822
left,8,10.88,1.1199999999999992,19521.0,701.3888888888889,concrete,0.8766047,0.118387654,0.8766047,0.0050076824
left,9,12.016,1.0879999999999992,20684.0,1343.75,brick,0.8511704,0.8511704,0.14777409,0.0010554999
left,10,13.12,1.120000000000001,21655.0,1070.3125,brick,0.94018996,0.94018996,0.0580801,0.0017298874
left,11,14.256,1.0879999999999992,20952.0,1260.4166666666665,brick,0.9239661,0.9239661,0.075240724,0.00079310255
left,12,15.36,1.0719999999999992,20507.0,437.5,brick,0.9310424,0.9310424,0.06864943,0.0003081473
left,13,16.448,1.1039999999999992,20019.0,1009.375,brick,0.86972123,0.86972123,0.12920687,0.0010719311
left,14,17.568,1.1039999999999992,19923.0,1687.5,brick,0.91856706,0.91856706,0.07590979,0.0055231433
left,15,18.688,1.120000000000001,18880.0,1395.8333333333333,brick,0.7680609,0.7680609,0.19671153,0.035227533
left,16,19.824,1.1359999999999992,19521.0,535.15625,brick,0.89851934,0.89851934,0.09678235,0.0046983017
left,17,20.976,1.152000000000001,19372.0,843.75,brick,0.96029854,0.96029854,0.039135195,0.000566243
left,18,22.144,1.152000000000001,19277.0,631.25,brick,0.8325859,0.8325859,0.16524126,0.0021728869
left,19,23.312,1.1519999999999975,19047.0,1765.625,brick,0.93381256,0.93381256,0.06386704,0.0023204454
left,20,24.48,1.152000000000001,18918.0,1031.25,brick,0.8789955,0.8789955,0.11936823,0.0016362625
left,21,25.648,1.1039999999999992,21569.0,1375.0,concrete,0.7811089,0.217912,0.7811089,0.0009791377
left,22,26.768,1.152000000000001,20492.0,1312.5,concrete,0.68408686,0.3145442,0.68408686,0.0013690082
left,23,27.936,1.1359999999999992,18932.0,1304.6875,concrete,0.7382502,0.25811726,0.7382502,0.0036325005
left,24,29.088,1.1679999999999993,18822.0,1151.0416666666665,concrete,0.66144466,0.32903582,0.66144466,0.009519535
left,25,30.272,1.152000000000001,19588.0,1104.1666666666667,concrete,0.80917096,0.1859375,0.80917096,0.004891548
left,26,31.44,1.1999999999999993,18564.0,1375.0,concrete,0.6896476,0.29503775,0.6896476,0.0153146535
left,27,32.656,1.1679999999999993,18616.0,584.375,brick,0.81484956,0.81484956,0.11689583,0.06825465
left,28,33.84,1.151999999999994,19774.0,937.5,brick,0.68120766,0.68120766,0.31389067,0.0049016178
left,29,35.008,1.151999999999994,18439.0,721.3541666666667,brick,0.8891578,0.8891578,0.10528863,0.005553583
left,30,36.176,1.152000000000001,20421.0,693.75,brick,0.8346229,0.8346229,0.16343367,0.0019434297
left,31,37.344,1.1679999999999993,18913.0,1187.5,brick,0.8677136,0.8677136,0.1289379,0.003348481
left,32,38.528,1.1679999999999993,19167.0,937.5,brick,0.83967966,0.83967966,0.15185487,0.008465454
left,33,39.712,1.1359999999999957,18741.0,864.5833333333333,brick,0.89975387,0.89975387,0.09829002,0.0019560799
left,34,40.864,1.1679999999999993,16491.0,1354.1666666666665,brick,0.87012744,0.87012744,0.12500569,0.004866893
left,35,42.048,1.1679999999999993,19459.0,585.4166666666666,brick,0.82912856,0.82912856,0.16879584,0.0020755967
left,36,43.232,1.1199999999999974,19435.0,789.0625,brick,0.8349704,0.8349704,0.16418609,0.0008434683
left,37,44.368,1.1839999999999975,18554.0,2187.5,brick,0.9019004,0.9019004,0.09649294,0.00160666
left,38,45.568,1.1840000000000046,17994.0,1062.5,brick,0.89672506,0.89672506,0.10080006,0.0024748687
left,39,46.768,1.152000000000001,19191.0,1453.125,brick,0.69533896,0.69533896,0.28769422,0.016966864
left,40,47.936,1.216000000000001,17496.0,765.625,brick,0.8703932,0.8703932,0.109560885,0.020045865
left,41,49.168,1.152000000000001,18760.0,1390.625,brick,0.8924981,0.8924981,0.104784474,0.0027174884
left,42,50.336,1.1679999999999993,20167.0,1043.75,brick,0.77650297,0.77650297,0.22104394,0.002453131
left,43,51.52,1.1999999999999957,18621.0,625.0,brick,0.88627386,0.88627386,0.10939756,0.00432857
left,44,52.736,1.152000000000001,19009.0,531.25,brick,0.81946903,0.81946903,0.17697455,0.0035564129
left,45,53.904,1.151999999999994,19717.0,1054.6875,brick,0.56870455,0.56870455,0.42824462,0.0030508623
left,46,55.072,1.1839999999999975,18253.0,1208.3333333333333,brick,0.7953151,0.7953151,0.201165,0.003519912
left,47,56.272,1.1840000000000046,18248.0,929.6875,brick,0.90613216,0.90613216,0.09082527,0.0030425554
left,48,57.472,1.1839999999999975,17544.0,781.25,brick,0.80055815,0.80055815,0.10275161,0.0966902
left,49,58.672,1.1680000000000064,19411.0,1656.25,brick,0.94485873,0.94485873,0.0512102,0.003931064
left,50,59.856,1.1839999999999975,18956.0,2593.75,brick,0.8610787,0.8610787,0.12932698,0.00959429
left,51,61.056,1.1679999999999993,18994.0,1401.0416666666665,brick,0.8125131,0.8125131,0.1674227,0.020064222
left,52,62.24,1.1999999999999957,17042.0,1093.75,brick,0.8589023,0.8589023,0.13505927,0.006038526
left,53,63.456,1.1839999999999975,17085.0,575.5208333333334,brick,0.72509485,0.72509485,0.25292006,0.021985093
left,54,64.656,1.2319999999999993,16956.0,843.75,brick,0.9082991,0.9082991,0.066278145,0.025422746
left,55,65.904,1.152000000000001,18679.0,776.0416666666667,brick,0.8241013,0.8241013,0.16008742,0.015811246
left,56,67.072,1.2000000000000028,19224.0,1050.3472222222222,brick,0.8587388,0.8587388,0.08888798,0.0523732
left,57,68.288,1.1839999999999975,17616.0,1625.0,brick,0.82255703,0.82255703,0.1697935,0.0076494543
left,58,69.488,1.1839999999999975,17224.0,1177.0833333333335,brick,0.69587964,0.69587964,0.26972345,0.03439687
left,59,70.688,1.1200000000000045,18439.0,2218.75,brick,0.8188514,0.8188514,0.17899756,0.0021510224
left,60,71.824,1.2000000000000028,17544.0,1458.3333333333335,concrete,0.8261743,0.087115966,0.8261743,0.0867097
left,61,73.04,1.2319999999999993,18592.0,996.5277777777778,concrete,0.823546,0.095579,0.823546,0.08087503
left,62,74.288,1.1839999999999975,17764.0,790.3645833333334,concrete,0.7704232,0.17953452,0.7704232,0.0500423
left,63,75.488,1.1359999999999957,17099.0,979.1666666666666,concrete,0.81509185,0.15029919,0.81509185,0.034608956
left,64,76.64,1.1839999999999975,19191.0,1263.0208333333335,concrete,0.65960693,0.32121143,0.65960693,0.019181652
left,65,77.84,1.152000000000001,16597.0,2187.5,concrete,0.6812015,0.30129048,0.6812015,0.01750798
left,66,79.008,1.2000000000000028,17205.0,1885.4166666666665,concrete,0.82159173,0.16843756,0.82159173,0.009970642
left,67,80.224,1.152000000000001,16812.0,659.375,concrete,0.8724006,0.123037264,0.8724006,0.004562187
left,68,81.392,1.13600000000001,15089.0,937.5,concrete,0.85041815,0.11489631,0.85041815,0.034685493
left,69,82.544,1.2160000000000082,17176.0,1229.1666666666665,concrete,0.95493746,0.025430067,0.95493746,0.019632434
left,70,83.776,1.2160000000000082,15295.0,1229.1666666666665,concrete,0.7960398,0.07102245,0.7960398,0.13293773
left,71,85.008,1.1839999999999975,18085.0,977.4305555555557,concrete,0.6541077,0.3400403,0.6541077,0.0058520315
left,72,86.208,1.1839999999999975,17721.0,745.3125,concrete,0.76587087,0.22552347,0.76587087,0.008605642
left,73,87.408,1.2000000000000028,19798.0,1367.1875,brick,0.83035225,0.83035225,0.15308155,0.016566139
left,74,88.624,1.1039999999999992,19765.0,751.0416666666667,concrete,0.51382613,0.48568812,0.51382613,0.00048575664
left,75,89.744,1.152000000000001,18889.0,781.25,brick,0.8512806,0.8512806,0.1468334,0.0018859928
left,76,90.912,1.1519999999999868,19363.0,1218.75,brick,0.78394955,0.78394955,0.21496524,0.001085237
left,77,92.08,1.1839999999999975,18731.0,1828.125,brick,0.90400934,0.90400934,0.093358554,0.002632171
left,78,93.28,1.1200000000000045,21445.0,706.25,brick,0.81971025,0.81971025,0.17789716,0.0023926445
left,79,94.416,1.1680000000000064,18147.0,541.6666666666667,brick,0.905986,0.905986,0.08395342,0.010060551
left,80,95.6,1.1039999999999992,19243.0,979.1666666666666,brick,0.86344683,0.86344683,0.1352734,0.0012797471
left,81,96.72,1.152000000000001,19736.0,881.9444444444446,brick,0.9050629,0.9050629,0.093949676,0.0009874048
left,82,97.888,1.152000000000001,19564.0,984.375,brick,0.7029347,0.7029347,0.29575026,0.0013150971
left,83,99.056,1.1680000000000064,19894.0,1093.75,brick,0.6677495,0.6677495,0.32962158,0.0026288808
left,84,100.24,1.13600000000001,20119.0,1187.5,brick,0.81082994,0.81082994,0.18844433,0.000725778
left,85,101.392,1.1680000000000064,18693.0,1765.625,brick,0.90522814,0.90522814,0.09327248,0.0014993285
left,86,102.576,1.1840000000000117,19703.0,1291.6666666666665,brick,0.7133772,0.7133772,0.28199178,0.004630997
left,87,103.776,1.13600000000001,19325.0,1675.0,brick,0.6983155,0.6983155,0.29997447,0.0017099897
left,88,104.928,1.1839999999999975,18176.0,769.53125,brick,0.935098,0.935098,0.05316001,0.011742007
left,89,106.128,1.1680000000000064,18473.0,869.7916666666666,brick,0.9139768,0.9139768,0.0821292,0.003893985
left,90,107.312,1.1359999999999957,14462.0,1015.625,brick,0.8108069,0.8108069,0.14930893,0.03988416
left,91,108.464,1.1680000000000064,20674.0,1125.0,brick,0.79415536,0.79415536,0.20087095,0.0049736938
left,92,109.648,1.13600000000001,19224.0,512.1527777777778,brick,0.76022476,0.76022476,0.23058273,0.00919255
left,93,110.8,1.1839999999999975,18104.0,883.9285714285714,brick,0.6030246,0.6030246,0.36900142,0.027973987
left,94,112.0,1.152000000000001,17760.0,1000.0,brick,0.7880802,0.7880802,0.19129445,0.020625308
left,95,113.168,1.1679999999999922,18908.0,1203.125,brick,0.9278583,0.9278583,0.070581995,0.0015597004
left,96,114.352,1.1679999999999922,19894.0,1359.375,brick,0.8349733,0.8349733,0.16125719,0.0037695481
left,97,115.536,1.152000000000001,18516.0,572.9166666666667,brick,0.86336845,0.86336845,0.13423052,0.0024009687
left,98,116.704,1.152000000000001,19459.0,477.43055555555554,brick,0.8626426,0.8626426,0.13532402,0.002033406
left,99,117.872,1.1680000000000064,18870.0,1572.9166666666665,brick,0.9246331,0.9246331,0.06418023,0.011186695
left,100,119.056,1.1200000000000045,19387.0,947.9166666666666,brick,0.83525676,0.83525676,0.16318654,0.001556766
left,101,120.192,1.1040000000000134,18923.0,1572.9166666666667,brick,0.7576656,0.7576656,0.24101125,0.0013231663
left,102,121.312,1.1359999999999957,20909.0,1062.5,brick,0.8559977,0.8559977,0.14099605,0.003006216
left,103,122.464,1.1200000000000045,20961.0,864.5833333333333,brick,0.8306249,0.8306249,0.16860588,0.0007691913
left,104,123.6,1.1200000000000045,20468.0,1552.0833333333333,brick,0.69504386,0.69504386,0.30302912,0.0019270772
left,105,124.736,1.152000000000001,18918.0,1291.6666666666667,brick,0.8127983,0.8127983,0.17981794,0.0073836897
left,106,125.904,1.13600000000001,19703.0,1468.75,brick,0.68414974,0.68414974,0.31460088,0.0012493202
left,107,127.056,1.13600000000001,20062.0,791.6666666666666,brick,0.6945552,0.6945552,0.3014577,0.0039870404
left,108,128.208,1.1520000000000152,19243.0,615.625,brick,0.5679805,0.5679805,0.42826968,0.0037498241
left,109,129.376,1.1359999999999957,19176.0,893.75,brick,0.8045991,0.8045991,0.19204758,0.0033533324
left,110,130.528,1.1040000000000134,21220.0,526.0416666666666,brick,0.69559205,0.69559205,0.30348328,0.0009246908
left,111,131.648,1.1200000000000045,20483.0,1479.1666666666665,brick,0.8264059,0.8264059,0.17204128,0.0015528593
left,112,132.784,1.1200000000000045,20727.0,1054.1666666666665,brick,0.8577532,0.8577532,0.13166164,0.0105851535
left,113,133.92,1.1520000000000152,19932.0,937.5,brick,0.9026266,0.9026266,0.09221346,0.0051599503
left,114,135.088,1.1520000000000152,17214.0,718.75,concrete,0.8732741,0.120171644,0.8732741,0.006554304
left,115,136.256,1.1359999999999957,20354.0,3000.0,concrete,0.71059567,0.28771967,0.71059567,0.0016847152
left,116,137.408,1.1680000000000064,20430.0,2140.625,concrete,0.7753569,0.22309321,0.7753569,0.0015498613
left,117,138.592,1.1519999999999868,19009.0,763.0208333333333,concrete,0.83743334,0.15819804,0.83743334,0.004368657
left,118,139.76,1.1520000000000152,18961.0,1843.75,concrete,0.7363852,0.260701,0.7363852,0.0029137542
left,119,140.928,1.1680000000000064,17276.0,1781.25,concrete,0.9433318,0.02302888,0.9433318,0.03363936
left,120,142.112,1.1520000000000152,20732.0,1000.0,concrete,0.8439082,0.15498863,0.8439082,0.0011031606
left,121,143.28,1.2160000000000082,17587.0,856.7708333333333,concrete,0.91509396,0.06113452,0.91509396,0.023771465
left,122,144.512,1.0879999999999939,29270.0,1445.3125,concrete,0.9781156,0.017913088,0.9781156,0.003971311
left,123,145.616,1.167999999999978,19621.0,1109.375,brick,0.8146333,0.8146333,0.14501442,0.040352315
left,124,146.8,1.0879999999999939,20947.0,1968.75,brick,0.74388546,0.74388546,0.25531098,0.0008035782
left,125,147.904,1.1200000000000045,19755.0,781.25,brick,0.85909706,0.85909706,0.13984871,0.0010541955
left,126,149.04,1.1040000000000134,20081.0,921.875,brick,0.6306456,0.6306456,0.36354637,0.0058080507
left,127,150.16,1.1200000000000045,20401.0,2270.833333333333,brick,0.8386572,0.8386572,0.16026159,0.0010812692
left,128,151.296,1.1040000000000134,22469.0,1343.75,brick,0.7960734,0.7960734,0.20065568,0.0032709627
left,129,152.416,1.1200000000000045,20765.0,761.8055555555555,brick,0.76602066,0.76602066,0.23114553,0.0028337764
left,130,153.552,1.1359999999999957,19282.0,953.125,brick,0.80398184,0.80398184,0.19147174,0.0045464323
left,131,154.704,1.1359999999999957,20315.0,781.25,brick,0.8849469,0.8849469,0.11344581,0.0016073125
left,132,155.856,1.1359999999999957,20052.0,1556.25,brick,0.75927764,0.75927764,0.23829016,0.002432169
left,133,157.008,1.1359999999999957,18257.0,1895.8333333333335,brick,0.8084599,0.8084599,0.19006708,0.0014730169
left,134,158.16,1.1520000000000152,18439.0,680.5555555555557,brick,0.8794281,0.8794281,0.11877375,0.001798186
left,135,159.328,1.1519999999999868,18186.0,906.25,brick,0.87485284,0.87485284,0.11837396,0.0067731743
left,136,160.496,1.1359999999999957,19071.0,2135.4166666666665,brick,0.9411129,0.9411129,0.057583965,0.0013031568
left,137,161.648,1.1359999999999957,18109.0,2312.5,brick,0.744251,0.744251,0.2492634,0.006485569
left,138,162.8,1.1359999999999957,19736.0,746.5277777777778,brick,0.8035795,0.8035795,0.1955874,0.0008331177
left,139,163.952,1.1520000000000152,19358.0,1269.345238095238,brick,0.82486683,0.82486683,0.17382403,0.0013091034
left,140,165.12,1.1519999999999868,20550.0,607.1428571428571,brick,0.63982195,0.63982195,0.35761988,0.0025581555
left,141,166.288,1.167999999999978,19061.0,929.6875,brick,0.71563876,0.71563876,0.2631733,0.021187954
left,142,167.472,1.1519999999999868,20559.0,1028.6458333333335,brick,0.74918693,0.74918693,0.24923249,0.0015805212
left,143,168.64,1.1520000000000152,19947.0,1427.0833333333333,brick,0.7897824,0.7897824,0.19456005,0.01565759
left,144,169.808,1.1520000000000152,18659.0,1276.0416666666665,brick,0.75032896,0.75032896,0.24350455,0.0061665126
left,145,170.976,1.1519999999999868,19267.0,496.52777777777777,brick,0.6156813,0.6156813,0.37351346,0.010805264
left,146,172.144,1.1359999999999957,19684.0,1552.0833333333335,concrete,0.67845094,0.3190676,0.67845094,0.002481457
left,147,173.296,1.1520000000000152,17563.0,1750.0,concrete,0.58871615,0.40706503,0.58871615,0.0042187995
left,148,174.464,1.1520000000000152,19664.0,429.6875,concrete,0.82681507,0.17043851,0.82681507,0.0027463997
left,149,175.632,1.1359999999999957,19889.0,416.66666666666663,concrete,0.940981,0.058158908,0.940981,0.0008601093
left,150,176.784,1.1359999999999957,20454.0,1546.875,concrete,0.8441153,0.15506642,0.8441153,0.00081828696
left,151,177.936,1.1200000000000045,20512.0,862.8472222222222,concrete,0.895563,0.103104524,0.895563,0.0013325014
left,152,179.072,1.1519999999999868,19569.0,592.1875,concrete,0.66381496,0.33494335,0.66381496,0.0012416921
left,153,180.24,1.1359999999999957,20732.0,617.1875,concrete,0.87123746,0.12805578,0.87123746,0.000706725
left,154,181.392,1.1200000000000045,20957.0,1104.1666666666665,concrete,0.8382678,0.16117457,0.8382678,0.0005576608
left,155,182.528,1.1520000000000152,17252.0,796.875,concrete,0.78476876,0.21131177,0.78476876,0.0039194487
left,156,183.696,1.1359999999999957,19703.0,916.6666666666666,concrete,0.942561,0.056745313,0.942561,0.00069374556
left,157,184.848,1.1199999999999761,20502.0,623.015873015873,concrete,0.93468094,0.06468945,0.93468094,0.0006296488
left,158,185.984,1.1200000000000045,20397.0,1145.8333333333333,concrete,0.8797155,0.1195245,0.8797155,0.0007600538
left,159,187.12,1.1200000000000045,19980.0,755.2083333333334,concrete,0.9192625,0.0784309,0.9192625,0.0023065393
left,160,188.256,1.1200000000000045,19645.0,2062.5,concrete,0.9268547,0.07235363,0.9268547,0.0007916573
left,161,189.392,1.1359999999999957,19215.0,1062.5,concrete,0.62905765,0.3688399,0.62905765,0.0021024523
left,162,190.544,1.1199999999999761,19564.0,822.9166666666666,concrete,0.8588635,0.14022365,0.8588635,0.00091287267
left,163,191.68,1.1200000000000045,19401.0,895.8333333333334,concrete,0.9129935,0.084747635,0.9129935,0.0022588498
left,164,192.816,1.1200000000000045,19679.0,786.4583333333333,concrete,0.8652759,0.13317613,0.8652759,0.0015479462
left,165,193.952,1.1200000000000045,20215.0,1760.4166666666665,concrete,0.88663584,0.11259447,0.88663584,0.0007696763
left,166,195.088,1.1200000000000045,20923.0,812.5,concrete,0.8828514,0.11622947,0.8828514,0.0009190714
left,167,196.224,1.0880000000000223,20617.0,1156.25,concrete,0.92109275,0.078433596,0.92109275,0.00047368722
left,168,197.328,1.1519999999999868,18827.0,1160.9375,concrete,0.86665916,0.13092995,0.86665916,0.0024109108
left,169,198.496,1.1519999999999868,19774.0,895.8333333333334,concrete,0.91025186,0.08727022,0.91025186,0.002477882
left,170,199.664,1.2480000000000189,14955.0,1369.7916666666665,concrete,0.91259164,0.059292134,0.91259164,0.028116208
left,171,200.928,1.1520000000000152,19100.0,646.4285714285714,concrete,0.84639,0.14769904,0.84639,0.005910938
left,172,202.096,1.103999999999985,21000.0,882.8125,concrete,0.84265816,0.15639791,0.84265816,0.0009439362
left,173,203.216,1.1200000000000045,18463.0,1135.4166666666665,concrete,0.8566577,0.14225477,0.8566577,0.0010875782
left,174,204.352,1.103999999999985,19291.0,994.7916666666667,concrete,0.83405125,0.1650633,0.83405125,0.0008854731
left,175,205.472,1.103999999999985,18798.0,958.3333333333334,concrete,0.9025317,0.094871245,0.9025317,0.0025970808
left,176,206.592,1.1519999999999868,19918.0,831.25,concrete,0.8797979,0.11710758,0.8797979,0.0030945602
left,177,207.76,1.1200000000000045,21808.0,804.6875,concrete,0.8833324,0.11549979,0.8833324,0.0011678989
left,178,208.896,1.1200000000000045,20090.0,629.1666666666667,concrete,0.94638497,0.052849937,0.94638497,0.0007650903
left,179,210.032,1.1199999999999761,20540.0,594.6428571428571,concrete,0.87383693,0.12524314,0.87383693,0.00091994234
left,180,211.168,1.1200000000000045,19430.0,1570.3125,concrete,0.95097524,0.047905974,0.95097524,0.0011187874
left,181,212.304,1.103999999999985,19282.0,927.0833333333333,concrete,0.88087845,0.11740672,0.88087845,0.0017148143
left,182,213.424,1.1680000000000064,19545.0,625.0,concrete,0.7551996,0.24231727,0.7551996,0.0024830678
left,183,214.608,1.0879999999999939,20703.0,1296.875,concrete,0.91115624,0.08824085,0.91115624,0.0006028977
left,184,215.712,1.1200000000000045,20282.0,742.1875,concrete,0.91529226,0.08410774,0.91529226,0.0005999917
left,185,216.848,1.103999999999985,21392.0,1156.25,concrete,0.91746277,0.08212276,0.91746277,0.00041442408
left,186,217.968,1.1200000000000045,21517.0,537.5,concrete,0.97096145,0.028365247,0.97096145,0.00067324395
left,187,219.104,1.1199999999999761,19454.0,498.95833333333337,concrete,0.9112433,0.08791195,0.9112433,0.0008447228
left,188,220.24,1.1359999999999957,21124.0,1117.1875,concrete,0.9174724,0.0818573,0.9174724,0.00067030475
left,189,221.392,1.1359999999999957,19999.0,1468.75,concrete,0.86586285,0.13350971,0.86586285,0.0006274371
left,190,222.544,1.103999999999985,20914.0,1218.75,concrete,0.9571715,0.04209655,0.9571715,0.0007319104
left,191,223.664,1.1520000000000152,20646.0,1040.3645833333335,concrete,0.7715343,0.22501276,0.7715343,0.0034529325
left,192,224.832,1.1359999999999957,20296.0,675.0,concrete,0.93578357,0.063560344,0.93578357,0.00065612147
left,193,225.984,1.1359999999999957,19526.0,673.6111111111111,concrete,0.9065911,0.09118033,0.9065911,0.0022285662
left,194,227.136,1.1040000000000134,19952.0,804.6875,concrete,0.89279926,0.10566848,0.89279926,0.0015322284
left,195,228.256,1.1359999999999957,19569.0,1106.7708333333335,concrete,0.8279317,0.17058165,0.8279317,0.001486638
left,196,229.408,1.1520000000000152,20033.0,543.1547619047619,concrete,0.9058055,0.08424994,0.9058055,0.009944481
left,197,230.576,1.1359999999999957,18545.0,1135.4166666666667,concrete,0.8997794,0.09869393,0.8997794,0.0015266511
left,198,231.728,1.1359999999999957,19430.0,1520.8333333333333,concrete,0.6155637,0.377333,0.6155637,0.007103287
left,199,232.88,1.1200000000000045,18932.0,1390.625,concrete,0.7745684,0.22332533,0.7745684,0.0021062973
left,200,234.016,1.1200000000000045,20899.0,1593.75,concrete,0.91228753,0.08241569,0.91228753,0.005296813
left,201,235.152,1.1680000000000064,18200.0,914.0625,concrete,0.85679346,0.12527943,0.85679346,0.017927084
left,202,236.336,1.1359999999999957,19626.0,1085.9375,concrete,0.7862497,0.20492508,0.7862497,0.008825201
left,203,237.488,1.1359999999999957,19286.0,1479.1666666666665,concrete,0.8272752,0.17007872,0.8272752,0.0026461002
left,204,238.64,1.136000000000024,18813.0,683.59375,concrete,0.88765115,0.11029685,0.88765115,0.0020520121
left,205,239.792,1.1200000000000045,19674.0,1187.5,concrete,0.89397556,0.10508181,0.89397556,0.000942605
left,206,240.928,1.1200000000000045,19267.0,962.5,concrete,0.901239,0.097829334,0.901239,0.000931679
left,207,242.064,1.1200000000000045,19985.0,781.25,concrete,0.8959323,0.10338951,0.8959323,0.0006781791
left,208,243.2,1.136000000000024,21153.0,718.75,brick,0.7601977,0.7601977,0.2375842,0.0022180812
left,209,244.352,1.1200000000000045,18401.0,510.41666666666674,brick,0.75470245,0.75470245,0.24402651,0.0012710922
left,210,245.488,1.1200000000000045,20430.0,914.5833333333334,brick,0.76092774,0.76092774,0.23840816,0.00066415285
left,211,246.624,1.1520000000000152,20220.0,854.1666666666666,brick,0.86703205,0.86703205,0.13081117,0.0021567207
left,212,247.792,1.103999999999985,21373.0,1140.625,brick,0.5858695,0.5858695,0.4117127,0.0024178296
left,213,248.912,1.1200000000000045,18875.0,710.9375,brick,0.55183834,0.55183834,0.44649646,0.0016652404
left,214,250.048,1.1200000000000045,19707.0,687.5,brick,0.7389908,0.7389908,0.25975895,0.0012503014
left,215,251.184,1.1359999999999957,20239.0,971.875,brick,0.8273761,0.8273761,0.17154142,0.0010824444
left,216,252.336,1.1519999999999868,19191.0,622.9166666666667,brick,0.74029326,0.74029326,0.25803423,0.001672514
left,217,253.504,1.1200000000000045,20440.0,1781.25,brick,0.79898375,0.79898375,0.2002622,0.0007540529
left,218,254.64,1.136000000000024,20047.0,1026.0416666666665,concrete,0.55947256,0.43583748,0.55947256,0.0046899486
left,219,255.792,1.1199999999999761,20267.0,679.6875,brick,0.8984085,0.8984085,0.10043803,0.001153517
left,220,256.928,1.136000000000024,20296.0,578.125,brick,0.71034735,0.71034735,0.28775668,0.0018959213
left,221,258.08,1.136000000000024,18023.0,1071.875,brick,0.8770387,0.8770387,0.12196087,0.0010003805
left,222,259.232,1.1359999999999673,19822.0,890.625,brick,0.7221745,0.7221745,0.2760488,0.0017767041
left,223,260.384,1.1680000000000064,18832.0,643.75,brick,0.7300541,0.7300541,0.2673514,0.0025945446
left,224,261.568,1.1680000000000064,19583.0,2000.0,brick,0.9135252,0.9135252,0.084621735,0.0018530024
left,225,262.752,1.1359999999999673,19229.0,1750.0,brick,0.7513319,0.7513319,0.24693197,0.0017360987
left,226,263.904,1.1519999999999868,18152.0,1078.125,brick,0.84364367,0.84364367,0.15270472,0.0036516201
left,227,265.072,1.1680000000000064,18382.0,1682.2916666666665,brick,0.8800417,0.8800417,0.117857076,0.0021012318
left,228,266.256,1.1680000000000064,17836.0,828.125,brick,0.8644321,0.8644321,0.13096017,0.0046077743
left,229,267.44,1.136000000000024,18722.0,750.0,brick,0.7862398,0.7862398,0.21273597,0.0010242414
left,230,268.592,1.136000000000024,19425.0,761.71875,brick,0.81955725,0.81955725,0.17925464,0.0011880472
left,231,269.744,1.1519999999999868,19478.0,1406.25,brick,0.66936827,0.66936827,0.32943034,0.0012014486
left,232,270.912,1.1520000000000437,18679.0,509.375,brick,0.8275782,0.8275782,0.17013726,0.0022845173
left,233,272.08,1.1040000000000418,19425.0,1177.0833333333335,brick,0.6411882,0.6411882,0.35773402,0.0010777456
left,234,273.2,1.1200000000000045,18846.0,421.09375,brick,0.6811735,0.6811735,0.31647328,0.0023531846
left,235,274.336,1.1200000000000045,19693.0,973.9583333333334,brick,0.7283536,0.7283536,0.2704691,0.0011772682
left,236,275.472,1.1680000000000064,19684.0,781.25,brick,0.8084153,0.8084153,0.18144806,0.01013667
left,237,276.656,1.1680000000000064,18803.0,1454.1666666666665,brick,0.86294484,0.86294484,0.13497734,0.0020778838
left,238,277.84,1.136000000000024,19353.0,1478.125,brick,0.6484229,0.6484229,0.35026476,0.0013123865
left,239,278.992,1.1359999999999673,17903.0,1390.625,brick,0.7737314,0.7737314,0.22404334,0.0022252372
left,240,280.144,1.1519999999999868,17453.0,662.5,brick,0.67265946,0.67265946,0.32495847,0.0023820729
left,241,281.312,1.1680000000000064,18396.0,600.4464285714286,brick,0.61957556,0.61957556,0.3281706,0.052253775
left,242,282.496,1.1520000000000437,19186.0,1135.4166666666665,brick,0.75360453,0.75360453,0.24433057,0.002064894
left,243,283.664,1.1680000000000064,17406.0,656.25,brick,0.80718505,0.80718505,0.18485427,0.0079606
left,244,284.848,1.1200000000000045,18707.0,1328.125,brick,0.79677826,0.79677826,0.20100388,0.0022178758
left,245,285.984,1.1520000000000437,18549.0,1356.25,brick,0.8366597,0.8366597,0.13497199,0.028368322
left,246,287.152,1.1680000000000064,18415.0,648.4375,brick,0.5873099,0.5873099,0.40577886,0.0069112713
left,247,288.336,1.1519999999999868,19425.0,348.95833333333337,brick,0.7944396,0.7944396,0.20234495,0.0032153975
left,248,289.504,1.1680000000000064,20622.0,1229.1666666666667,brick,0.6455946,0.6455946,0.35256284,0.0018425054
left,249,290.688,1.1200000000000045,17894.0,437.5,brick,0.7445574,0.7445574,0.2526812,0.0027614224
left,250,291.824,1.1680000000000064,19602.0,890.625,brick,0.610231,0.610231,0.34946778,0.040301263
left,251,293.008,1.1680000000000064,16994.0,886.71875,concrete,0.73352575,0.20232794,0.73352575,0.06414626
left,252,294.192,1.1680000000000064,18784.0,942.7083333333333,concrete,0.82981116,0.1491869,0.82981116,0.02100197
left,253,295.376,1.136000000000024,17913.0,656.25,concrete,0.96185887,0.03650943,0.96185887,0.001631665
left,254,296.528,1.1200000000000045,20191.0,444.44444444444446,concrete,0.92787594,0.068846196,0.92787594,0.0032779104
left,255,297.664,1.1200000000000045,20105.0,1875.0,concrete,0.92588717,0.06643723,0.92588717,0.007675654
left,256,298.8,1.231999999999971,6398.0,2937.5,concrete,0.940698,0.0419796,0.940698,0.017322337
left,257,300.048,1.1200000000000045,19224.0,366.07142857142856,concrete,0.8280081,0.16941851,0.8280081,0.0025734105
left,258,301.184,1.1199999999999477,20445.0,1052.0833333333333,concrete,0.85940266,0.13995954,0.85940266,0.00063773204
left,259,302.32,1.136000000000024,18650.0,947.9166666666666,concrete,0.81925154,0.17912534,0.81925154,0.001623157
left,260,303.472,1.136000000000024,19688.0,817.7083333333333,concrete,0.8243883,0.1746092,0.8243883,0.0010024388
left,261,304.624,1.1359999999999673,17994.0,581.9444444444445,concrete,0.85798293,0.14064346,0.85798293,0.0013735805
left,262,305.776,1.1519999999999868,19516.0,809.8958333333333,concrete,0.9170711,0.08124941,0.9170711,0.001679462
left,263,306.944,1.1359999999999673,18927.0,1026.0416666666665,concrete,0.888112,0.10919839,0.888112,0.0026895998
left,264,308.096,1.136000000000024,19100.0,1453.125,concrete,0.90679616,0.09181976,0.90679616,0.0013840274
left,265,309.248,1.136000000000024,19487.0,895.8333333333333,concrete,0.89011985,0.106529534,0.89011985,0.003350592
left,266,310.4,1.1200000000000045,19492.0,691.9642857142858,concrete,0.8343929,0.15976354,0.8343929,0.005843529
left,267,311.536,1.136000000000024,19478.0,757.8125,concrete,0.93377614,0.06555316,0.93377614,0.00067064737
left,268,312.688,1.136000000000024,19286.0,821.1805555555555,concrete,0.74837834,0.25011444,0.74837834,0.0015071922
left,269,313.84,1.136000000000024,19530.0,893.2291666666666,brick,0.6924759,0.6924759,0.30595833,0.0015658156
left,270,314.992,1.1680000000000064,19291.0,1093.75,brick,0.7295291,0.7295291,0.26575017,0.0047207703
left,271,316.176,1.1680000000000064,19956.0,1489.5833333333333,brick,0.752504,0.752504,0.2408822,0.0066138334
left,272,317.36,1.1359999999999673,19416.0,958.3333333333333,brick,0.82100654,0.82100654,0.17472681,0.004266682
left,273,318.512,1.136000000000024,20244.0,843.75,brick,0.8720315,0.8720315,0.12628645,0.0016820944
left,274,319.664,1.136000000000024,20344.0,1035.7142857142858,brick,0.83966553,0.83966553,0.15654592,0.0037885294
left,275,320.816,1.136000000000024,20569.0,1093.75,brick,0.816171,0.816171,0.18256292,0.001266098
left,276,321.968,1.1359999999999673,19411.0,829.8611111111111,brick,0.7842847,0.7842847,0.21173544,0.0039798715
left,277,323.12,1.1200000000000045,20813.0,1072.9166666666665,brick,0.7261477,0.7261477,0.27270007,0.0011522452
left,278,324.256,1.136000000000024,20516.0,1072.9166666666667,brick,0.639782,0.639782,0.3567122,0.0035057995
left,279,325.408,1.1519999999999868,18621.0,510.4166666666667,concrete,0.8307724,0.16664287,0.8307724,0.002584691
left,280,326.576,1.1200000000000045,20483.0,1128.125,concrete,0.9637986,0.035514817,0.9637986,0.0006865692
left,281,327.712,1.1519999999999868,19042.0,1135.4166666666665,concrete,0.84350115,0.1549776,0.84350115,0.0015212862
left,282,328.88,1.2160000000000082,16491.0,953.125,concrete,0.93862575,0.04129378,0.93862575,0.020080524
left,283,330.112,1.183999999999969,19650.0,1833.3333333333335,concrete,0.8018991,0.19455566,0.8018991,0.0035452459
left,284,331.312,1.1519999999999868,19607.0,927.0833333333333,concrete,0.6682277,0.32941005,0.6682277,0.0023623202
left,285,332.48,1.1200000000000045,19660.0,1489.5833333333335,concrete,0.89075804,0.10842828,0.89075804,0.0008137037
left,286,333.616,1.1680000000000064,19138.0,1135.4166666666665,concrete,0.7990117,0.19857197,0.7990117,0.0024163004
left,287,334.8,1.183999999999969,18889.0,666.6666666666667,concrete,0.89217144,0.10357616,0.89217144,0.0042523537
left,288,336.0,1.1200000000000045,20320.0,1156.25,concrete,0.9463203,0.052667867,0.9463203,0.0010118529
left,289,337.136,1.1519999999999868,18827.0,1125.0,concrete,0.87501794,0.12160165,0.87501794,0.0033804139
left,290,338.304,1.1680000000000064,17257.0,1078.125,concrete,0.87649626,0.1014352,0.87649626,0.02206856
left,291,339.488,1.1519999999999868,20244.0,601.5625,concrete,0.9003591,0.09799856,0.9003591,0.0016423315
left,292,340.656,1.1680000000000064,18655.0,750.0,concrete,0.8163317,0.17891517,0.8163317,0.004753195
left,293,341.84,1.1200000000000045,20301.0,682.2916666666666,concrete,0.882539,0.112224445,0.882539,0.00523653
left,294,342.976,1.1519999999999868,18999.0,762.5,concrete,0.9129014,0.08265514,0.9129014,0.004443429
left,295,344.144,1.1999999999999886,18396.0,1614.5833333333335,concrete,0.8217828,0.0991187,0.8217828,0.07909843
left,296,345.36,1.1680000000000064,20109.0,1984.375,concrete,0.8209103,0.1697839,0.8209103,0.009305832
left,297,346.544,1.1520000000000437,19095.0,1854.1666666666665,concrete,0.83251256,0.16597787,0.83251256,0.0015095887
left,298,347.712,1.2160000000000082,14596.0,677.0833333333333,concrete,0.85873705,0.02691242,0.85873705,0.11435057
left,299,348.944,1.3279999999999745,20119.0,1242.1875,concrete,0.92799836,0.040163126,0.92799836,0.031838506
left,300,350.288,2.8000000000000114,13591.0,2062.5,concrete,0.906845,0.019428745,0.906845,0.073726326
left,301,353.104,1.184000000000026,22014.0,723.0902777777778,concrete,0.8900246,0.096295625,0.8900246,0.013679748
left,302,354.304,1.1680000000000064,19918.0,1232.638888888889,concrete,0.66597855,0.32909545,0.66597855,0.004926014
left,303,355.488,1.1519999999999868,19301.0,593.75,concrete,0.8743299,0.123783894,0.8743299,0.0018861638
left,304,356.656,1.1519999999999868,21713.0,1020.8333333333334,concrete,0.8399679,0.15892401,0.8399679,0.001108135
left,305,357.824,1.103999999999985,19124.0,1234.375,concrete,0.87734944,0.1213858,0.87734944,0.0012647627
left,306,358.944,1.183999999999969,18061.0,1322.9166666666665,concrete,0.92801934,0.06956091,0.92801934,0.002419783
left,307,360.144,1.0880000000000223,17760.0,770.8333333333333,concrete,0.8964064,0.10176066,0.8964064,0.0018329334
left,308,361.248,1.1200000000000045,17721.0,609.375,concrete,0.83042955,0.16654931,0.83042955,0.0030211534
left,309,362.384,1.1680000000000064,19990.0,1265.625,concrete,0.7916998,0.20473187,0.7916998,0.003568334
left,310,363.568,1.1040000000000418,22727.0,1187.5,concrete,0.8987994,0.098036766,0.8987994,0.0031637931
left,311,364.688,1.0880000000000223,20272.0,1848.9583333333335,concrete,0.9183531,0.055766158,0.9183531,0.025880791
left,312,365.792,1.136000000000024,17310.0,603.125,concrete,0.8469244,0.11872233,0.8469244,0.034353178
left,313,366.944,1.103999999999985,20607.0,1006.25,concrete,0.896044,0.103074566,0.896044,0.00088147505
left,314,368.064,1.1200000000000045,19942.0,1104.1666666666665,concrete,0.80269545,0.19617833,0.80269545,0.001126243
