feature,surface,count,mean,std,min,25%,50%,75%,max,anova_F
orient_rest_a_roll3_std,ALL,13153.0,1.0833382186436065,0.9151433774626347,0.0,0.4436969455193796,0.8032087011974346,1.4626648009533862,8.507866244181637,4162.44
orient_rest_a_roll3_std,hard,9757.0,0.818621862232906,0.6482151614988376,0.0,0.3784498728024874,0.6412545275107431,1.0691382192661338,5.997919959630745,4162.44
orient_rest_a_roll3_std,soft,3396.0,1.8438910718530301,1.1211221788770154,0.0,1.0231003123616405,1.6811230213008925,2.433574561122896,8.507866244181637,4162.44
accel_jerk_ratio,ALL,13153.0,0.4641919258935524,0.03881112851510688,0.1841188790216008,0.437090985434021,0.4625764209871012,0.4888138404444072,0.7633986374107881,2155.11
accel_jerk_ratio,hard,9757.0,0.45560045464461746,0.034551917851489485,0.2970532847367447,0.4313461285052125,0.4548982733970884,0.4781400432829985,0.6178117617444321,2155.11
accel_jerk_ratio,soft,3396.0,0.48887596151659696,0.03978760354066649,0.1841188790216008,0.4623952026093305,0.4880511067103611,0.5144691330986297,0.7633986374107881,2155.11
orient_rest_b_roll3_std,ALL,13153.0,1.15356380271883,0.9983805931010532,0.0,0.4483971116561412,0.8377466673958802,1.5528167079635204,9.94829808999573,1994.25
orient_rest_b_roll3_std,hard,9757.0,0.9398378558624467,0.8292055132926224,0.0,0.385994229119354,0.6753475008224741,1.1669671786973634,6.375572257683414,1994.25
orient_rest_b_roll3_std,soft,3396.0,1.7676168249443096,1.173492494003476,0.0,0.9146238019878926,1.535408224313718,2.3624131473960532,9.94829808999573,1994.25
gyro_x_std,ALL,13153.0,4229474.814253564,276401.9825043436,2544586.0062204995,4048911.08907008,4233209.664503802,4417718.004717027,5552202.617390214,1375.2
gyro_x_std,hard,9757.0,4279646.41478389,263175.133054036,2544586.0062204995,4101879.4854989992,4276824.441704059,4458015.031751487,5552202.617390214,1375.2
gyro_x_std,soft,3396.0,4085327.4919996206,262508.3545405023,3104786.2602192108,3886147.350515658,4105549.205341542,4283022.383238329,5039354.852932026,1375.2
stance_duration,ALL,13153.0,1.045960617349654,0.10035795408273541,0.7999999999999998,0.96,1.024000000000001,1.1359999999999957,1.759999999999998,808.7
stance_duration,hard,9757.0,1.0317105667725732,0.09427534555261956,0.7999999999999998,0.9440000000000026,1.0079999999999956,1.1200000000000043,1.759999999999998,808.7
stance_duration,soft,3396.0,1.0869022379269735,0.10590760352280922,0.8640000000000043,0.9919999999999902,1.1039999999999992,1.1839999999999975,1.328000000000003,808.7
gyro_x_strike,ALL,13153.0,8577706.578043032,635248.5414646976,5958379.0,8157494.0,8585100.0,9027366.0,11618656.0,725.7
gyro_x_strike,hard,9757.0,8663407.892282464,598666.4551574806,5958379.0,8251567.0,8664512.0,9082344.0,10971139.0,725.7
gyro_x_strike,soft,3396.0,8331479.333333333,672026.2704431736,5970596.0,7858170.0,8326703.5,8794015.0,11618656.0,725.7
accel_hf_frac,ALL,13153.0,0.22525614975538652,0.07857943627865685,0.0422367266163223,0.1524838206945895,0.207546670183754,0.2953462200294531,0.4756966693331927,543.07
accel_hf_frac,hard,9757.0,0.23448784126849642,0.07908678751833137,0.0717983787308663,0.1565406545091298,0.2438283714334976,0.3033255356159514,0.4756966693331927,543.07
accel_hf_frac,soft,3396.0,0.19873270626498196,0.07069688442367493,0.0422367266163223,0.13944926971611527,0.1740395795087309,0.263235265825594,0.4588087772766345,543.07
accel_spec_centroid,ALL,13153.0,4.304739567106089,0.5389455364367074,2.170574737402477,3.87826380973809,4.235912892967056,4.680338457094928,7.087062948864385,522.13
accel_spec_centroid,hard,9757.0,4.3668709840076945,0.5497139665092368,2.7404453830705133,3.916191844394376,4.308819752551464,4.766838048503492,6.5392059768314414,522.13
accel_spec_centroid,soft,3396.0,4.1262306640704685,0.4624831436976643,2.170574737402477,3.787472265797111,4.075154532330065,4.429425403108936,7.087062948864385,522.13
gyro_mag_strike,ALL,13153.0,9497851.477285344,755533.0006407623,6292004.426359139,9064968.830213483,9458208.68093425,9859080.359970191,13883734.647872992,510.74
gyro_mag_strike,hard,9757.0,9584032.415585404,749958.6758660836,6292004.426359139,9148809.880670656,9527642.301677996,9910554.883800048,13883734.647872992,510.74
gyro_mag_strike,soft,3396.0,9250246.231409691,715850.9294509827,6572330.332000135,8795405.33121763,9248524.54720835,9656074.88360319,12695513.235604811,510.74
accel_zcr,ALL,13153.0,0.07273298863747088,0.018905888222618034,0.0263157894736842,0.056338028169014,0.0689655172413793,0.0857142857142857,0.1551724137931034,506.7
accel_zcr,hard,9757.0,0.07058468896819332,0.018524753736560852,0.0263157894736842,0.056338028169014,0.0655737704918032,0.0847457627118644,0.1428571428571428,506.7
accel_zcr,soft,3396.0,0.07890523830565142,0.01863228069173685,0.0263157894736842,0.064516129032258,0.081081081081081,0.09375,0.1551724137931034,506.7
gyro_hf_frac,ALL,13153.0,0.2077947388863344,0.04055540376150263,0.0149163786751484,0.1809970735270976,0.2064486028955779,0.2328376368686115,0.4380879766607312,440.93
gyro_hf_frac,hard,9757.0,0.21210399529707807,0.03981696726382573,0.0560671185609959,0.1860587696252632,0.2101374603235376,0.2364250705268349,0.4380879766607312,440.93
gyro_hf_frac,soft,3396.0,0.1954138746932762,0.04011329380366092,0.0149163786751484,0.16859012145003577,0.19398806427939597,0.22157094361283977,0.3565582623615605,440.93
gyro_z_std,ALL,13153.0,1218824.274741224,324031.7474126945,290815.63475770707,990216.8953418375,1157508.8054628766,1389269.1640880334,3573734.175469944,408.0
gyro_z_std,hard,9757.0,1251984.154279981,338474.14498548035,381653.2114634911,999947.6132089891,1210801.1230320074,1432015.860986442,3225705.761326552,408.0
gyro_z_std,soft,3396.0,1123553.0896235416,255524.26943603918,290815.63475770707,961935.2252355348,1098959.371386742,1235167.1365908186,3573734.175469944,408.0
gu_spatial_entropy_stance,ALL,13153.0,0.9792620876998969,0.01730861275166994,0.9099848766949112,0.966375270484116,0.9876267766043276,0.9946656635400284,0.9974760226470822,400.96
gu_spatial_entropy_stance,hard,9757.0,0.9810184767549118,0.015251873946635778,0.925194236557348,0.9678584478233724,0.9888129152781546,0.9947812041714054,0.9974760226470822,400.96
gu_spatial_entropy_stance,soft,3396.0,0.9742158309243424,0.021395823819471586,0.9099848766949112,0.9581064897443077,0.9749133788928919,0.994305222675149,0.997031236930272,400.96
accel_spec_entropy,ALL,13153.0,0.5345666975664962,0.05574907234436603,0.3773559213336553,0.4899043593281884,0.5191981362418825,0.5739778639883866,0.7306750041437807,397.46
accel_spec_entropy,hard,9757.0,0.5401998112359525,0.057139256990870295,0.3828871971000837,0.4926414938609678,0.5233812877064209,0.5837595908218776,0.7306750041437807,397.46
accel_spec_entropy,soft,3396.0,0.5183822776392629,0.0480071897287702,0.3773559213336553,0.48052189211537033,0.5085063434454032,0.5498559474730983,0.7284391763751267,397.46
heel_impulse_norm,ALL,13153.0,0.19025939747819198,0.03953300497096625,0.0882484862076698,0.1548656366698396,0.1855003813576331,0.2243219735905748,0.3032005447735784,260.12
heel_impulse_norm,hard,9757.0,0.18701136172374125,0.03657855424068934,0.0882484862076698,0.1549368928359659,0.1836292818119256,0.2208538241274263,0.2738680546356971,260.12
heel_impulse_norm,soft,3396.0,0.19959128347824362,0.04573924557381997,0.08871405197772,0.15439510563807576,0.2045600710194409,0.23770580563934895,0.3032005447735784,260.12
heel_fore_ratio,ALL,13153.0,0.5365242938567487,0.15056611111493332,0.1884572957918565,0.4109190250563341,0.5051360243957173,0.6632756866726199,1.1139387264112088,242.64
heel_fore_ratio,hard,9757.0,0.5245687813095719,0.13800266403106015,0.1964810489034813,0.4122891432993271,0.4995615389362012,0.6491937894874774,0.9443787632985622,242.64
heel_fore_ratio,soft,3396.0,0.5708735093817207,0.17749358057685555,0.1884572957918565,0.40534545422807516,0.562984608549306,0.7144093938021998,1.1139387264112088,242.64
gu_unload_slope,ALL,13153.0,-0.22021409350973997,0.11237622304547605,-0.6006812950740607,-0.3177179619122113,-0.1883259988945221,-0.1230379405060106,-0.03742640670877,227.1
gu_unload_slope,hard,9757.0,-0.21157640319758797,0.1070922922450984,-0.5753467540585118,-0.306271134242783,-0.1807834744513843,-0.1206993484427099,-0.0544752025392405,227.1
gu_unload_slope,soft,3396.0,-0.24503092047548394,0.12302068197271478,-0.6006812950740607,-0.348412200246157,-0.2594803117542285,-0.1339962463091201,-0.03742640670877,227.1
heel_ripple_frac,ALL,13153.0,0.0020253799429203233,0.0010530266272787848,0.0001330837665459,0.0013446349781475,0.0017904028684593,0.0024105607971,0.013801343572342,222.04
heel_ripple_frac,hard,9757.0,0.002105427370828322,0.0010864849537605796,0.0004816020452079,0.0013992187126664,0.0018623240381879,0.0025036303686458,0.013801343572342,222.04
heel_ripple_frac,soft,3396.0,0.0017953967997818231,0.0009122286093243006,0.0001330837665459,0.0012216435173056,0.001604271573941,0.00213148649528225,0.0107727409564485,222.04
gyro_y_strike,ALL,13153.0,2157778.3926100507,718989.9369815369,217468.0,1673770.0,2117258.0,2579073.0,6894225.0,206.92
gyro_y_strike,hard,9757.0,2104986.6487649893,717772.0713430523,217468.0,1626123.0,2063502.0,2521651.0,6894225.0,206.92
gyro_y_strike,soft,3396.0,2309453.6118963487,700789.0787416548,245567.0,1830152.0,2274862.0,2752558.0,6748839.0,206.92
gu_stance_frac,ALL,13153.0,0.8985028660013888,0.13653675420400815,0.5652173913043478,0.8133333333333334,1.0,1.0,1.0,196.81
gu_stance_frac,hard,9757.0,0.9082837096187815,0.13154951884977972,0.5652173913043478,0.8428571428571429,1.0,1.0,1.0,196.81
gu_stance_frac,soft,3396.0,0.8704016612973557,0.1463728528136247,0.5714285714285714,0.7466666666666667,0.9230769230769232,1.0,1.0,196.81
gu_load_first_frac,ALL,13153.0,0.6170039346314482,0.03745918750563813,0.4936541998338103,0.5831347293035659,0.6195493376318625,0.6489715387178733,0.7540959144560381,139.9
gu_load_first_frac,hard,9757.0,0.6147367210412582,0.035803748064804006,0.4936541998338103,0.5826705766662542,0.6135588910417838,0.6461980084960813,0.7540959144560381,139.9
gu_load_first_frac,soft,3396.0,0.6235178342190466,0.04116927791988534,0.5544814165375772,0.5842677605555031,0.6322305404277795,0.6562044562863746,0.7457403215829985,139.9
orient_range_a,ALL,13153.0,6.865109991938846,5.042324654835507,0.2134367311057276,3.39318041592418,4.805050727719226,9.367823478781808,48.40749365512809,138.33
orient_range_a,hard,9757.0,6.561620703323159,4.555714221573876,0.2134367311057276,3.4083283242640974,4.675717554409731,9.025740150615686,41.10180644456537,138.33
orient_range_a,soft,3396.0,7.7370608132060035,6.150499227398268,0.2765848275951867,3.363407221537103,5.298035643657973,10.546569722739761,48.40749365512809,138.33
accel_mag_strike,ALL,13153.0,35036.431765590874,5088.902027977858,22523.33070396117,30890.15200674804,34677.503283829414,38775.94821535639,64509.08600344606,133.35
accel_mag_strike,hard,9757.0,35337.22397934574,4969.766278691466,23520.044323937826,31252.117656248516,35052.81847441087,38871.70662577089,63347.66681575573,133.35
accel_mag_strike,soft,3396.0,34172.22987230284,5323.634118227848,22523.33070396117,29552.001066119235,33581.866279844005,38469.608387748645,64509.08600344606,133.35
gu_fore_early_frac,ALL,13153.0,0.5273081439609532,0.07107871467050904,0.3870762629768542,0.4642227720667348,0.4899551994371086,0.5937630159043943,0.7294935067524071,110.99
gu_fore_early_frac,hard,9757.0,0.5234720937131752,0.07030112448126526,0.3870762629768542,0.4627987519075494,0.4836785648027566,0.5896772817219664,0.7105901009603155,110.99
gu_fore_early_frac,soft,3396.0,0.5383294461598843,0.07215116919768919,0.4017741881784424,0.4693978879204516,0.5466219234935894,0.6016630782993115,0.7294935067524071,110.99
gu_push_peak,ALL,13153.0,1.3514817568636217,0.2396781929586337,0.8767631211866174,1.1531012769223978,1.225578906401672,1.5778909372908787,2.363663698900124,102.67
gu_push_peak,hard,9757.0,1.33903695974744,0.2420538173635113,0.8767631211866174,1.1458444215777488,1.208665382905884,1.577490635381817,2.363663698900124,102.67
gu_push_peak,soft,3396.0,1.387236729025749,0.2290197276835264,0.8833326157155686,1.1774695027119988,1.38924978626176,1.5788685658114492,2.363442710830259,102.67
gu_dip_depth,ALL,13153.0,0.5729086999582975,0.17934218848796862,0.3101478873558321,0.4037923735740569,0.5174373331892381,0.7571022189859224,0.8734544285196535,96.71
gu_dip_depth,hard,9757.0,0.5638688069931392,0.1771005788566412,0.3101478873558321,0.4017318826790579,0.4960658961224595,0.7499167870191351,0.8734544285196535,96.71
gu_dip_depth,soft,3396.0,0.5988810897289244,0.18319259355311893,0.324147557895045,0.41094969250366886,0.7236666504915534,0.7725972565767973,0.8605931261983293,96.71
gyro_z_strike,ALL,13153.0,3256709.0208317493,1010157.5858327892,664621.0,2602285.0,3147177.0,3666413.0,10297966.0,94.96
gyro_z_strike,hard,9757.0,3307167.3066516346,1058160.216491059,664621.0,2602285.0,3202155.0,3722612.0,10297966.0,94.96
gyro_z_strike,soft,3396.0,3111738.0270906948,840874.9888673932,667064.0,2603507.0,3045163.0,3493232.5,8896641.0,94.96
stance_duration_roll3_std,ALL,13153.0,0.02271569473374693,0.018732508750408973,0.0,0.0092376043070371,0.018475208614066,0.027712812921103,0.5204305909532988,85.25
stance_duration_roll3_std,hard,9757.0,0.021828827051814326,0.018873759801031658,0.0,0.009237604307037,0.0184752086140578,0.0277128129210866,0.5204305909532988,85.25
stance_duration_roll3_std,soft,3396.0,0.025263741839935506,0.018082886758262237,0.0,0.0159999999999911,0.024440403706418402,0.033306655991451,0.1283329004321667,85.25
gu_press_jitter,ALL,13153.0,0.0073959525891369796,0.003035522083915833,0.0022350591015615,0.0045817454775453,0.0068244994301011,0.0100531648449467,0.0165076751702925,75.82
gu_press_jitter,hard,9757.0,0.007260373306434385,0.002919302380722766,0.0025087983873563,0.0045691483043562,0.0066113493401023,0.0098184294027587,0.0165076751702925,75.82
gu_press_jitter,soft,3396.0,0.007785483525924142,0.0033168138334549744,0.0022350591015615,0.004640397079698375,0.0089349438207145,0.010669712794478375,0.015652066240846,75.82
loading_rate_norm,ALL,13153.0,0.39440720783856265,0.24196237726997807,0.0,0.2316676447998673,0.3418006568622653,0.5038453835106012,2.3568046795539392,55.92
loading_rate_norm,hard,9757.0,0.3851185667851121,0.23651781005692016,0.0,0.2292065331117306,0.3347293017669986,0.4881002152758949,2.3568046795539392,55.92
loading_rate_norm,soft,3396.0,0.4210942722550869,0.2551251299728072,0.0,0.23783491698698433,0.364454547997097,0.5512385748473629,2.0427316083935696,55.92
orient_range_b,ALL,13153.0,7.222474494938049,12.34726275700345,0.3558940407600914,2.7070234855436155,4.258035636051588,6.487081552325151,83.41208774616368,47.8
orient_range_b,hard,9757.0,6.7841228359886445,12.1591251285967,0.3558940407600914,2.6678779919700872,4.151565793592283,6.0204632767244135,83.41208774616368,47.8
orient_range_b,soft,3396.0,8.481896502113946,12.79101553360196,0.6339228447237133,2.8255873200330655,4.705393506715254,8.344909934027257,79.57472780114367,47.8
gu_active_sensors,ALL,13153.0,11.935832129552194,0.3232008874779252,7.0,12.0,12.0,12.0,12.0,44.4
gu_active_sensors,hard,9757.0,11.92477195859383,0.34936576659597823,7.0,12.0,12.0,12.0,12.0,44.4
gu_active_sensors,soft,3396.0,11.967608951707891,0.2292569701806187,9.0,12.0,12.0,12.0,12.0,44.4
gu_cop_wander,ALL,13153.0,0.054125743892386405,0.02060604031748859,0.0200302516822306,0.0349765447152085,0.0461893470401905,0.0735643716600636,0.107814706794331,29.24
gu_cop_wander,hard,9757.0,0.053553136798880935,0.020078928685369438,0.0229841612929891,0.0352451057592007,0.0450483984687568,0.072619321337042,0.107814706794331,29.24
gu_cop_wander,soft,3396.0,0.05577089330679536,0.021970685172990823,0.0200302516822306,0.03377446266866142,0.06670988149391666,0.07580539211916332,0.0986310412243602,29.24
loading_rate_roll3_std,ALL,13153.0,411.9472073992679,331.0824773988362,0.0,194.0235244453482,327.06241839265795,528.2613544390235,3347.386584821388,26.33
loading_rate_roll3_std,hard,9757.0,420.6779480184509,342.2933151753102,0.0,196.4715608396058,331.9583941176501,539.5340630658379,3347.386584821388,26.33
loading_rate_roll3_std,soft,3396.0,386.86303890063164,295.1373030322351,0.0,187.34189144411198,314.3751581101037,501.53613936846114,2208.6087190714284,26.33
loading_rate,ALL,13153.0,1069.7041096907096,581.0551324558278,0.0,687.5,963.5416666666666,1317.7083333333333,6937.5,25.04
loading_rate,hard,9757.0,1084.6478136474261,603.5964507588084,0.0,687.5,975.6944444444443,1343.75,6937.5,25.04
loading_rate,soft,3396.0,1026.7695633109447,508.4312248275449,0.0,687.5,937.5,1250.0,4625.0,25.04
gu_load_slope,ALL,13153.0,0.059488802755932706,0.03030303716614218,0.0046005512935705,0.0383257737119777,0.0534325839404772,0.0749865705868815,0.3278764968598271,20.9
gu_load_slope,hard,9757.0,0.05877678216235232,0.02963280008715339,0.0046751721098066,0.0382768352373119,0.0526190526401149,0.0730906884645998,0.3278764968598271,20.9
gu_load_slope,soft,3396.0,0.06153449914331896,0.03206772458796911,0.0046005512935705,0.03845894927118997,0.05638428125546295,0.07977476091620875,0.2217721954807694,20.9
heel_kurt,ALL,13153.0,-0.7532573999246571,0.40050792962434106,-1.8484571804296064,-1.0284172138338652,-0.7591517431411208,-0.5080464653783685,2.3219070694141823,19.24
heel_kurt,hard,9757.0,-0.7622878294924813,0.38098292314396576,-1.8484571804296064,-1.01922604767067,-0.760566267523306,-0.5248940605718477,2.3219070694141823,19.24
heel_kurt,soft,3396.0,-0.7273121993082676,0.4509920852202931,-1.7774901314269416,-1.0524834113022312,-0.7557698519199809,-0.44862791464475776,1.9775359981677427,19.24
fall_slope,ALL,13153.0,-0.7767150165654075,2.7055461564263212,-108.0,-0.7966101694915254,-0.2203389830508474,0.0,0.0,16.75
fall_slope,hard,9757.0,-0.7197907259408169,2.584679257314893,-108.0,-0.7419354838709677,-0.208955223880597,0.0,0.0,16.75
fall_slope,soft,3396.0,-0.9402633980801693,3.0205147328700233,-71.0,-0.9539741847826086,-0.25158227848101267,0.0,0.0,16.75
gu_participation_ff,ALL,13153.0,0.9005528494886738,0.0780606319896078,0.3629117377214441,0.8563856758306483,0.9146520464227996,0.9644995282133508,0.9853316087293656,12.97
gu_participation_ff,hard,9757.0,0.9019983080288393,0.08062611658163506,0.3629117377214441,0.8607531664642284,0.9220794709780376,0.9663322665511408,0.9853316087293656,12.97
gu_participation_ff,soft,3396.0,0.8963999228171796,0.07001513049298778,0.4402840224238574,0.8470804518878631,0.9007551631503272,0.9594331654645899,0.9831397084702046,12.97
slope_asym,ALL,13153.0,0.9601317182375977,4.8193899284802075,-106.0,-0.5135135135135135,0.2580645161290322,1.2142857142857142,77.80357142857143,12.22
slope_asym,hard,9757.0,1.0467563569945095,4.847471792686888,-106.0,-0.4714285714285714,0.2543859649122806,1.1612903225806452,77.80357142857143,12.22
slope_asym,soft,3396.0,0.7112516827984956,4.729666787346035,-70.73770491803279,-0.6581113801452785,0.2707283554741182,1.3233887733887735,59.94594594594594,12.22
gu_spatial_entropy_ff,ALL,13153.0,0.9764161904308359,0.02091240586329779,0.7835592606543679,0.9661838628502292,0.9809074707792612,0.9927018291039048,0.9970978711427522,9.34
gu_spatial_entropy_ff,hard,9757.0,0.9767448436423886,0.021663926613277977,0.7835592606543679,0.967602414928718,0.9824420276257292,0.9930494278050914,0.9970978711427522,9.34
gu_spatial_entropy_ff,soft,3396.0,0.9754719414952886,0.018555523871394457,0.8223965693818039,0.962937025634354,0.9777752514821592,0.9916795311382581,0.99656161845225,9.34
heel_skew,ALL,13153.0,0.8902443472723076,0.19414734184712212,0.0364896190172998,0.7618299490274197,0.9005339218582166,1.0208362641966977,1.8822723649198048,2.64
heel_skew,hard,9757.0,0.8918668392532998,0.18753561468361385,0.0364896190172998,0.7715282842800194,0.9053629412490788,1.018261116963346,1.8822723649198048,2.64
heel_skew,soft,3396.0,0.8855827883033617,0.21195956147381398,0.1167592579549231,0.7326360539788201,0.8857527436545807,1.031995831221126,1.7990676831164665,2.64
time_to_peak_frac,ALL,13153.0,0.429739192347355,0.4900047036628797,0.0,0.0,0.0172413793103448,1.0,1.0,2.56
time_to_peak_frac,hard,9757.0,0.4257083348326234,0.48921161139087577,0.0,0.0,0.0172413793103448,1.0,1.0,2.56
time_to_peak_frac,soft,3396.0,0.44132019257445687,0.4921647803615063,0.0,0.0,0.0166666666666666,1.0,1.0,2.56
gyro_y_std,ALL,13153.0,1122295.182310737,251220.55459655428,423614.47350803926,918146.8781725842,1119314.678089177,1321454.142288996,2480022.484206973,2.5
gyro_y_std,hard,9757.0,1124337.639005452,265030.5723727618,433967.6414623339,899111.8908091336,1115266.879481002,1343243.0836130553,2480022.484206973,2.5
gyro_y_std,soft,3396.0,1116427.0286092255,206389.20192499788,423614.47350803926,982224.8543688175,1124554.6438221037,1255554.7787280916,1928876.014066605,2.5
rise_slope,ALL,13153.0,1.7368467348030054,3.9968160185635493,0.0,0.0,0.3492063492063492,1.34375,78.0,2.09
rise_slope,hard,9757.0,1.7665470829353267,4.104199604274797,0.0,0.0,0.3387096774193548,1.2857142857142858,78.0,2.09
rise_slope,soft,3396.0,1.6515150808786652,3.670095518980915,0.0,0.0,0.38583959899749365,1.5326839826839826,60.0,2.09
impact_mag_roll3_std,ALL,13153.0,2135.9361550941458,3227.700537574971,0.0,747.2819637414966,1299.973461267586,2170.3956628535084,27455.83104430336,1.68
impact_mag_roll3_std,hard,9757.0,2114.385236090892,3277.702996115423,0.0,728.9186054240577,1264.229936891701,2105.5642949100384,26520.681231823582,1.68
impact_mag_roll3_std,soft,3396.0,2197.853798414155,3079.154933255244,0.0,817.029391646337,1393.6029925215396,2408.1924685632544,27455.83104430336,1.68
midstance_diff,ALL,13153.0,-1.0324336653235004,16.836745916670726,-120.89999999999998,-6.900000000000006,0.0,6.0,98.6,1.37
midstance_diff,hard,9757.0,-1.1338218714768882,17.36184622274486,-120.89999999999998,-6.099999999999994,0.0,5.600000000000001,98.6,1.37
midstance_diff,soft,3396.0,-0.7411366313309775,15.226332156220266,-97.4,-8.600000000000001,-0.10000000000001205,7.300000000000011,78.4,1.37
gu_fore_heel_toff,ALL,13153.0,-0.05566182619934617,0.48222688271017616,-0.9,-0.6,0.32,0.36,0.98,1.01
gu_fore_heel_toff,hard,9757.0,-0.05316798196166855,0.48152682053312396,-0.9,-0.6,0.32,0.36,0.98,1.01
gu_fore_heel_toff,soft,3396.0,-0.06282685512367492,0.48423222018017587,-0.7,-0.6,0.34,0.36,0.5,1.01
