step,predicted_ground_type,prob_Brick,prob_Concrete,prob_Grass,contact_time_sec,loading_rate,midstance_pressure,time_to_midstance,step_duration,stance_auc
1,Grass,0.285,0.33,0.385,3.568,1602.083333333332,1469.0,0.0,76,4118.248000000001
2,Concrete,0.32,0.365,0.315,4.72,1078.124999999999,1856.0,0.0,77,4154.768000000001
3,Brick,0.42,0.28,0.3,5.856,914.0624999999992,1975.0,0.0,71,3798.5519999999965
4,Brick,0.345,0.33,0.325,7.056,953.5714285714278,1649.0,0.0,74,4009.568000000001
5,Concrete,0.33,0.355,0.315,8.256,1906.2499999999984,1688.0,0.0,85,4578.895999999998
6,Concrete,0.325,0.35,0.325,9.552,1218.749999999999,1715.0,0.0,76,4054.2400000000034
7,Grass,0.33,0.325,0.345,10.816,1312.4999999999989,1854.0,0.0,76,4090.751999999999
8,Brick,0.35,0.325,0.325,12.048,2708.333333333331,1739.0,0.0,74,4062.4960000000037
9,Brick,0.37,0.325,0.305,13.184,1812.4999999999984,1751.0,0.0,71,3801.8719999999953
10,Brick,0.48,0.385,0.135,14.304,1335.9374999999986,1632.0,0.0,66,3543.192000000003
11,Brick,0.495,0.38,0.125,15.36,1162.4999999999989,1887.0,0.0,67,3627.8079999999954
12,Brick,0.5,0.365,0.135,16.432,1234.3749999999989,1796.0,0.0,67,3621.168000000003
13,Brick,0.41,0.36,0.23,17.504,1252.6041666666656,1662.0,0.0,68,3694.3199999999974
14,Brick,0.455,0.4,0.145,18.576,1005.2083333333323,1828.0,0.0,67,3620.2080000000033
15,Brick,0.435,0.39,0.175,19.68,1734.3749999999984,1632.0,0.0,68,3697.223999999998
16,Brick,0.425,0.365,0.21,20.768,2321.8750000000164,1698.0,0.0,68,3651.5119999999956
17,Brick,0.425,0.38,0.195,21.84,1026.0416666666547,1838.0,0.0,70,3812.6159999999986
18,Brick,0.46,0.375,0.165,22.976,1156.2499999999748,1673.0,0.0,68,3693.344000000011
19,Brick,0.42,0.325,0.255,24.064,999.9999999999991,1794.0,0.0,69,3737.5840000000035
20,Brick,0.4,0.36,0.24,25.168,1270.8333333333321,1858.0,0.0,69,3744.704000000004
21,Brick,0.455,0.38,0.165,26.256,1821.8750000000155,1777.0,0.0,67,3581.847999999989
22,Brick,0.425,0.365,0.21,27.36,792.9687499999993,1727.0,0.0,68,3657.6079999999956
23,Brick,0.44,0.4,0.16,28.432,1098.2142857142926,1836.0,0.0,68,3674.231999999996
24,Brick,0.485,0.365,0.15,29.504,1104.1666666666656,1726.0,0.0,66,3560.775999999998
25,Brick,0.42,0.375,0.205,30.576,800.0000000000392,1887.0,0.0,68,3723.639999999996
26,Concrete,0.38,0.4,0.22,31.664,895.3125000000127,1878.0,0.0,69,3802.0799999999904
27,Brick,0.445,0.44,0.115,32.784,1665.625000000013,1563.0,0.0,66,3666.0320000000265
28,Brick,0.44,0.345,0.215,33.808,874.999999999946,2022.0,0.0,70,3845.0879999999997
29,Concrete,0.405,0.445,0.15,34.912,904.0178571428019,1954.0,0.0,67,3699.960000000018
30,Brick,0.375,0.355,0.27,36.016,651.0416666666605,1909.0,0.0,71,3933.6719999999887
31,Brick,0.37,0.345,0.285,37.152,839.0625000000066,1582.0,0.0,69,3719.8480000000036
32,Brick,0.43,0.325,0.245,38.24,1210.937500000044,1823.0,0.0,68,3679.927999999981
33,Brick,0.435,0.31,0.255,39.344,1332.812500000015,1818.0,0.0,70,3809.368000000026
34,Brick,0.405,0.375,0.22,40.448,940.1041666666841,1741.0,0.0,68,3656.3439999999828
35,Concrete,0.39,0.48,0.13,41.616,1052.0833333332935,1705.0,0.0,68,3842.4319999999843
36,Concrete,0.375,0.4,0.225,42.64,1103.1250000000236,1783.0,0.0,69,3773.0960000000046
37,Brick,0.435,0.39,0.175,43.744,1152.9017857142758,1717.0,0.0,71,3902.9759999999915
38,Brick,0.415,0.305,0.28,44.88,1075.0000000000332,1675.0,0.0,70,3801.103999999995
39,Brick,0.42,0.34,0.24,45.984,1061.4583333333644,1784.0,0.0,69,3705.663999999976
40,Brick,0.425,0.355,0.22,47.12,1306.2499999999118,1635.0,0.0,71,3850.495999999988
41,Concrete,0.315,0.4,0.285,48.272,,1717.0,0.0,75,4041.4320000000193
42,Concrete,0.375,0.38,0.245,49.44,2148.4374999999495,1654.0,0.0,68,3650.5359999999814
43,Brick,0.415,0.37,0.215,50.528,746.9618055555599,1657.0,0.0,69,3730.6800000000026
44,Brick,0.405,0.34,0.255,51.6,712.5000000000068,1967.0,0.0,71,3903.5439999999917
45,Brick,0.49,0.4,0.11,52.72,889.7321428571254,1938.0,0.0,66,3540.8240000000264
46,Brick,0.435,0.355,0.21,53.824,1306.2499999999118,1824.0,0.0,69,3761.736000000006
47,Brick,0.445,0.335,0.22,54.928,721.8749999999833,1704.0,0.0,68,3693.376000000011
48,Brick,0.42,0.33,0.25,56.016,669.6428571428697,1880.0,0.0,69,3767.3840000000046
49,Brick,0.445,0.435,0.12,57.12,1765.6249999999613,1700.0,0.0,67,3655.727999999989
50,Brick,0.405,0.34,0.255,58.208,953.12499999998,1761.0,0.0,70,3827.9999999999973
51,Brick,0.435,0.345,0.22,59.312,1418.749999999904,1788.0,0.0,69,3731.3440000000032
52,Brick,0.445,0.335,0.22,60.416,1240.6250000000123,1768.0,0.0,70,3814.999999999996
53,Brick,0.515,0.36,0.125,61.504,1093.749999999926,1858.0,0.0,67,3621.3040000000196
54,Brick,0.445,0.34,0.215,62.608,894.5312499999992,1823.0,0.0,69,3751.3440000000037
55,Brick,0.375,0.37,0.255,63.696,1010.4166666666283,1859.0,0.0,70,3739.1119999999983
56,Concrete,0.36,0.38,0.26,64.832,960.069444444408,1826.0,0.0,69,3788.599999999973
57,Brick,0.425,0.335,0.24,65.936,1645.8333333333774,1860.0,0.0,70,3811.6559999999986
58,Brick,0.4,0.28,0.32,67.088,1040.6249999998947,1745.0,0.0,72,3941.832000000039
59,Brick,0.425,0.34,0.235,68.208,1012.5000000000621,1875.0,0.0,70,3815.815999999996
60,Brick,0.45,0.355,0.195,69.296,1073.437499999924,1920.0,0.0,69,3766.120000000034
61,Brick,0.46,0.34,0.2,70.416,1431.2500000000305,1886.0,0.0,69,3758.400000000033
62,Brick,0.41,0.335,0.255,71.536,1053.5714285714675,1852.0,0.0,69,3770.0800000000368
63,Brick,0.465,0.345,0.19,72.64,1314.0625000000869,1688.0,0.0,70,3830.6239999999975
64,Brick,0.46,0.335,0.205,73.744,1088.5416666666254,1885.0,0.0,69,3757.0959999999764
65,Brick,0.43,0.33,0.24,74.848,2036.458333333188,1877.0,0.0,69,3709.607999999974
66,Brick,0.41,0.35,0.24,75.968,1432.2916666666292,1785.0,0.0,69,3765.559999999977
67,Concrete,0.34,0.35,0.31,77.088,1710.41666666653,1858.0,0.0,71,3892.720000000016
68,Brick,0.395,0.38,0.225,78.208,646.8750000000139,1846.0,0.0,70,3790.6319999999946
69,Brick,0.445,0.315,0.24,79.312,718.7499999999424,1884.0,0.0,69,3744.344000000032
70,Brick,0.425,0.305,0.27,80.448,877.6041666666458,1775.0,0.0,72,3947.5599999999804
71,Brick,0.42,0.33,0.25,81.568,492.1875000000134,1931.0,0.0,71,3896.648000000021
72,Brick,0.415,0.31,0.275,82.688,828.1250000000186,1980.0,0.0,69,3727.9040000000323
73,Brick,0.395,0.325,0.28,83.856,1023.8095238095204,1793.0,0.0,72,3948.7360000000417
74,Brick,0.405,0.33,0.265,84.992,645.8333333333212,1824.0,0.0,71,3905.880000000018
75,Brick,0.39,0.33,0.28,86.112,716.3194444444074,1823.0,0.0,71,3895.4239999999595
76,Brick,0.41,0.33,0.26,87.248,875.0000000000673,1906.0,0.0,72,3956.3439999999823
77,Brick,0.39,0.365,0.245,88.384,1168.750000000025,1946.0,0.0,70,3831.727999999996
78,Brick,0.405,0.34,0.255,89.504,815.6250000000073,1961.0,0.0,71,3896.3199999999624
79,Concrete,0.36,0.375,0.265,90.656,1024.553571428656,1939.0,0.0,72,3951.7919999999804
80,Brick,0.36,0.34,0.3,91.824,1231.2500000000264,1775.0,0.0,74,4015.8239999999696
81,Brick,0.395,0.38,0.225,92.992,1679.687500000185,1857.0,0.0,71,3895.760000000019
82,Brick,0.37,0.365,0.265,94.128,1062.4999999999836,1835.0,0.0,72,3991.6320000000405
83,Concrete,0.35,0.385,0.265,95.296,1562.5000000001137,1774.0,0.0,73,4037.640000000003
84,Brick,0.415,0.355,0.23,96.464,1038.888888888888,1742.0,0.0,72,3884.439999999982
85,Brick,0.355,0.35,0.295,97.616,1251.7857142857542,1823.0,0.0,72,3961.767999999983
86,Concrete,0.385,0.4,0.215,98.768,1072.916666666671,1897.0,0.0,70,3913.8159999999975
87,Concrete,0.365,0.395,0.24,99.856,593.7499999998017,2052.0,0.0,71,3979.648000000021
88,Concrete,0.325,0.41,0.265,101.04,1073.660714285801,1944.0,0.0,73,4025.8080000000036
89,Brick,0.41,0.37,0.22,102.192,936.1979166666464,1903.0,0.0,71,3919.2160000000176
90,Concrete,0.365,0.42,0.215,103.328,1620.3125000001155,1723.0,0.0,69,3750.8560000000334
91,Concrete,0.33,0.44,0.23,104.448,1113.839285714175,1730.0,0.0,70,3857.479999999995
92,Concrete,0.425,0.43,0.145,105.52,1445.3124999996683,1994.0,0.0,68,3717.7200000000157
93,Brick,0.435,0.415,0.15,106.64,1312.4999999999948,1892.0,0.0,71,3936.2959999999575
94,Brick,0.415,0.415,0.17,107.744,1649.9999999997688,1947.0,0.0,68,3755.640000000013
95,Brick,0.43,0.35,0.22,108.848,802.0833333333233,1906.0,0.0,72,3997.152000000042
96,Concrete,0.37,0.485,0.145,110.032,1882.812499999498,1638.0,0.0,71,3967.5040000000204
97,Brick,0.45,0.41,0.14,111.152,1589.8437500001337,1641.0,0.0,70,3874.319999999996
98,Brick,0.445,0.375,0.18,112.256,840.625000000018,1948.0,0.0,71,3936.4080000000185
99,Brick,0.465,0.35,0.185,113.392,1306.2500000000277,1869.0,0.0,70,3858.5759999999955
100,Concrete,0.425,0.43,0.145,114.512,1812.5000000001996,1867.0,0.0,69,3840.856000000035
101,Concrete,0.405,0.42,0.175,115.616,1134.3749999999948,1833.0,0.0,70,3926.311999999999
102,Concrete,0.385,0.405,0.21,116.752,937.4999999999534,1797.0,0.0,71,3961.2080000000183
103,Brick,0.45,0.42,0.13,117.808,786.4583333333367,2070.0,0.0,67,3698.2799999999897
104,Brick,0.465,0.395,0.14,118.912,1284.0401785714566,1979.0,0.0,68,3880.3520000000103
105,Brick,0.455,0.375,0.17,120.032,1921.874999999785,1864.0,0.0,69,3863.2399999999748
106,Brick,0.43,0.37,0.2,121.152,1375.6944444444382,1672.0,0.0,72,4067.9199999999823
107,Concrete,0.365,0.405,0.23,122.272,1223.958333333468,2069.0,0.0,71,3979.487999999957
108,Brick,0.405,0.39,0.205,123.456,1304.3154761904757,1643.0,0.0,71,3983.095999999958
109,Concrete,0.365,0.375,0.26,124.576,1819.9404761903852,1720.0,0.0,71,3994.384000000018
110,Concrete,0.345,0.39,0.265,125.712,2429.6875000002674,1799.0,0.0,72,4026.9840000000445
111,Brick,0.405,0.365,0.23,126.864,1203.1250000000719,1797.0,0.0,70,3853.6239999999966
112,Brick,0.43,0.365,0.205,127.952,1237.4999999998386,2029.0,0.0,70,3864.816000000054
113,Concrete,0.39,0.425,0.185,129.088,705.3571428571043,1958.0,0.0,70,3860.2879999999413
114,Brick,0.41,0.38,0.21,130.24,1582.0312500000216,1881.0,0.0,71,3884.400000000015
115,Brick,0.425,0.36,0.215,131.36,1354.1666666670162,1874.0,0.0,71,3938.0560000000232
116,Brick,0.41,0.375,0.215,132.496,912.5000000000194,1822.0,0.0,70,3853.0000000000528
117,Brick,0.38,0.365,0.255,133.616,987.5000000000377,1873.0,0.0,71,3913.800000000025
118,Brick,0.43,0.39,0.18,134.736,1812.4999999999313,1757.0,0.0,70,3858.0320000000556
119,Brick,0.415,0.4,0.185,135.872,1806.2499999999673,1729.0,0.0,70,3874.9439999999404
120,Brick,0.43,0.355,0.215,136.976,1175.0000000004002,1976.0,0.0,71,3944.048000000014
121,Brick,0.465,0.345,0.19,138.112,1199.9999999996958,1882.0,0.0,70,3838.2559999999353
122,Brick,0.41,0.39,0.2,139.248,1184.0277777774738,1739.0,0.0,69,3791.0479999999716
123,Concrete,0.385,0.395,0.22,140.352,1609.374999999865,1774.0,0.0,70,3902.864000000058
124,Brick,0.43,0.395,0.175,141.472,1062.500000000158,1730.0,0.0,68,3790.8560000000098
125,Brick,0.45,0.33,0.22,142.56,1076.4508928572227,1731.0,0.0,71,3954.2400000000216
126,Concrete,0.37,0.38,0.25,143.68,1078.1250000000423,1670.0,0.0,69,3777.3440000000905
127,Concrete,0.355,0.4,0.245,144.768,1164.5833333332018,1986.0,0.0,71,3892.6880000000156
128,Brick,0.385,0.365,0.25,145.904,1374.9999999997851,1958.0,0.0,70,3849.376000000058
129,Brick,0.45,0.355,0.195,147.056,1206.4732142858256,1825.0,0.0,70,3860.3279999999368
130,Brick,0.425,0.365,0.21,148.176,784.3749999999292,1861.0,0.0,70,3852.271999999934
131,Brick,0.4,0.38,0.22,149.28,,2054.0,0.0,71,3926.2799999999
132,Brick,0.41,0.4,0.19,150.432,,1901.0,0.0,69,3846.2559999999694
133,Concrete,0.395,0.415,0.19,151.536,826.0416666666549,1960.0,0.0,71,3944.224000000023
134,Brick,0.43,0.39,0.18,152.656,994.791666666629,1891.0,0.0,70,3847.784000000055
135,Brick,0.405,0.38,0.215,153.776,1035.1562500000437,1928.0,0.0,71,3939.1760000000204
136,Concrete,0.345,0.41,0.245,154.912,1151.0416666667156,1934.0,0.0,72,3999.1440000001003
137,Concrete,0.335,0.425,0.24,156.08,1843.750000000203,1803.0,0.0,71,4008.6720000000223
138,Concrete,0.385,0.41,0.205,157.2,997.7678571427431,1988.0,0.0,71,3931.640000000015
139,Concrete,0.365,0.405,0.23,158.352,1060.4166666666497,1915.0,0.0,71,3988.272000000022
140,Concrete,0.36,0.425,0.215,159.472,1667.1875000002492,1766.0,0.0,70,3901.6800000000526
141,Concrete,0.355,0.44,0.205,160.592,1056.2500000001685,1902.0,0.0,71,3917.0480000000216
142,Concrete,0.33,0.43,0.24,161.728,1114.2857142858654,1929.0,0.0,70,3867.3280000000523
143,Concrete,0.375,0.385,0.24,162.864,969.5312500000709,1724.0,0.0,71,3897.1200000000226
144,Concrete,0.325,0.445,0.23,163.984,,1846.0,0.0,70,3845.3200000000525
145,Concrete,0.355,0.435,0.21,165.104,1073.611111111308,1772.0,0.0,69,3795.479999999978
146,Concrete,0.375,0.4,0.225,166.224,1046.8749999999604,1910.0,0.0,71,3939.992000000016
147,Concrete,0.365,0.425,0.21,167.36,1096.0937499999775,1813.0,0.0,70,3868.7599999999397
148,Concrete,0.39,0.435,0.175,168.448,1625.0000000006842,1992.0,0.0,68,3766.0480000000102
149,Concrete,0.355,0.415,0.23,169.536,1049.8511904761863,2000.0,0.0,71,3964.592000000022
150,Concrete,0.38,0.415,0.205,170.704,1645.8333333334099,1809.0,0.0,71,3931.672000000016
151,Brick,0.39,0.39,0.22,171.824,1022.1354166667061,1794.0,0.0,69,3825.023999999977
152,Concrete,0.35,0.405,0.245,172.944,1244.4444444443063,1738.0,0.0,71,3947.128000000017
153,Concrete,0.36,0.395,0.245,174.064,1339.0624999998145,1765.0,0.0,71,3930.400000000019
154,Concrete,0.31,0.42,0.27,175.216,1898.4375000002092,1796.0,0.0,71,3937.680000000013
155,Concrete,0.35,0.395,0.255,176.352,1413.1944444446056,1884.0,0.0,73,4095.5360000000674
156,Concrete,0.345,0.42,0.235,177.504,1421.8749999996362,1822.0,0.0,71,3938.1680000000156
157,Concrete,0.35,0.445,0.205,178.656,2132.8125000002346,1798.0,0.0,69,3875.8079999999745
158,Concrete,0.345,0.415,0.24,179.776,915.2777777778658,1804.0,0.0,73,4095.127999999942
159,Brick,0.415,0.405,0.18,180.912,2062.50000000041,1894.0,0.0,70,3904.0240000000576
160,Brick,0.415,0.35,0.235,182.032,833.3333333334663,1839.0,0.0,71,3999.984000000019
161,Brick,0.415,0.365,0.22,183.168,1996.875000000307,1787.0,0.0,70,3869.880000000056
162,Brick,0.42,0.4,0.18,184.288,1798.4375000002697,1860.0,0.0,70,3889.9040000000564
163,Concrete,0.33,0.385,0.285,185.44,899.9999999999629,1859.0,0.0,72,3994.247999999981
164,Concrete,0.355,0.43,0.215,186.56,1429.6875000000534,1867.0,0.0,72,4027.007999999985
165,Concrete,0.36,0.41,0.23,187.712,2008.333333333155,1745.0,0.0,69,3870.5199999999722
166,Concrete,0.355,0.42,0.225,188.848,990.6250000000655,1734.0,0.0,71,3996.6879999999014
167,Concrete,0.335,0.41,0.255,189.984,1029.7619047619974,1812.0,0.0,72,4043.3439999999778
168,Concrete,0.365,0.415,0.22,191.136,1004.4642857143326,1568.0,0.0,72,4027.7199999999866
169,Concrete,0.33,0.42,0.25,192.256,1734.375000000101,1802.0,0.0,70,3873.5359999999337
170,Concrete,0.355,0.41,0.235,193.376,832.1428571428855,1750.0,0.0,70,3867.3360000000603
171,Concrete,0.34,0.45,0.21,194.48,1071.8750000001394,1926.0,0.0,70,3853.5440000000503
172,Concrete,0.39,0.4,0.21,195.616,1017.8571428571904,1878.0,0.0,69,3794.1759999999817
173,Concrete,0.365,0.435,0.2,196.72,1026.7857142857174,1928.0,0.0,69,3799.631999999972
174,Brick,0.4,0.395,0.205,197.824,1703.1250000006266,1885.0,0.0,70,3861.304000000061
175,Concrete,0.345,0.445,0.21,198.928,992.1875000000857,1987.0,0.0,71,3954.848000000016
176,Brick,0.395,0.39,0.215,200.064,1001.4880952381855,1871.0,0.0,69,3797.5519999999756
177,Concrete,0.345,0.415,0.24,201.2,1434.3749999998442,1711.0,0.0,69,3820.0639999999744
178,Concrete,0.36,0.395,0.245,202.32,782.8124999999616,1814.0,0.0,70,3926.672000000054
179,Concrete,0.345,0.435,0.22,203.392,1031.249999999961,1964.0,0.0,70,3863.7200000000544
180,Concrete,0.34,0.41,0.25,204.544,890.625000000019,1839.0,0.0,70,3852.9999999999354
181,Concrete,0.36,0.415,0.225,205.68,1143.7500000001687,1730.0,0.0,71,3924.04000000002
182,Concrete,0.35,0.415,0.235,206.816,1943.750000000287,1752.0,0.0,72,4017.103999999984
183,Concrete,0.36,0.42,0.22,207.936,937.5000000002235,1986.0,0.0,70,3853.9840000000568
184,Concrete,0.36,0.41,0.23,209.072,1278.125000000186,1782.0,0.0,71,3889.736000000019
185,Concrete,0.405,0.42,0.175,210.176,2226.5624999996357,1949.0,0.0,68,3754.000000000007
186,Concrete,0.39,0.405,0.205,211.296,946.8749999999236,1902.0,0.0,72,4018.343999999981
187,Concrete,0.365,0.405,0.23,212.432,1195.8333333332357,1997.0,0.0,71,3977.3760000000148
188,Brick,0.405,0.395,0.2,213.568,2112.50000000042,1945.0,0.0,71,3969.3200000000274
189,Brick,0.43,0.37,0.2,214.72,1656.249999999741,1771.0,0.0,71,3967.256000000018
190,Brick,0.405,0.405,0.19,215.856,1503.1249999999618,1613.0,0.0,69,3794.4879999999844
191,Concrete,0.375,0.425,0.2,216.96,,1932.0,0.0,71,3924.3920000000176
192,Brick,0.41,0.37,0.22,218.096,1671.8750000001842,1822.0,0.0,71,3926.0880000000197
193,Concrete,0.38,0.39,0.23,219.232,1295.7589285715362,1851.0,0.0,71,3936.848000000017
194,Concrete,0.37,0.385,0.245,220.4,1635.4166666667434,1746.0,0.0,72,4022.1999999999753
195,Concrete,0.33,0.395,0.275,221.552,1499.9999999997656,1840.0,0.0,73,4108.295999999946
196,Concrete,0.38,0.395,0.225,222.72,1289.4345238095264,1765.0,0.0,74,4171.632000000024
197,Concrete,0.28,0.44,0.28,223.872,1103.125000000149,1901.0,0.0,76,4303.783999999959
198,Concrete,0.375,0.395,0.23,225.088,948.1026785714103,1846.0,0.0,75,4142.127999999993
199,Concrete,0.35,0.395,0.255,226.272,1317.187499999679,1840.0,0.0,68,3706.296000000008
200,Concrete,0.34,0.43,0.23,227.488,1083.3333333333824,1738.0,0.0,76,4263.736000000064
201,Concrete,0.27,0.465,0.265,228.72,736.1111111113607,1808.0,0.0,91,5263.223999999996
202,Concrete,0.275,0.51,0.215,230.224,432.2916666665716,1715.0,0.0,91,5552.319999999995
203,Concrete,0.225,0.49,0.285,234.368,349.9999999999575,1719.0,0.0,276,16407.327999999914
204,Concrete,0.285,0.45,0.265,236.0,,1766.0,0.0,81,4575.168000000005
205,Concrete,0.32,0.43,0.25,237.216,1098.9583333333726,1813.0,0.0,75,4093.559999999986
206,Concrete,0.385,0.475,0.14,238.384,1231.2499999997153,1680.0,0.0,67,3676.5600000000477
207,Concrete,0.35,0.485,0.165,239.456,1335.9374999999723,1719.0,0.0,67,3662.928000000047
208,Concrete,0.41,0.49,0.1,240.512,1945.3125000000614,1888.0,0.0,67,3677.496000000045
209,Brick,0.435,0.375,0.19,241.584,1225.0000000002437,1971.0,0.0,69,3803.295999999983
210,Concrete,0.41,0.42,0.17,242.704,1422.9166666665233,1887.0,0.0,69,3802.871999999974
211,Brick,0.46,0.41,0.13,243.808,2460.9374999991783,1876.0,0.0,67,3698.1600000000503
212,Concrete,0.325,0.44,0.235,244.88,,2006.0,0.0,69,3833.975999999976
213,Concrete,0.325,0.42,0.255,246.064,1793.7500000002792,1811.0,0.0,71,3957.8239999999
214,Concrete,0.315,0.45,0.235,247.152,1067.708333333293,2007.0,0.0,69,3848.023999999975
215,Concrete,0.365,0.385,0.25,248.24,1265.6250000001394,1918.0,0.0,71,3929.784000000016
216,Concrete,0.335,0.455,0.21,249.408,972.9166666665842,1943.0,0.0,73,4033.1280000000625
217,Concrete,0.31,0.47,0.22,250.592,824.999999999982,1791.0,0.0,74,4152.448000000029
218,Concrete,0.295,0.44,0.265,251.84,1193.7500000002672,1845.0,0.0,82,4630.488000000091
219,Concrete,0.17,0.53,0.3,253.296,944.196428571312,1660.0,0.0,99,5830.815999999932
220,Concrete,0.255,0.525,0.22,255.232,482.29166666666436,1719.0,0.0,714,46794.824000000066
221,Concrete,0.255,0.405,0.34,266.272,239.58333333332425,1928.0,0.0,64,4242.416000000166
222,Concrete,0.405,0.415,0.18,267.024,893.7500000000846,1733.0,0.0,68,3756.600000000007
223,Brick,0.485,0.415,0.1,268.144,1509.3749999998258,1866.0,0.0,66,3621.768000000091
224,Concrete,0.38,0.475,0.145,269.2,1018.7500000000828,1849.0,0.0,66,3684.488000000083
225,Concrete,0.35,0.445,0.205,270.272,1121.0937500000264,1995.0,0.0,69,3822.9840000000936
226,Concrete,0.38,0.48,0.14,271.36,1632.812500000572,1916.0,0.0,66,3629.167999999843
227,Concrete,0.36,0.44,0.2,272.448,1682.2916666664225,1823.0,0.0,71,3919.0880000000193
228,Brick,0.385,0.36,0.255,273.568,1637.4999999991624,2028.0,0.0,72,3970.6879999998605
229,Concrete,0.35,0.38,0.27,274.72,1378.125000000115,1958.0,0.0,72,3949.1439999998715
230,Concrete,0.34,0.455,0.205,275.888,1506.2499999992294,1968.0,0.0,71,3998.336000000011
231,Concrete,0.345,0.44,0.215,277.008,1196.8749999994739,1830.0,0.0,71,3934.5280000000166
232,Concrete,0.38,0.405,0.215,278.144,1092.261904762025,1891.0,0.0,70,3879.311999999938
233,Concrete,0.39,0.43,0.18,279.264,1206.2500000001955,1823.0,0.0,70,3902.3999999999373
234,Brick,0.425,0.395,0.18,280.368,1000.00000000011,1840.0,0.0,70,3879.8719999999266
235,Concrete,0.365,0.41,0.225,281.488,1278.5714285717327,1853.0,0.0,70,3900.2719999999335
236,Concrete,0.375,0.42,0.205,282.608,1285.9374999998604,1839.0,0.0,71,3952.584000000015
237,Concrete,0.415,0.44,0.145,283.76,1385.9374999998804,1722.0,0.0,67,3749.288000000185
238,Concrete,0.33,0.39,0.28,284.864,1786.4583333318224,1943.0,0.0,73,4068.288000000174
239,Concrete,0.41,0.44,0.15,286.016,2869.791666667659,1720.0,0.0,66,3602.8320000000886
240,Concrete,0.365,0.405,0.23,287.104,1285.416666666772,2039.0,0.0,73,4112.711999999943
241,Concrete,0.34,0.45,0.21,288.224,1229.166666666435,2062.0,0.0,72,4028.743999999862
242,Concrete,0.435,0.46,0.105,289.36,1531.2499999999418,1825.0,0.0,67,3707.3039999999264
243,Concrete,0.35,0.435,0.215,290.448,1979.1666666663418,1872.0,0.0,71,3896.5040000000167
244,Concrete,0.34,0.435,0.225,291.552,580.3571428576979,2067.0,0.0,70,3905.9840000001745
245,Brick,0.36,0.345,0.295,292.672,937.5000000004086,1993.0,0.0,71,3890.808000000031
246,Concrete,0.355,0.42,0.225,293.824,1424.4791666663282,1937.0,0.0,69,3747.2479999998536
247,Concrete,0.34,0.445,0.215,294.944,,2020.0,0.0,70,3870.031999999935
248,Concrete,0.32,0.465,0.215,296.064,1225.0000000002437,1938.0,0.0,71,3962.5680000000225
249,Concrete,0.305,0.495,0.2,297.2,1027.3437499998668,1858.0,0.0,71,3966.735999999784
250,Concrete,0.36,0.405,0.235,298.352,1296.8749999995957,1869.0,0.0,72,4020.5760000001
251,Brick,0.395,0.375,0.23,299.488,1315.1041666670656,1966.0,0.0,72,4021.8960000001057
252,Concrete,0.37,0.415,0.215,300.656,1350.0000000002685,1898.0,0.0,71,3954.3519999997734
253,Concrete,0.345,0.405,0.25,301.808,1241.666666666778,1983.0,0.0,74,4167.60000000003
254,Concrete,0.315,0.47,0.215,302.976,894.5312500000222,1931.0,0.0,74,4152.232000000021
255,Concrete,0.39,0.415,0.195,304.144,1057.2916666666265,1968.0,0.0,71,3973.752000000022
256,Brick,0.415,0.36,0.225,305.296,1197.6562500001965,1905.0,0.0,71,3953.6880000000147
257,Concrete,0.36,0.405,0.235,306.448,940.6249999996287,1893.0,0.0,73,4095.376000000183
258,Concrete,0.28,0.445,0.275,307.584,872.3214285712658,1970.0,0.0,72,4044.368000000102
259,Concrete,0.3,0.42,0.28,308.752,1634.3750000006416,1874.0,0.0,71,3984.096000000024
260,Concrete,0.35,0.43,0.22,309.904,1112.499999999855,1857.0,0.0,71,4033.6320000000173
261,Concrete,0.345,0.435,0.22,311.024,1046.0069444447795,1903.0,0.0,71,3996.2720000000218
262,Concrete,0.345,0.365,0.29,312.176,1718.749999999935,1976.0,0.0,73,4103.215999999957
263,Concrete,0.37,0.395,0.235,313.36,1067.1875000004593,1924.0,0.0,75,4190.648000000106
264,Concrete,0.365,0.395,0.24,314.544,950.0000000000803,1990.0,0.0,75,4244.872000000111
265,Brick,0.39,0.37,0.24,315.744,1418.7500000002824,1921.0,0.0,72,4032.311999999872
266,Brick,0.445,0.405,0.15,316.864,1103.1249999995855,2030.0,0.0,68,3807.832000000003
267,Brick,0.405,0.365,0.23,317.968,885.4166666666331,1950.0,0.0,73,4113.704000000187
268,Concrete,0.365,0.39,0.245,319.12,1153.125000000192,1988.0,0.0,72,4039.1920000001023
269,Concrete,0.31,0.43,0.26,320.304,1209.3749999994957,1782.0,0.0,73,4089.216000000184
270,Concrete,0.33,0.455,0.215,321.472,1731.7708333336886,1642.0,0.0,71,3973.776000000023
271,Concrete,0.355,0.445,0.2,322.592,1174.999999999482,1907.0,0.0,71,4001.568000000022
272,Concrete,0.345,0.4,0.255,323.728,1227.6785714284442,1930.0,0.0,71,3948.6639999997974
273,Concrete,0.315,0.445,0.24,324.864,955.2083333332569,1937.0,0.0,72,4047.520000000094
274,Concrete,0.33,0.435,0.235,326.0,985.2430555553262,1782.0,0.0,70,3906.9520000001753
275,Concrete,0.36,0.425,0.215,327.136,1082.8125000001814,1816.0,0.0,70,3904.9040000001696
276,Concrete,0.38,0.42,0.2,328.256,1200.89285714238,1867.0,0.0,69,3858.920000000099
277,Concrete,0.325,0.46,0.215,329.36,916.6666666665931,1922.0,0.0,70,3937.416000000178
278,Concrete,0.395,0.41,0.195,330.48,1600.000000000607,1776.0,0.0,70,3948.776000000178
279,Brick,0.4,0.39,0.21,331.584,1038.5416666667634,1910.0,0.0,70,3933.4160000001734
280,Concrete,0.34,0.42,0.24,332.704,1225.0000000000957,1957.0,0.0,70,3915.1759999999467
281,Concrete,0.315,0.435,0.25,333.856,784.7222222221444,1747.0,0.0,72,4038.6240000000976
282,Concrete,0.335,0.465,0.2,334.96,767.187499999801,1958.0,0.0,69,3869.2960000000967
283,Concrete,0.325,0.455,0.22,336.08,1120.5357142855933,2017.0,0.0,70,3905.775999999931
284,Concrete,0.365,0.41,0.225,337.184,1013.3928571432884,2058.0,0.0,69,3850.9759999998582
285,Concrete,0.29,0.465,0.245,338.304,736.1111111110831,1905.0,0.0,69,3881.1199999998503
286,Concrete,0.385,0.395,0.22,339.408,1243.3035714291473,1956.0,0.0,69,3848.464000000088
287,Concrete,0.315,0.44,0.245,340.512,897.5694444445104,1997.0,0.0,71,3989.67200000002
288,Concrete,0.315,0.43,0.255,341.664,1042.9687499997262,1808.0,0.0,71,4002.032000000023
289,Concrete,0.375,0.475,0.15,342.768,1009.3749999996246,1989.0,0.0,67,3744.3680000001696
290,Concrete,0.34,0.405,0.255,343.872,1137.4999999996105,2032.0,0.0,72,4047.160000000096
291,Concrete,0.33,0.4,0.27,345.024,1812.4999999993947,1903.0,0.0,71,3993.2000000000103
292,Concrete,0.355,0.4,0.245,346.144,926.3888888891297,1993.0,0.0,71,4001.8400000000247
293,Concrete,0.325,0.455,0.22,347.296,950.0000000000491,1883.0,0.0,72,4074.81599999986
294,Concrete,0.365,0.375,0.26,348.464,951.4508928570833,1867.0,0.0,71,3996.3520000000162
295,Concrete,0.355,0.405,0.24,349.584,795.1388888888588,2176.0,0.0,74,4214.64799999978
296,Brick,0.38,0.355,0.265,350.752,904.0178571429503,2080.0,0.0,73,4127.767999999947
297,Concrete,0.365,0.415,0.22,351.936,896.5773809524935,1989.0,0.0,72,4051.712000000096
298,Concrete,0.285,0.44,0.275,353.104,1031.2499999995746,1934.0,0.0,73,4104.448000000189
299,Brick,0.39,0.375,0.235,354.272,1230.468749999589,1788.0,0.0,73,4110.911999999942
300,Concrete,0.355,0.42,0.225,355.424,1089.0624999996896,1958.0,0.0,71,4015.9920000000143
301,Concrete,0.28,0.455,0.265,356.56,968.7499999999633,2083.0,0.0,72,4086.4079999998576
302,Concrete,0.35,0.375,0.275,357.712,799.9999999999957,1993.0,0.0,72,4114.615999999879
303,Concrete,0.3,0.44,0.26,358.88,1111.607142857013,2026.0,0.0,73,4135.463999999942
304,Concrete,0.27,0.44,0.29,360.048,1368.7500000002724,1862.0,0.0,73,4138.495999999943
305,Concrete,0.35,0.39,0.26,361.2,1374.99999999918,1918.0,0.0,74,4190.952000000032
306,Concrete,0.365,0.38,0.255,362.352,690.624999999892,1977.0,0.0,71,3920.5600000000118
307,Concrete,0.33,0.445,0.225,363.536,1359.3749999996942,1880.0,0.0,71,3985.2400000000134
308,Concrete,0.325,0.43,0.245,364.656,1361.979166667036,1974.0,0.0,72,4049.8479999998617
309,Concrete,0.315,0.405,0.28,365.824,784.3750000001561,1939.0,0.0,74,4172.184000000024
310,Brick,0.355,0.355,0.29,367.008,1068.0803571425656,1936.0,0.0,73,4134.544000000182
311,Concrete,0.34,0.465,0.195,368.192,906.2500000002723,1981.0,0.0,73,4182.823999999959
312,Concrete,0.33,0.41,0.26,369.36,953.1250000000528,2021.0,0.0,74,4171.256000000024
313,Concrete,0.35,0.41,0.24,370.528,1078.124999999959,1960.0,0.0,71,4005.1360000000122
314,Concrete,0.355,0.38,0.265,371.68,785.7142857144563,1969.0,0.0,73,4143.687999999949
315,Brick,0.385,0.37,0.245,372.8,696.8750000001387,2042.0,0.0,72,4057.8400000001025
316,Concrete,0.335,0.415,0.25,373.968,853.1250000000475,1920.0,0.0,71,4052.4160000000215
317,Brick,0.375,0.36,0.265,375.104,1046.8749999999604,1963.0,0.0,71,4017.688000000012
318,Concrete,0.33,0.385,0.285,376.24,966.6666666665908,2042.0,0.0,72,4063.0079999998616
319,Concrete,0.295,0.415,0.29,377.392,1140.6249999997485,1872.0,0.0,72,4073.087999999851
320,Concrete,0.32,0.44,0.24,378.528,634.3750000000448,1992.0,0.0,71,3952.7840000000215
321,Concrete,0.385,0.43,0.185,379.664,643.7499999998994,2000.0,0.0,70,3948.6879999999373
322,Concrete,0.375,0.385,0.24,380.8,1070.83333333346,1962.0,0.0,71,3912.816000000015
323,Concrete,0.335,0.41,0.255,381.936,1215.6249999999172,1926.0,0.0,72,4023.5360000000956
324,Concrete,0.37,0.375,0.255,383.088,958.1473214287797,1924.0,0.0,73,4087.8960000001803
325,Concrete,0.35,0.44,0.21,384.256,831.5972222220566,1888.0,0.0,71,3978.3040000000174
326,Concrete,0.365,0.435,0.2,385.376,1160.9374999995268,1932.0,0.0,70,3928.415999999928
327,Concrete,0.3,0.455,0.245,386.496,860.4166666665982,1982.0,0.0,71,3958.184000000012
328,Concrete,0.34,0.415,0.245,387.632,1049.2187500001771,1937.0,0.0,70,3898.791999999939
329,Concrete,0.355,0.41,0.235,388.752,871.875000000044,1908.0,0.0,70,3940.695999999942
330,Concrete,0.345,0.425,0.23,389.872,1195.312500000437,1907.0,0.0,70,3898.9439999999327
331,Concrete,0.39,0.41,0.2,390.992,,1986.0,0.0,70,3909.4399999999405
332,Concrete,0.34,0.465,0.195,392.128,1046.8749999998015,1977.0,0.0,70,3928.8799999999346
333,Concrete,0.3,0.47,0.23,393.248,1408.333333333453,1994.0,0.0,70,3964.7279999999405
334,Brick,0.385,0.385,0.23,394.336,918.7500000001828,2051.0,0.0,70,3926.503999999924
335,Concrete,0.365,0.455,0.18,395.472,1062.4999999999598,1898.0,0.0,70,3913.2079999999332
336,Concrete,0.355,0.4,0.245,396.608,1312.500000000261,1810.0,0.0,72,4100.071999999857
337,Brick,0.415,0.305,0.28,397.744,885.4166666670463,1909.0,0.0,72,4078.535999999882
338,Concrete,0.31,0.45,0.24,398.912,1289.0625000002424,1791.0,0.0,71,4036.144000000017
339,Concrete,0.335,0.41,0.255,400.032,987.499999999184,2053.0,0.0,72,4033.0079999998584
340,Concrete,0.295,0.455,0.25,401.184,875.744047619447,1993.0,0.0,70,3960.3999999999432
341,Concrete,0.355,0.36,0.285,402.32,896.8750000000441,2035.0,0.0,69,3917.951999999853
342,Concrete,0.345,0.41,0.245,403.504,978.1250000001946,1748.0,0.0,76,4341.615999999952
343,Brick,0.4,0.35,0.25,404.656,884.375000000176,1926.0,0.0,71,3967.608000000019
344,Concrete,0.36,0.42,0.22,405.84,1246.8750000000964,1996.0,0.0,77,4414.71200000002
345,Concrete,0.365,0.38,0.255,407.024,1291.0714285714987,1983.0,0.0,75,4277.39200000011
346,Concrete,0.37,0.38,0.25,408.208,1056.2500000012094,2093.0,0.0,71,4017.504000000026
