foot,step_id,contact_time_sec,stance_duration,impact_mag,loading_rate,predicted_surface,smoothed_surface,max_confidence,prob_brick,prob_concrete,prob_grass
right,0,0.256,1.008,12907.0,585.9375,concrete,concrete,0.97348523,0.025182229,0.97348523,0.0013325616
right,1,1.28,1.0239999999999998,9380.0,140.625,concrete,concrete,0.9422534,0.0124109015,0.9422534,0.045335688
right,2,2.32,0.976,17592.0,370.8333333333333,concrete,concrete,0.9719297,0.023713473,0.9719297,0.00435674
right,3,3.312,0.9920000000000004,19975.0,460.9375,concrete,concrete,0.9707318,0.027996568,0.9707318,0.0012716822
right,4,4.32,1.024,16171.0,187.5,concrete,concrete,0.9812089,0.015163911,0.9812089,0.0036271852
right,5,5.36,0.992,49868.0,1794.704861111111,concrete,concrete,0.95006806,0.047329307,0.95006806,0.0026026552
right,6,6.368,0.992,15635.0,187.5,concrete,concrete,0.979044,0.014317237,0.979044,0.006638659
right,7,7.376,1.024,13199.0,343.75,concrete,concrete,0.99370486,0.0051968163,0.99370486,0.0010982906
right,8,8.416,1.0079999999999991,12385.0,479.16666666666663,concrete,concrete,0.97271776,0.024072377,0.97271776,0.0032098216
right,9,9.44,0.9920000000000009,17166.0,679.6875,concrete,concrete,0.9844328,0.014001848,0.9844328,0.0015653482
right,10,10.448,1.0559999999999992,16137.0,562.5,concrete,concrete,0.9767506,0.017390324,0.9767506,0.0058590253
right,11,11.52,1.024000000000001,13620.0,315.10416666666663,concrete,concrete,0.99157363,0.007156631,0.99157363,0.0012697565
right,12,12.56,1.0239999999999991,16764.0,2390.625,concrete,concrete,0.9552996,0.038912673,0.9552996,0.0057877395
right,13,13.6,1.040000000000001,12658.0,421.875,concrete,concrete,0.97854966,0.017580798,0.97854966,0.0038695924
right,14,14.656,1.0079999999999991,12892.0,399.30555555555554,concrete,concrete,0.96364635,0.024582133,0.96364635,0.011771532
right,15,15.68,1.024000000000001,13338.0,303.81944444444446,concrete,concrete,0.98863935,0.0092944065,0.98863935,0.0020661713
right,16,16.72,0.9920000000000009,13917.0,312.5,concrete,concrete,0.99291986,0.0064572114,0.99291986,0.00062288786
right,17,17.728,1.0239999999999974,12256.0,222.22222222222223,concrete,concrete,0.9904158,0.007988017,0.9904158,0.0015961489
right,18,18.768,1.1679999999999993,11562.0,275.0,concrete,concrete,0.6379323,0.05475196,0.6379323,0.30731577
right,19,19.952,1.0559999999999974,12548.0,312.5,grass,concrete,0.51876575,0.02590552,0.4553287,0.51876575
right,20,21.024,1.0239999999999974,10859.0,812.5,concrete,concrete,0.5674822,0.03726517,0.5674822,0.39525267
right,21,22.064,1.0399999999999991,10318.0,1811.71875,grass,concrete,0.6805987,0.04527313,0.2741282,0.6805987
right,22,23.12,0.9279999999999973,11720.0,2477.6785714285716,concrete,concrete,0.9584836,0.025539756,0.9584836,0.015976675
right,23,24.064,0.9920000000000009,14261.0,1771.09375,concrete,concrete,0.98193306,0.014434135,0.98193306,0.003632806
right,24,25.072,1.1999999999999993,10189.0,703.125,concrete,concrete,0.6418702,0.062073514,0.6418702,0.29605627
right,25,26.288,0.9439999999999991,15060.0,2127.9761904761904,concrete,concrete,0.96499515,0.02835579,0.96499515,0.006649119
right,26,27.248,1.0239999999999974,15376.0,337.5,concrete,concrete,0.9839446,0.010969066,0.9839446,0.0050862976
right,27,28.288,1.0079999999999991,15884.0,325.0,concrete,concrete,0.9829344,0.014387356,0.9829344,0.0026782397
right,28,29.312,1.0239999999999974,14118.0,415.625,concrete,concrete,0.9653849,0.02829416,0.9653849,0.0063209226
right,29,30.352,1.0399999999999991,16807.0,2075.892857142857,concrete,concrete,0.9498356,0.0431522,0.9498356,0.007012176
right,30,31.408,0.9919999999999973,9619.0,298.17708333333337,concrete,concrete,0.9948508,0.004682673,0.9948508,0.00046647553
right,31,32.416,1.0400000000000063,54864.0,2078.8690476190477,concrete,concrete,0.9317071,0.05240274,0.9317071,0.015890172
right,32,33.472,1.024000000000001,10289.0,344.44444444444446,concrete,concrete,0.98841596,0.010451906,0.98841596,0.0011321554
right,33,34.512,1.0720000000000027,13012.0,306.9196428571429,concrete,concrete,0.98468494,0.012093964,0.98468494,0.0032210255
right,34,35.6,1.0399999999999991,13926.0,373.4375,concrete,concrete,0.97520906,0.021248562,0.97520906,0.0035424067
right,35,36.656,1.024000000000001,12912.0,322.91666666666663,concrete,concrete,0.9849819,0.012352732,0.9849819,0.0026654291
right,36,37.696,1.0560000000000045,13390.0,382.8125,concrete,concrete,0.95283943,0.03587369,0.95283943,0.011286801
right,37,38.768,1.024000000000001,10174.0,2004.4642857142858,concrete,concrete,0.98635244,0.011718985,0.98635244,0.0019286212
right,38,39.808,1.024000000000001,13625.0,2484.375,concrete,concrete,0.9841232,0.011353544,0.9841232,0.004523318
right,39,40.848,1.024000000000001,14874.0,250.0,concrete,concrete,0.97739935,0.020788241,0.97739935,0.0018123633
right,40,41.888,1.024000000000001,15635.0,541.6666666666666,concrete,concrete,0.98133034,0.016596874,0.98133034,0.0020727394
right,41,42.928,1.024000000000001,12773.0,321.42857142857144,concrete,concrete,0.9857431,0.011410249,0.9857431,0.0028465919
right,42,43.968,1.0239999999999938,15668.0,343.75,concrete,concrete,0.98084694,0.013864581,0.98084694,0.0052884496
right,43,45.008,1.0079999999999956,14443.0,253.125,concrete,concrete,0.98155355,0.011284728,0.98155355,0.0071616727
right,44,46.032,1.024000000000001,12505.0,411.45833333333337,concrete,concrete,0.9889797,0.009331379,0.9889797,0.0016888687
right,45,47.072,0.9919999999999973,10610.0,958.3333333333333,concrete,concrete,0.94300514,0.014688717,0.94300514,0.042306166
right,46,48.08,1.024000000000001,11600.0,362.5,concrete,concrete,0.98435843,0.012108231,0.98435843,0.003533305
right,47,49.12,1.024000000000001,13668.0,389.0625,concrete,concrete,0.9874155,0.011191444,0.9874155,0.0013930255
right,48,50.16,1.0080000000000027,13156.0,169.27083333333334,concrete,concrete,0.99057406,0.008607951,0.99057406,0.0008180571
right,49,51.184,1.0080000000000027,14204.0,2562.5,concrete,concrete,0.9881164,0.00994216,0.9881164,0.0019414884
right,50,52.208,0.9920000000000044,13285.0,432.2916666666667,concrete,concrete,0.97200274,0.016960299,0.97200274,0.011036935
right,51,53.216,0.9919999999999973,12428.0,3794.642857142857,concrete,concrete,0.96627355,0.01802448,0.96627355,0.015702015
right,52,54.224,1.0080000000000027,14151.0,1750.0,concrete,concrete,0.98426,0.014615515,0.98426,0.0011244691
right,53,55.248,1.0399999999999991,14826.0,328.125,concrete,concrete,0.9820384,0.01477569,0.9820384,0.0031859532
right,54,56.304,1.024000000000001,12079.0,468.75,concrete,concrete,0.9893162,0.0066128015,0.9893162,0.00407105
right,55,57.344,1.0399999999999991,9815.0,156.25,concrete,concrete,0.97384906,0.010769687,0.97384906,0.015381229
right,56,58.4,1.024000000000001,11323.0,1031.25,concrete,concrete,0.9819541,0.013765432,0.9819541,0.0042805015
right,57,59.44,1.024000000000001,13902.0,425.0,concrete,concrete,0.96764696,0.02524758,0.96764696,0.0071054227
right,58,60.48,1.024000000000001,16927.0,337.5,concrete,concrete,0.98452294,0.012688079,0.98452294,0.0027889335
right,59,61.52,0.9919999999999973,13524.0,531.25,concrete,concrete,0.97958004,0.018187236,0.97958004,0.0022327371
right,60,62.528,1.024000000000001,60904.0,2125.0,concrete,concrete,0.93080693,0.05927254,0.93080693,0.00992058
right,61,63.568,1.0079999999999956,17678.0,480.6547619047619,concrete,concrete,0.9756767,0.022210369,0.9756767,0.0021128538
right,62,64.592,1.0400000000000063,17233.0,875.0,concrete,concrete,0.9684711,0.02793268,0.9684711,0.0035962083
right,63,65.648,1.0080000000000098,12720.0,367.1875,concrete,concrete,0.97978336,0.015410611,0.97978336,0.00480606
right,64,66.672,1.0400000000000063,12792.0,2540.1785714285716,concrete,concrete,0.9277531,0.059295658,0.9277531,0.012951284
right,65,67.728,1.0560000000000116,16113.0,375.0,concrete,concrete,0.9736457,0.019757895,0.9736457,0.0065964623
right,66,68.8,1.024000000000001,15673.0,421.875,concrete,concrete,0.9854306,0.01310083,0.9854306,0.0014686114
right,67,69.84,1.039999999999992,18296.0,354.16666666666663,concrete,concrete,0.9600128,0.037176657,0.9600128,0.0028105332
right,68,70.896,1.0400000000000063,52088.0,2208.3333333333335,concrete,concrete,0.88913864,0.089758635,0.88913864,0.021102708
right,69,71.952,1.0559999999999974,11615.0,322.91666666666663,concrete,concrete,0.9763324,0.014537476,0.9763324,0.0091301575
right,70,73.024,1.024000000000001,14706.0,0.0,concrete,concrete,0.99165535,0.006285156,0.99165535,0.0020594785
right,71,74.064,1.024000000000001,11931.0,212.5,concrete,concrete,0.9900384,0.0079424875,0.9900384,0.0020191283
right,72,75.104,1.0400000000000063,51973.0,3593.75,concrete,concrete,0.9376458,0.04529487,0.9376458,0.017059268
right,73,76.16,1.024000000000001,16630.0,312.5,concrete,concrete,0.9591647,0.022057252,0.9591647,0.018778026
right,74,77.2,1.039999999999992,14395.0,4035.714285714286,concrete,concrete,0.9673954,0.024212983,0.9673954,0.008391541
right,75,78.256,0.9759999999999991,16960.0,4223.214285714285,concrete,concrete,0.97750574,0.020251201,0.97750574,0.002243048
right,76,79.248,1.0079999999999956,16104.0,165.17857142857144,concrete,concrete,0.9899484,0.0088803675,0.9899484,0.0011712133
right,77,80.272,1.0079999999999956,12902.0,300.0,concrete,concrete,0.9780067,0.017140407,0.9780067,0.004852925
right,78,81.296,0.9759999999999991,12189.0,310.41666666666663,concrete,concrete,0.9806764,0.0175517,0.9806764,0.0017719395
right,79,82.288,1.0400000000000063,10528.0,346.54017857142856,concrete,concrete,0.9549219,0.031359825,0.9549219,0.013718266
right,80,83.344,1.0080000000000098,14869.0,265.625,concrete,concrete,0.9777348,0.015835097,0.9777348,0.0064300867
right,81,84.368,0.9920000000000044,16870.0,1052.0833333333333,concrete,concrete,0.96849895,0.026508907,0.96849895,0.004992132
right,82,85.376,0.9919999999999902,18190.0,463.54166666666663,concrete,concrete,0.94780606,0.050040748,0.94780606,0.0021531342
right,83,86.384,1.0079999999999956,18119.0,487.5,concrete,concrete,0.9608552,0.036490474,0.9608552,0.0026543587
right,84,87.408,0.9759999999999991,18597.0,1986.9791666666667,concrete,concrete,0.94602937,0.051602792,0.94602937,0.0023678108
right,85,88.4,0.9919999999999902,19506.0,609.375,concrete,concrete,0.9554777,0.039531317,0.9554777,0.004990992
right,86,89.408,0.9759999999999991,16764.0,1855.46875,concrete,concrete,0.9594125,0.03934129,0.9594125,0.0012462203
right,87,90.4,0.9919999999999902,57161.0,2254.464285714286,concrete,concrete,0.86875886,0.12498847,0.86875886,0.006252675
right,88,91.408,0.9759999999999991,58487.0,270.83333333333337,concrete,concrete,0.95072293,0.04766083,0.95072293,0.0016162042
right,89,92.4,0.9759999999999991,15367.0,2295.7589285714284,concrete,concrete,0.9823381,0.01651395,0.9823381,0.0011480167
right,90,93.392,0.9759999999999991,18607.0,3061.6071428571427,concrete,concrete,0.9447091,0.053947683,0.9447091,0.0013431499
right,91,94.384,0.9599999999999937,18626.0,214.28571428571428,concrete,concrete,0.97965163,0.01952157,0.97965163,0.00082679745
right,92,95.36,0.9599999999999937,17669.0,2929.6875,concrete,concrete,0.96950513,0.028761113,0.96950513,0.0017338386
right,93,96.336,0.9759999999999991,20392.0,2578.125,concrete,concrete,0.9624615,0.036144514,0.9624615,0.0013940444
right,94,97.328,0.9599999999999937,15391.0,2208.9285714285716,concrete,concrete,0.98243827,0.016497428,0.98243827,0.0010642589
right,95,98.304,0.9759999999999991,55635.0,3453.125,concrete,concrete,0.9383289,0.059095643,0.9383289,0.0025754701
right,96,99.296,0.9759999999999991,16678.0,1804.6875,concrete,concrete,0.98056364,0.018779192,0.98056364,0.0006572412
right,97,100.288,0.9920000000000044,16367.0,376.7361111111111,concrete,concrete,0.9824515,0.016638814,0.9824515,0.00090968766
right,98,101.296,0.9759999999999991,18597.0,160.71428571428572,concrete,concrete,0.9849915,0.014232575,0.9849915,0.0007759795
right,99,102.288,0.9759999999999991,15391.0,445.3125,concrete,concrete,0.97960585,0.019488756,0.97960585,0.0009054042
right,100,103.28,0.9920000000000044,15864.0,275.0,concrete,concrete,0.99246866,0.0067207664,0.99246866,0.00081064284
right,101,104.288,0.960000000000008,20401.0,453.99305555555554,concrete,concrete,0.97674054,0.022416594,0.97674054,0.00084294414
right,102,105.264,0.9759999999999991,15424.0,335.9375,concrete,concrete,0.9881501,0.011283214,0.9881501,0.0005666894
right,103,106.256,0.9599999999999937,21095.0,335.9375,concrete,concrete,0.9730402,0.02598438,0.9730402,0.0009753484
right,104,107.232,0.9759999999999991,17865.0,515.625,concrete,concrete,0.97443,0.023292223,0.97443,0.0022777985
right,105,108.224,0.9919999999999902,12337.0,218.75,concrete,concrete,0.98938006,0.009602692,0.98938006,0.0010172459
right,106,109.232,0.9920000000000044,15864.0,377.60416666666663,concrete,concrete,0.9736007,0.02412597,0.9736007,0.0022733586
right,107,110.24,1.0560000000000116,11328.0,1067.7083333333333,concrete,concrete,0.92422885,0.055978246,0.92422885,0.019792931
right,108,111.312,0.9120000000000061,21718.0,425.0,concrete,concrete,0.9618626,0.03642214,0.9618626,0.0017152067
right,109,112.24,0.9920000000000044,16075.0,460.9375,concrete,concrete,0.97947276,0.018701935,0.97947276,0.0018252849
right,110,113.248,0.9919999999999902,15529.0,270.83333333333337,concrete,concrete,0.95762527,0.022637123,0.95762527,0.019737545
right,111,114.256,1.0079999999999956,15687.0,473.9583333333333,concrete,concrete,0.9770781,0.020758804,0.9770781,0.0021631732
right,112,115.28,1.0079999999999956,18181.0,510.41666666666663,concrete,concrete,0.97396255,0.024698375,0.97396255,0.00133912
right,113,116.304,1.024000000000001,16826.0,325.0,concrete,concrete,0.9654656,0.031116324,0.9654656,0.0034180772
right,114,117.344,1.0080000000000098,13811.0,517.1875,concrete,concrete,0.97057796,0.026549589,0.97057796,0.0028724517
right,115,118.368,0.9759999999999991,15898.0,375.0,concrete,concrete,0.96937335,0.029555257,0.96937335,0.0010713547
right,116,119.36,0.9920000000000044,14754.0,2066.40625,concrete,concrete,0.9039934,0.044170234,0.9039934,0.051836334
right,117,120.368,0.9920000000000044,13395.0,0.0,concrete,concrete,0.9887245,0.009582278,0.9887245,0.0016931576
right,118,121.376,1.039999999999992,16372.0,319.44444444444446,concrete,concrete,0.928935,0.035344623,0.928935,0.03572034
right,119,122.432,1.215999999999994,9341.0,255.20833333333334,concrete,concrete,0.9618914,0.018647445,0.9618914,0.019461183
right,120,123.664,1.152000000000001,10658.0,468.75,concrete,concrete,0.63570106,0.04159857,0.63570106,0.3227004
right,121,124.832,0.8640000000000043,14821.0,619.7916666666667,concrete,concrete,0.90706366,0.053764615,0.90706366,0.03917179
right,122,125.712,1.0879999999999939,11409.0,1697.9166666666667,concrete,concrete,0.8632094,0.023992565,0.8632094,0.112797976
right,123,126.816,1.039999999999992,9327.0,437.5,concrete,concrete,0.9435245,0.029468033,0.9435245,0.027007464
right,124,127.872,1.0559999999999974,17047.0,2064.732142857143,concrete,concrete,0.6591228,0.09579328,0.6591228,0.24508391
right,125,128.944,1.0880000000000223,9954.0,406.25,concrete,concrete,0.8952255,0.038651194,0.8952255,0.06612328
right,126,130.048,0.9919999999999902,12830.0,175.0,concrete,concrete,0.8391998,0.048031036,0.8391998,0.11276919
right,127,131.056,1.0559999999999832,46068.0,385.4166666666667,concrete,concrete,0.55631566,0.080689594,0.55631566,0.36299476
right,128,132.128,1.024000000000001,56357.0,2371.279761904762,concrete,concrete,0.74805075,0.06929555,0.74805075,0.18265368
right,129,133.168,1.0079999999999814,13204.0,2604.1666666666665,concrete,concrete,0.82350403,0.03691803,0.82350403,0.13957796
right,130,134.192,1.0079999999999814,13151.0,1993.75,concrete,concrete,0.97667617,0.01805577,0.97667617,0.005268041
right,131,135.216,0.9919999999999902,12390.0,359.375,concrete,concrete,0.9295893,0.023606041,0.9295893,0.04680472
right,132,136.224,1.0560000000000116,12620.0,208.33333333333334,concrete,concrete,0.9345651,0.02599301,0.9345651,0.03944186
right,133,137.296,1.0080000000000098,9686.0,2881.25,concrete,concrete,0.97476715,0.017705146,0.97476715,0.0075277877
right,134,138.32,1.0080000000000098,58564.0,2427.0833333333335,concrete,concrete,0.89548033,0.08408385,0.89548033,0.020435814
right,135,139.344,0.9920000000000186,14998.0,500.0,concrete,concrete,0.9036744,0.03891962,0.9036744,0.057405937
right,136,140.352,1.0080000000000098,9590.0,375.0,concrete,concrete,0.90122455,0.021004165,0.90122455,0.0777713
right,137,141.376,1.024000000000001,56793.0,3892.8571428571427,concrete,concrete,0.75005627,0.15634803,0.75005627,0.09359576
right,138,142.416,1.0080000000000098,11897.0,350.0,concrete,concrete,0.980583,0.015439746,0.980583,0.003977291
right,139,143.44,1.0560000000000116,13304.0,281.25,concrete,concrete,0.78668374,0.059340194,0.78668374,0.15397607
right,140,144.512,0.9439999999999884,51457.0,250.0,concrete,concrete,0.9212297,0.049776133,0.9212297,0.028994212
right,141,145.472,0.9919999999999902,16424.0,125.0,concrete,concrete,0.96967643,0.022302344,0.96967643,0.008021218
right,142,146.48,1.0080000000000098,13845.0,1799.4791666666667,concrete,concrete,0.76561785,0.04460331,0.76561785,0.18977886
right,143,147.504,1.024000000000001,12615.0,1798.1770833333333,concrete,concrete,0.70948637,0.06721872,0.70948637,0.22329491
right,144,148.544,0.9759999999999991,15405.0,320.3125,concrete,concrete,0.8945583,0.025958719,0.8945583,0.07948299
right,145,149.536,1.024000000000001,48049.0,1784.7222222222222,concrete,concrete,0.7875793,0.09235454,0.7875793,0.12006611
right,146,150.576,0.9920000000000186,12337.0,520.8333333333333,concrete,concrete,0.95748526,0.014144407,0.95748526,0.02837027
right,147,151.584,1.039999999999992,12701.0,612.5,concrete,concrete,0.8666264,0.064326026,0.8666264,0.069047585
right,148,152.64,1.1200000000000045,50394.0,2640.625,concrete,concrete,0.69574684,0.09148891,0.69574684,0.21276425
right,149,153.776,0.8959999999999866,10059.0,335.9375,concrete,concrete,0.99170893,0.0067141615,0.99170893,0.0015769639
right,150,154.688,1.0720000000000027,17927.0,418.75,concrete,concrete,0.9470624,0.029477743,0.9470624,0.023459822
right,151,155.776,0.9759999999999991,12998.0,298.61111111111114,concrete,concrete,0.98827213,0.0072147483,0.98827213,0.004513109
right,152,156.768,1.0080000000000098,15994.0,406.25,concrete,concrete,0.97151935,0.01590353,0.97151935,0.01257716
right,153,157.792,1.024000000000001,14970.0,581.25,concrete,concrete,0.9746987,0.018746508,0.9746987,0.0065547787
right,154,158.832,1.0400000000000205,14855.0,2689.5833333333335,concrete,concrete,0.7530136,0.0737289,0.7530136,0.17325751
right,155,159.888,1.0079999999999814,13074.0,248.26388888888889,concrete,concrete,0.76235586,0.022032218,0.76235586,0.21561193
right,156,160.912,1.0079999999999814,13017.0,375.0,concrete,concrete,0.6656816,0.04536014,0.6656816,0.28895825
right,157,161.936,1.0879999999999939,16578.0,1243.75,concrete,concrete,0.9070654,0.060846433,0.9070654,0.03208812
right,158,163.04,0.9920000000000186,14792.0,295.3125,concrete,concrete,0.79712266,0.021685958,0.79712266,0.1811914
right,159,164.048,1.0720000000000027,11217.0,319.44444444444446,concrete,concrete,0.9387043,0.021554863,0.9387043,0.03974087
right,160,165.136,1.024000000000001,14036.0,1515.625,concrete,concrete,0.9558428,0.014409785,0.9558428,0.029747399
right,161,166.176,1.024000000000001,16152.0,333.3333333333333,concrete,concrete,0.7283346,0.029770823,0.7283346,0.24189453
right,162,167.216,1.024000000000001,12337.0,398.4375,concrete,concrete,0.5175716,0.042472977,0.5175716,0.43995544
right,163,168.256,1.024000000000001,15640.0,226.5625,concrete,concrete,0.95979685,0.021345448,0.95979685,0.018857704
right,164,169.296,1.0400000000000205,17544.0,354.16666666666663,concrete,concrete,0.6622829,0.093376994,0.6622829,0.24434014
right,165,170.352,0.9759999999999991,14716.0,500.0,concrete,concrete,0.4843928,0.046787158,0.4843928,0.46882007
right,166,171.344,1.039999999999992,12615.0,356.7708333333333,grass,concrete,0.4817958,0.060298346,0.45790583,0.4817958
right,167,172.4,1.0559999999999832,11998.0,399.30555555555554,concrete,concrete,0.8142161,0.03134433,0.8142161,0.1544396
right,168,173.472,1.024000000000001,11940.0,3204.1666666666665,concrete,concrete,0.55930436,0.031019296,0.55930436,0.4096763
right,169,174.512,1.0560000000000116,9595.0,453.125,concrete,concrete,0.95093906,0.042704217,0.95093906,0.006356729
right,170,175.584,1.024000000000001,13184.0,296.875,concrete,concrete,0.9918791,0.0069149057,0.9918791,0.0012060568
right,171,176.624,1.024000000000001,13070.0,421.875,concrete,concrete,0.9886284,0.0101286145,0.9886284,0.0012429997
right,172,177.664,0.9920000000000186,13787.0,226.5625,concrete,concrete,0.9463925,0.02753513,0.9463925,0.026072435
right,173,178.672,1.024000000000001,12500.0,500.0,concrete,concrete,0.98783976,0.011126628,0.98783976,0.0010335721
right,174,179.712,1.024000000000001,11663.0,390.625,concrete,concrete,0.98385066,0.011962886,0.98385066,0.004186444
right,175,180.752,1.0079999999999814,12055.0,906.25,concrete,concrete,0.9724699,0.025492104,0.9724699,0.0020379438
right,176,181.776,1.0079999999999814,14491.0,447.9166666666667,concrete,concrete,0.984185,0.013776976,0.984185,0.0020380644
right,177,182.8,1.0079999999999814,15506.0,2097.2222222222226,concrete,concrete,0.97542554,0.017946724,0.97542554,0.006627727
right,178,183.824,1.0079999999999814,10380.0,283.8541666666667,concrete,concrete,0.9848044,0.012271444,0.9848044,0.0029242316
right,179,184.848,1.0079999999999814,11567.0,375.0,concrete,concrete,0.97631466,0.020378254,0.97631466,0.0033070184
right,180,185.872,0.9919999999999902,14008.0,1678.8194444444446,concrete,concrete,0.97085357,0.026794476,0.97085357,0.002351954
right,181,186.88,1.039999999999992,56309.0,307.2916666666667,concrete,concrete,0.92310596,0.06246656,0.92310596,0.014427491
right,182,187.936,1.024000000000001,11878.0,3277.34375,concrete,concrete,0.9878027,0.010195886,0.9878027,0.0020014357
right,183,188.976,1.0080000000000098,9916.0,343.75,concrete,concrete,0.9821613,0.015661146,0.9821613,0.0021775956
right,184,190.0,1.024000000000001,12715.0,398.4375,concrete,concrete,0.98500764,0.013108902,0.98500764,0.0018834604
right,185,191.04,1.024000000000001,10658.0,226.04166666666666,concrete,concrete,0.9659028,0.017435888,0.9659028,0.016661346
right,186,192.08,1.0559999999999832,12352.0,370.3125,concrete,concrete,0.9272426,0.036005132,0.9272426,0.03675223
right,187,193.152,1.024000000000001,12505.0,437.5,concrete,concrete,0.9752891,0.021871429,0.9752891,0.0028394482
right,188,194.192,0.9919999999999902,9782.0,304.6875,concrete,concrete,0.99303705,0.006271421,0.99303705,0.0006915548
right,189,195.2,1.0400000000000205,13505.0,2353.125,concrete,concrete,0.94797593,0.044425886,0.94797593,0.0075981556
right,190,196.256,1.024000000000001,57444.0,1917.96875,concrete,concrete,0.7333649,0.11988792,0.7333649,0.14674723
right,191,197.296,1.0080000000000098,12251.0,984.375,concrete,concrete,0.9870904,0.011678326,0.9870904,0.0012312604
right,192,198.32,1.0080000000000098,10801.0,315.1041666666667,concrete,concrete,0.9779755,0.015273786,0.9779755,0.0067507816
right,193,199.344,0.9920000000000186,18052.0,250.0,concrete,concrete,0.9864899,0.012209181,0.9864899,0.0013009285
right,194,200.352,1.039999999999992,8064.0,335.9375,concrete,concrete,0.9818382,0.011531298,0.9818382,0.006630398
right,195,201.408,1.0080000000000098,11969.0,331.25,concrete,concrete,0.98847276,0.008832324,0.98847276,0.0026948461
right,196,202.432,0.9759999999999991,9629.0,255.20833333333334,concrete,concrete,0.98463005,0.013566749,0.98463005,0.0018032073
right,197,203.424,1.024000000000001,11265.0,325.0,concrete,concrete,0.6138086,0.03639607,0.6138086,0.34979537
right,198,204.464,1.0080000000000098,10830.0,2195.3125,concrete,concrete,0.98148847,0.016371157,0.98148847,0.0021404
right,199,205.488,1.0080000000000098,51997.0,479.16666666666663,concrete,concrete,0.8952368,0.05699674,0.8952368,0.047766443
right,200,206.512,1.024000000000001,12969.0,187.5,concrete,concrete,0.984133,0.013485438,0.984133,0.0023815825
right,201,207.552,1.0080000000000098,12313.0,3277.777777777778,concrete,concrete,0.98941576,0.008757155,0.98941576,0.0018271046
right,202,208.576,1.1520000000000152,10256.0,656.25,concrete,concrete,0.60936904,0.046572644,0.60936904,0.3440583
right,203,209.744,0.9279999999999973,10126.0,539.0625,concrete,concrete,0.98204833,0.015715875,0.98204833,0.0022357432
right,204,210.688,1.0080000000000098,10940.0,293.4027777777778,concrete,concrete,0.83041376,0.03777185,0.83041376,0.13181445
right,205,211.712,0.9759999999999991,14142.0,348.2142857142857,concrete,concrete,0.9886818,0.009200541,0.9886818,0.002117689
right,206,212.704,1.0079999999999814,9748.0,1808.3333333333335,concrete,concrete,0.9831504,0.010340034,0.9831504,0.0065095
right,207,213.728,1.0720000000000027,38104.0,2598.9583333333335,concrete,concrete,0.8074516,0.07059835,0.8074516,0.12195007
right,208,214.816,1.024000000000001,15252.0,2943.75,concrete,concrete,0.6447857,0.05811865,0.6447857,0.2970956
right,209,215.856,1.024000000000001,15242.0,770.8333333333334,concrete,concrete,0.70858747,0.065187074,0.70858747,0.22622544
right,210,216.896,1.024000000000001,11907.0,265.625,concrete,concrete,0.51804686,0.07037383,0.51804686,0.4115793
right,211,217.936,1.0559999999999832,10945.0,895.8333333333334,grass,concrete,0.9098368,0.02290773,0.067255475,0.9098368
right,212,219.008,1.0720000000000027,11050.0,661.4583333333333,grass,concrete,0.87200946,0.02199518,0.10599541,0.87200946
right,213,220.096,1.039999999999992,8643.0,3578.125,concrete,concrete,0.909425,0.052200478,0.909425,0.038374547
right,214,221.152,1.0400000000000205,45517.0,2567.7083333333335,concrete,concrete,0.88832855,0.081094824,0.88832855,0.030576654
right,215,222.208,1.024000000000001,15549.0,1826.8229166666667,concrete,concrete,0.90543646,0.027936175,0.90543646,0.06662742
right,216,223.248,1.0080000000000098,14582.0,364.58333333333337,concrete,concrete,0.9570328,0.016211908,0.9570328,0.026755244
right,217,224.272,1.024000000000001,53639.0,2392.857142857143,concrete,concrete,0.9415842,0.048909955,0.9415842,0.009505833
right,218,225.312,1.024000000000001,52366.0,2516.6666666666665,concrete,concrete,0.9783579,0.019457527,0.9783579,0.0021845808
right,219,226.352,0.9919999999999902,14376.0,2968.75,concrete,concrete,0.949797,0.02623155,0.949797,0.023971427
right,220,227.36,1.0079999999999814,12275.0,3263.8888888888887,concrete,concrete,0.7958586,0.047912493,0.7958586,0.15622884
right,221,228.384,1.0080000000000098,14740.0,2427.0833333333335,concrete,concrete,0.9762471,0.014303086,0.9762471,0.009449846
right,222,229.408,0.9920000000000186,56405.0,1906.25,concrete,concrete,0.844423,0.09588729,0.844423,0.059689738
right,223,230.416,1.0080000000000098,15754.0,365.625,concrete,concrete,0.9593514,0.030975677,0.9593514,0.009672971
right,224,231.44,0.9919999999999902,53964.0,500.0,concrete,concrete,0.90696657,0.08914969,0.90696657,0.0038837169
right,225,232.448,0.9919999999999902,55228.0,1736.1111111111113,concrete,concrete,0.826749,0.09686366,0.826749,0.07638733
right,226,233.456,0.9920000000000186,15142.0,2850.0,concrete,concrete,0.94935757,0.037442036,0.94935757,0.013200425
right,227,234.464,1.0080000000000098,14706.0,248.61111111111111,concrete,concrete,0.97313404,0.023851484,0.97313404,0.0030145135
right,228,235.488,1.0080000000000098,16080.0,353.125,concrete,concrete,0.85392374,0.021194428,0.85392374,0.12488183
right,229,236.512,1.0080000000000098,16161.0,2225.4464285714284,concrete,concrete,0.9587921,0.030288989,0.9587921,0.010918955
right,230,237.536,0.9919999999999902,56400.0,107.14285714285714,concrete,concrete,0.8531142,0.09315264,0.8531142,0.053733177
right,231,238.544,1.0079999999999814,53491.0,1600.6944444444446,concrete,concrete,0.9610838,0.033179075,0.9610838,0.0057370905
right,232,239.568,0.9919999999999902,15573.0,257.8125,concrete,concrete,0.977247,0.018335216,0.977247,0.0044178534
right,233,240.576,1.0080000000000098,13122.0,400.0,concrete,concrete,0.89089185,0.026253002,0.89089185,0.082855195
right,234,241.6,0.9920000000000186,10016.0,1678.571428571429,concrete,concrete,0.9730727,0.014284934,0.9730727,0.012642379
right,235,242.608,0.9919999999999902,18367.0,208.33333333333334,concrete,concrete,0.9527045,0.043609712,0.9527045,0.0036857473
right,236,243.616,1.0079999999999814,14864.0,400.0,concrete,concrete,0.840588,0.036899395,0.840588,0.12251264
right,237,244.64,1.0080000000000098,21756.0,520.8333333333333,concrete,concrete,0.92334276,0.07363084,0.92334276,0.0030263248
right,238,245.664,0.9920000000000186,13060.0,453.125,concrete,concrete,0.9804277,0.018375855,0.9804277,0.001196462
right,239,246.672,0.9919999999999902,13625.0,2003.90625,concrete,concrete,0.94957757,0.03648506,0.94957757,0.01393742
right,240,247.68,0.9919999999999902,18286.0,1824.21875,concrete,concrete,0.934207,0.06266878,0.934207,0.0031242364
right,241,248.688,0.9920000000000186,16630.0,482.8125,concrete,concrete,0.877444,0.048491858,0.877444,0.074064106
right,242,249.696,1.0080000000000098,13687.0,3562.5,concrete,concrete,0.9819901,0.016538503,0.9819901,0.001471374
right,243,250.72,1.0080000000000098,17219.0,437.5,concrete,concrete,0.97361416,0.024349937,0.97361416,0.002035886
right,244,251.744,1.0080000000000098,15209.0,312.5,concrete,concrete,0.93095815,0.05045632,0.93095815,0.018585563
right,245,252.768,0.9759999999999991,18473.0,1677.0833333333335,concrete,concrete,0.9607292,0.03793961,0.9607292,0.0013311297
right,246,253.76,1.024000000000001,17607.0,812.5,concrete,concrete,0.97599494,0.021899678,0.97599494,0.002105371
right,247,254.8,1.1999999999999886,19191.0,421.875,concrete,concrete,0.86446005,0.10009534,0.86446005,0.03544458
right,248,256.016,1.024000000000001,7906.0,416.6666666666667,concrete,concrete,0.9082192,0.01922668,0.9082192,0.072554104
right,249,257.056,1.0080000000000382,13864.0,412.5,concrete,concrete,0.9539489,0.032534618,0.9539489,0.013516517
right,250,258.08,1.024000000000001,14151.0,343.75,concrete,concrete,0.9487758,0.04473357,0.9487758,0.006490619
right,251,259.12,0.9920000000000186,17300.0,1945.3125,concrete,concrete,0.96428984,0.029676294,0.96428984,0.0060338126
right,252,260.128,1.0080000000000382,13821.0,484.375,concrete,concrete,0.96796495,0.02065398,0.96796495,0.011381015
right,253,261.152,1.05600000000004,13515.0,151.04166666666669,grass,concrete,0.6559205,0.027900103,0.3161794,0.6559205
right,254,262.224,0.9920000000000186,9557.0,412.5,concrete,concrete,0.9722607,0.023022298,0.9722607,0.0047169677
right,255,263.232,1.0079999999999814,12902.0,750.0,concrete,concrete,0.9823239,0.012602923,0.9823239,0.005073128
right,256,264.256,0.9920000000000186,10576.0,313.9880952380952,concrete,concrete,0.7568796,0.026926225,0.7568796,0.2161942
right,257,265.264,0.9919999999999618,15357.0,1716.1458333333335,concrete,concrete,0.9719587,0.022734672,0.9719587,0.0053066025
right,258,266.272,0.9759999999999991,56831.0,2899.3055555555557,concrete,concrete,0.8889142,0.099811554,0.8889142,0.011274208
right,259,267.264,0.9919999999999618,12261.0,2281.25,concrete,concrete,0.9707647,0.026097763,0.9707647,0.0031374868
right,260,268.272,0.9920000000000186,12691.0,312.5,concrete,concrete,0.975293,0.013723228,0.975293,0.010983746
right,261,269.28,1.024000000000001,10959.0,281.25,concrete,concrete,0.70716095,0.022331644,0.70716095,0.2705074
right,262,270.32,0.9759999999999991,13160.0,893.75,concrete,concrete,0.9774426,0.017384928,0.9774426,0.005172439
right,263,271.312,1.0079999999999814,9504.0,276.04166666666663,concrete,concrete,0.9879138,0.009674282,0.9879138,0.0024119897
right,264,272.336,0.9919999999999618,12687.0,419.27083333333337,concrete,concrete,0.96960217,0.026702205,0.96960217,0.0036956838
right,265,273.344,0.9920000000000186,13065.0,1957.03125,concrete,concrete,0.9693226,0.023110323,0.9693226,0.007567018
right,266,274.352,1.024000000000001,13232.0,0.0,concrete,concrete,0.93902606,0.022196813,0.93902606,0.03877718
right,267,275.392,1.024000000000001,13266.0,1737.8472222222224,concrete,concrete,0.9552866,0.02699842,0.9552866,0.017714929
right,268,276.432,0.9919999999999618,14012.0,1661.4583333333335,concrete,concrete,0.9224075,0.03485009,0.9224075,0.042742413
right,269,277.44,1.024000000000001,13515.0,346.875,concrete,concrete,0.963971,0.024877433,0.963971,0.0111515615
right,270,278.48,1.103999999999985,10294.0,1821.1805555555557,grass,concrete,0.7825767,0.022420455,0.19500281,0.7825767
right,271,279.6,0.94399999999996,38975.0,781.25,concrete,concrete,0.8849076,0.060231756,0.8849076,0.054860704
right,272,280.56,1.0079999999999814,15979.0,2510.4166666666665,concrete,concrete,0.84063566,0.033867713,0.84063566,0.12549664
right,273,281.584,1.024000000000001,10413.0,307.29166666666663,concrete,concrete,0.9460015,0.016199643,0.9460015,0.03779884
right,274,282.624,1.0559999999999832,13247.0,531.25,concrete,concrete,0.6028685,0.054320797,0.6028685,0.34281072
right,275,283.696,1.183999999999969,20789.0,292.70833333333337,concrete,concrete,0.82854146,0.07277587,0.82854146,0.098682694
right,276,284.896,0.8959999999999582,14185.0,342.0138888888889,concrete,concrete,0.9881592,0.008910348,0.9881592,0.002930407
right,277,285.808,1.0400000000000205,14371.0,361.11111111111114,concrete,concrete,0.94583684,0.036209434,0.94583684,0.017953714
right,278,286.864,1.0080000000000382,14970.0,367.1875,concrete,concrete,0.98880565,0.010132656,0.98880565,0.0010617151
right,279,287.888,1.024000000000001,11007.0,312.5,concrete,concrete,0.9699542,0.018095776,0.9699542,0.011950065
right,280,288.928,1.0400000000000205,13917.0,406.25,concrete,concrete,0.5522046,0.04472915,0.5522046,0.40306625
right,281,289.984,1.0080000000000382,15558.0,0.0,concrete,concrete,0.9818441,0.0136462655,0.9818441,0.0045095896
right,282,291.008,1.0400000000000205,11572.0,338.54166666666663,concrete,concrete,0.8583691,0.04442236,0.8583691,0.09720854
right,283,292.064,0.9919999999999618,13491.0,1715.277777777778,concrete,concrete,0.92407453,0.020637933,0.92407453,0.055287518
right,284,293.072,1.0079999999999814,15032.0,500.0,concrete,concrete,0.96673554,0.0197005,0.96673554,0.013564001
right,285,294.096,1.024000000000001,14673.0,1725.6944444444446,concrete,concrete,0.9716079,0.013023863,0.9716079,0.015368209
right,286,295.136,1.0079999999999814,13921.0,234.375,concrete,concrete,0.98103803,0.01679394,0.98103803,0.002168
right,287,296.16,1.024000000000001,14027.0,3973.214285714286,concrete,concrete,0.9784353,0.015918812,0.9784353,0.005645927
right,288,297.2,1.024000000000001,15970.0,3523.4375,concrete,concrete,0.966238,0.027175913,0.966238,0.006586029
right,289,298.24,1.0079999999999814,14859.0,1859.375,concrete,concrete,0.9634938,0.024869962,0.9634938,0.011636215
right,290,299.264,1.0399999999999636,14405.0,1801.2152777777778,concrete,concrete,0.9368214,0.041612726,0.9368214,0.021565834
right,291,300.32,1.0079999999999814,13409.0,1885.4166666666667,concrete,concrete,0.9603469,0.034418568,0.9603469,0.0052345274
right,292,301.344,1.0400000000000205,9815.0,1512.1527777777778,concrete,concrete,0.7824619,0.039251916,0.7824619,0.17828618
right,293,302.4,1.0400000000000205,14333.0,250.0,concrete,concrete,0.6465954,0.043548875,0.6465954,0.30985576
right,294,303.456,0.9919999999999618,15596.0,364.58333333333337,concrete,concrete,0.76524353,0.05724993,0.76524353,0.17750655
right,295,304.464,0.9759999999999991,17161.0,416.6666666666667,concrete,concrete,0.5085593,0.19128379,0.5085593,0.30015695
right,296,305.456,0.9919999999999618,11485.0,333.33333333333337,concrete,concrete,0.7741124,0.05698654,0.7741124,0.16890107
right,297,306.464,1.2800000000000296,11806.0,1387.5,grass,concrete,0.8535674,0.024416279,0.12201632,0.8535674
right,298,307.76,1.0079999999999814,11060.0,359.375,grass,concrete,0.6471101,0.024653146,0.32823676,0.6471101
right,299,308.784,0.896000000000015,12950.0,437.5,concrete,grass,0.8518262,0.021279525,0.8518262,0.1268943
left,0,0.832,0.928,21871.0,125.0,concrete,concrete,0.9169027,0.0754924,0.9169027,0.007604863
left,1,1.776,1.1039999999999999,26369.0,750.0,concrete,concrete,0.9375318,0.047818564,0.9375318,0.014649619
left,2,2.896,0.8799999999999999,52414.0,3635.4166666666665,concrete,concrete,0.8984287,0.05954711,0.8984287,0.04202417
left,3,3.792,1.008,51390.0,187.5,concrete,concrete,0.8535663,0.12507188,0.8535663,0.021361869
left,4,4.816,1.008,49059.0,1981.25,concrete,concrete,0.88828886,0.08802156,0.88828886,0.023689609
left,5,5.84,1.024,21914.0,328.125,concrete,concrete,0.9424785,0.05043177,0.9424785,0.0070897634
left,6,6.88,1.008,20870.0,293.75,concrete,concrete,0.93473893,0.05171207,0.93473893,0.013548963
left,7,7.904,1.1039999999999992,21239.0,0.0,concrete,concrete,0.918018,0.06744043,0.918018,0.014541557
left,8,9.024,0.8960000000000008,46824.0,0.0,concrete,concrete,0.94491154,0.03910971,0.94491154,0.015978713
left,9,9.936,1.1359999999999992,14290.0,156.25,grass,concrete,0.6102373,0.041481413,0.34828132,0.6102373
left,10,11.088,1.024000000000001,16578.0,750.0,grass,grass,0.49550995,0.025991602,0.47849846,0.49550995
left,11,12.128,1.0559999999999992,15936.0,140.625,concrete,grass,0.75168794,0.047887597,0.75168794,0.20042445
left,12,13.2,0.9920000000000009,15357.0,93.75,grass,concrete,0.52109355,0.033068374,0.4458381,0.52109355
left,13,14.208,1.0399999999999991,16448.0,380.2083333333333,concrete,concrete,0.7269098,0.07026204,0.7269098,0.2028282
left,14,15.264,0.9280000000000008,16980.0,1187.5,concrete,concrete,0.8532493,0.079027094,0.8532493,0.06772357
left,15,16.208,0.9760000000000026,25838.0,0.0,concrete,concrete,0.8657188,0.079909004,0.8657188,0.054372188
left,16,17.2,1.0399999999999991,45398.0,4262.5,concrete,concrete,0.6566465,0.2053346,0.6566465,0.13801892
left,17,18.256,1.152000000000001,49308.0,2187.5,concrete,concrete,0.49405503,0.08391411,0.49405503,0.42203087
left,18,19.424,1.056000000000001,12926.0,562.5,grass,concrete,0.8264502,0.027509063,0.14604071,0.8264502
left,19,20.496,1.024000000000001,13859.0,194.44444444444446,concrete,concrete,0.5562763,0.062853426,0.5562763,0.38087022
left,20,21.536,0.9279999999999973,44527.0,531.25,concrete,concrete,0.7708885,0.13743499,0.7708885,0.09167652
left,21,22.48,1.184000000000001,15228.0,218.75,grass,concrete,0.7572648,0.018220836,0.2245144,0.7572648
left,22,23.68,0.879999999999999,48384.0,2892.299107142857,concrete,concrete,0.8900955,0.10065,0.8900955,0.009254509
left,23,24.576,1.152000000000001,42565.0,0.0,concrete,concrete,0.4883756,0.06519145,0.4883756,0.44643292
left,24,25.744,1.056000000000001,48800.0,1057.2916666666667,concrete,concrete,0.7525,0.097770564,0.7525,0.14972943
left,25,26.816,0.9280000000000008,49686.0,250.0,concrete,concrete,0.94330984,0.046905007,0.94330984,0.009785199
left,26,27.76,1.1039999999999992,48887.0,2486.1111111111113,concrete,concrete,0.76102,0.169403,0.76102,0.06957702
left,27,28.88,1.024000000000001,19473.0,0.0,concrete,concrete,0.9555748,0.02922365,0.9555748,0.015201554
left,28,29.92,1.0079999999999991,16793.0,0.0,concrete,concrete,0.8682843,0.046673473,0.8682843,0.0850423
left,29,30.944,0.9280000000000008,20607.0,4637.5,concrete,concrete,0.90694755,0.08220837,0.90694755,0.010844144
left,30,31.888,1.1999999999999993,17080.0,125.0,grass,concrete,0.7667165,0.018193735,0.21508977,0.7667165
left,31,33.104,0.9759999999999991,50734.0,218.75,concrete,concrete,0.6902684,0.10263767,0.6902684,0.20709394
left,32,34.096,1.0560000000000045,47915.0,1142.3611111111113,concrete,grass,0.5975133,0.13628228,0.5975133,0.26620445
left,33,35.168,1.0559999999999974,26307.0,312.5,grass,grass,0.64288384,0.043884978,0.31323117,0.64288384
left,34,36.24,1.024000000000001,16870.0,1275.173611111111,grass,grass,0.47751307,0.09451941,0.42796752,0.47751307
left,35,37.28,1.0399999999999991,17228.0,2159.722222222222,grass,grass,0.6970474,0.083414994,0.21953763,0.6970474
left,36,38.336,1.024000000000001,51074.0,2388.888888888889,concrete,concrete,0.57428527,0.3371291,0.57428527,0.088585675
left,37,39.376,0.911999999999999,52222.0,2973.6111111111113,concrete,concrete,0.75264764,0.19325665,0.75264764,0.054095685
left,38,40.304,1.1679999999999993,16994.0,0.0,concrete,concrete,0.52412486,0.040851302,0.52412486,0.43502387
left,39,41.488,0.8960000000000008,20167.0,187.5,concrete,concrete,0.97904825,0.016566524,0.97904825,0.004385223
left,40,42.4,1.1679999999999993,21517.0,0.0,concrete,concrete,0.90300727,0.06534117,0.90300727,0.031651594
left,41,43.584,0.9279999999999973,20263.0,348.9583333333333,concrete,concrete,0.95017654,0.038646065,0.95017654,0.011177402
left,42,44.528,1.0560000000000045,51385.0,906.25,concrete,concrete,0.658022,0.1103,0.658022,0.23167801
left,43,45.6,0.9439999999999955,19832.0,333.3333333333333,concrete,concrete,0.9441674,0.04619851,0.9441674,0.009634103
left,44,46.56,1.1039999999999992,21344.0,455.35714285714283,concrete,concrete,0.90019387,0.067786835,0.90019387,0.03201932
left,45,47.68,0.911999999999999,48896.0,0.0,concrete,concrete,0.89629155,0.088371426,0.89629155,0.015336994
left,46,48.608,1.088000000000001,21708.0,1266.4930555555557,concrete,concrete,0.9389904,0.04676773,0.9389904,0.014241829
left,47,49.712,1.0079999999999956,20076.0,125.0,concrete,concrete,0.8888089,0.053560402,0.8888089,0.05763069
left,48,50.736,0.9440000000000026,19028.0,151.04166666666666,concrete,concrete,0.96188533,0.028683554,0.96188533,0.009431125
left,49,51.696,1.0720000000000027,24058.0,114.58333333333333,concrete,concrete,0.94649863,0.047799446,0.94649863,0.0057019196
left,50,52.784,0.9600000000000009,26010.0,500.0,concrete,concrete,0.96006894,0.034226842,0.96006894,0.0057042395
left,51,53.76,0.9920000000000044,21923.0,0.0,concrete,concrete,0.9167064,0.0469513,0.9167064,0.03634229
left,52,54.768,1.0559999999999974,47800.0,2069.444444444445,concrete,concrete,0.72422224,0.15191911,0.72422224,0.1238587
left,53,55.84,1.0719999999999956,49059.0,1076.388888888889,concrete,concrete,0.6946921,0.15102804,0.6946921,0.15427987
left,54,56.928,1.0080000000000027,20253.0,187.5,concrete,concrete,0.8837222,0.059693158,0.8837222,0.056584638
left,55,57.952,0.9440000000000026,23230.0,93.75,concrete,concrete,0.8742227,0.05469916,0.8742227,0.0710782
left,56,58.912,1.024000000000001,48398.0,390.625,concrete,concrete,0.702537,0.1798108,0.702537,0.11765217
left,57,59.952,1.024000000000001,44551.0,1805.5555555555557,concrete,concrete,0.8888302,0.07805152,0.8888302,0.03311827
left,58,60.992,1.0080000000000027,23230.0,145.83333333333331,concrete,concrete,0.96272105,0.035797443,0.96272105,0.0014815215
left,59,62.016,1.088000000000001,18334.0,72.91666666666667,concrete,concrete,0.89638513,0.06656826,0.89638513,0.037046563
left,60,63.12,0.9919999999999973,45407.0,145.83333333333334,concrete,concrete,0.8117522,0.13508159,0.8117522,0.05316624
left,61,64.128,1.0079999999999956,17123.0,0.0,concrete,concrete,0.8372476,0.041864097,0.8372476,0.12088832
left,62,65.152,1.024000000000001,16860.0,0.0,concrete,concrete,0.63412297,0.11090564,0.63412297,0.25497136
left,63,66.192,1.1040000000000134,18932.0,169.64285714285714,concrete,concrete,0.8815617,0.04709833,0.8815617,0.07133993
left,64,67.312,1.0079999999999956,16400.0,260.4166666666667,concrete,concrete,0.78832537,0.057369396,0.78832537,0.1543053
left,65,68.336,1.0079999999999956,47489.0,3796.875,concrete,concrete,0.5865695,0.16453835,0.5865695,0.24889211
left,66,69.36,0.9759999999999991,41234.0,0.0,concrete,concrete,0.8094144,0.15999623,0.8094144,0.030589417
left,67,70.352,1.039999999999992,17032.0,2046.875,concrete,concrete,0.8175191,0.15416668,0.8175191,0.028314142
left,68,71.408,1.0879999999999939,19731.0,421.875,concrete,concrete,0.72741884,0.17444961,0.72741884,0.09813156
left,69,72.512,1.0079999999999956,49447.0,1779.4642857142858,concrete,concrete,0.6454679,0.29025072,0.6454679,0.06428147
left,70,73.536,1.024000000000001,50796.0,4287.5,concrete,concrete,0.8960417,0.09798422,0.8960417,0.0059740837
left,71,74.576,1.1200000000000045,18664.0,212.5,concrete,concrete,0.93444616,0.043016423,0.93444616,0.022537403
left,72,75.712,0.9440000000000026,18722.0,500.0,concrete,concrete,0.91661465,0.055809516,0.91661465,0.027575858
left,73,76.672,1.024000000000001,48920.0,2275.0,concrete,concrete,0.92150587,0.058181338,0.92150587,0.02031284
left,74,77.712,1.024000000000001,49825.0,572.9166666666667,concrete,concrete,0.88455653,0.10761605,0.88455653,0.00782744
left,75,78.752,0.960000000000008,21502.0,281.25,concrete,concrete,0.9073466,0.08222564,0.9073466,0.01042777
left,76,79.728,1.0080000000000098,51102.0,4637.5,concrete,concrete,0.7573032,0.23320451,0.7573032,0.009492321
left,77,80.752,1.088000000000008,55998.0,234.375,concrete,concrete,0.7659323,0.19287667,0.7659323,0.041191
left,78,81.856,0.9440000000000026,20502.0,1046.875,concrete,concrete,0.8446431,0.108570635,0.8446431,0.046786215
left,79,82.816,1.024000000000001,20473.0,0.0,concrete,concrete,0.95156384,0.043809604,0.95156384,0.004626521
left,80,83.856,1.0080000000000098,20109.0,296.875,concrete,concrete,0.9585518,0.03871714,0.9585518,0.0027310033
left,81,84.88,0.960000000000008,23268.0,125.0,concrete,concrete,0.8848962,0.11183088,0.8848962,0.0032729672
left,82,85.856,1.0080000000000098,21067.0,166.66666666666666,concrete,concrete,0.88398504,0.11346939,0.88398504,0.0025455197
left,83,86.88,1.088000000000008,21177.0,162.5,concrete,concrete,0.89520407,0.08606844,0.89520407,0.018727506
left,84,87.984,0.8960000000000008,18372.0,73.95833333333334,concrete,concrete,0.94749147,0.03633495,0.94749147,0.016173603
left,85,88.896,0.9599999999999937,57123.0,223.95833333333331,concrete,concrete,0.7860388,0.19413443,0.7860388,0.019826742
left,86,89.872,0.9920000000000044,21804.0,500.0,concrete,concrete,0.9267579,0.069106035,0.9267579,0.0041361605
left,87,90.88,0.9920000000000044,22746.0,403.125,concrete,concrete,0.86807966,0.117446974,0.86807966,0.0144733405
left,88,91.888,0.9759999999999991,20052.0,166.66666666666666,concrete,concrete,0.89129555,0.102949746,0.89129555,0.0057546827
left,89,92.88,0.9759999999999991,50997.0,3651.041666666667,concrete,concrete,0.67499495,0.3107134,0.67499495,0.014291602
left,90,93.872,0.9759999999999991,51361.0,3785.4166666666665,concrete,concrete,0.66566235,0.32771403,0.66566235,0.0066236462
left,91,94.864,0.9759999999999991,22502.0,343.75,concrete,concrete,0.88714474,0.108639486,0.88714474,0.004215792
left,92,95.856,0.9440000000000026,29825.0,69.44444444444444,concrete,concrete,0.91564184,0.081592634,0.91564184,0.0027655591
left,93,96.816,0.9599999999999937,22469.0,109.375,concrete,concrete,0.87209225,0.12428345,0.87209225,0.003624373
left,94,97.792,1.0720000000000027,24211.0,281.25,concrete,concrete,0.9484437,0.039218757,0.9484437,0.012337596
left,95,98.88,0.8960000000000008,23914.0,153.125,concrete,concrete,0.9546464,0.038243327,0.9546464,0.007110294
left,96,99.792,0.9759999999999991,21708.0,296.875,concrete,concrete,0.94656396,0.05083893,0.94656396,0.0025971306
left,97,100.784,0.9599999999999937,24264.0,218.75,concrete,concrete,0.9062312,0.08670647,0.9062312,0.007062307
left,98,101.76,0.9919999999999902,19459.0,166.66666666666666,concrete,concrete,0.9086569,0.0890418,0.9086569,0.0023012818
left,99,102.768,1.0720000000000027,27269.0,114.58333333333333,concrete,concrete,0.9474094,0.04059282,0.9474094,0.0119977705
left,100,103.856,0.9759999999999991,20555.0,269.53125,concrete,concrete,0.8494606,0.08304283,0.8494606,0.06749652
left,101,104.848,0.8640000000000043,20143.0,225.0,concrete,concrete,0.953181,0.043201774,0.953181,0.0036171733
left,102,105.728,1.0720000000000027,24302.0,206.47321428571428,concrete,concrete,0.93372834,0.055915505,0.93372834,0.010356199
left,103,106.816,0.8960000000000008,25240.0,250.0,concrete,concrete,0.9457476,0.036415216,0.9457476,0.01783725
left,104,107.728,1.024000000000001,21655.0,1437.5,concrete,concrete,0.9317433,0.06549678,0.9317433,0.0027598715
left,105,108.768,1.0400000000000063,46805.0,2472.2222222222226,concrete,concrete,0.88691574,0.089353904,0.88691574,0.023730297
left,106,109.824,0.9920000000000044,50136.0,175.0,concrete,concrete,0.7264808,0.1782865,0.7264808,0.09523276
left,107,110.832,0.8960000000000008,51801.0,71.42857142857143,concrete,concrete,0.942022,0.045773983,0.942022,0.012204029
left,108,111.744,1.0559999999999974,18540.0,593.75,concrete,concrete,0.92207754,0.041358206,0.92207754,0.036564257
left,109,112.816,0.9920000000000044,16281.0,0.0,concrete,concrete,0.65051526,0.110075794,0.65051526,0.23940891
left,110,113.824,1.024000000000001,50968.0,4187.5,concrete,concrete,0.6238286,0.3249938,0.6238286,0.05117765
left,111,114.864,0.8960000000000008,53031.0,4162.5,concrete,concrete,0.79361826,0.18474224,0.79361826,0.02163948
left,112,115.776,1.1039999999999992,47422.0,0.0,concrete,concrete,0.80828834,0.1190076,0.80828834,0.072704025
left,113,116.896,0.9120000000000061,18511.0,416.66666666666663,concrete,concrete,0.96250284,0.028787127,0.96250284,0.008709991
left,114,117.824,0.9920000000000044,20612.0,289.0625,concrete,concrete,0.9588337,0.033382475,0.9588337,0.0077837557
left,115,118.832,1.0080000000000098,17228.0,229.16666666666669,concrete,concrete,0.90534186,0.08638231,0.90534186,0.00827579
left,116,119.856,1.0080000000000098,48241.0,3671.875,concrete,concrete,0.769749,0.21388891,0.769749,0.016362118
left,117,120.88,1.024000000000001,15951.0,359.375,concrete,concrete,0.8662173,0.05663887,0.8662173,0.07714385
left,118,121.92,1.2319999999999993,17056.0,1083.3333333333335,grass,grass,0.4692748,0.07415949,0.4565657,0.4692748
left,119,123.168,1.0239999999999867,10045.0,0.0,grass,grass,0.6391933,0.07114095,0.28966576,0.6391933
left,120,124.208,1.0559999999999974,13630.0,1541.40625,grass,grass,0.9259684,0.011939073,0.062092483,0.9259684
left,121,125.28,0.9759999999999991,11753.0,135.41666666666669,grass,grass,0.5381749,0.08995909,0.37186593,0.5381749
left,122,126.272,1.1359999999999957,10811.0,318.75,grass,grass,0.64240557,0.021952363,0.33564204,0.64240557
left,123,127.424,1.0720000000000027,44077.0,3437.5,grass,grass,0.7181254,0.042525288,0.23934932,0.7181254
left,124,128.512,1.1200000000000045,15405.0,166.66666666666666,grass,grass,0.7131796,0.030041875,0.2567785,0.7131796
left,125,129.648,0.9279999999999973,15931.0,484.375,concrete,grass,0.7893945,0.056261897,0.7893945,0.15434362
left,126,130.592,1.039999999999992,16420.0,125.0,grass,grass,0.69218326,0.023369178,0.28444758,0.69218326
left,127,131.648,0.960000000000008,15261.0,0.0,grass,grass,0.52938336,0.047725767,0.42289087,0.52938336
left,128,132.624,1.039999999999992,16946.0,0.0,grass,grass,0.90250546,0.024341367,0.07315312,0.90250546
left,129,133.68,1.039999999999992,63636.0,3464.583333333333,grass,grass,0.55331683,0.11290234,0.3337808,0.55331683
left,130,134.736,1.0400000000000205,17721.0,296.875,grass,grass,0.7367917,0.09210186,0.17110652,0.7367917
left,131,135.792,1.103999999999985,19215.0,118.30357142857143,grass,grass,0.45417055,0.121661656,0.42416775,0.45417055
left,132,136.912,0.9279999999999973,19506.0,1937.5000000000002,concrete,grass,0.87385565,0.062348757,0.87385565,0.063795604
left,133,137.856,1.024000000000001,17248.0,0.0,grass,concrete,0.81060725,0.034362573,0.15503022,0.81060725
left,134,138.896,0.9280000000000257,20253.0,118.05555555555557,concrete,concrete,0.8656266,0.099264145,0.8656266,0.03510932
left,135,139.84,1.1200000000000045,23833.0,871.5277777777778,concrete,concrete,0.6681763,0.23432861,0.6681763,0.09749507
left,136,140.976,0.896000000000015,44268.0,562.5,concrete,concrete,0.6351276,0.08955425,0.6351276,0.27531818
left,137,141.888,1.103999999999985,17434.0,375.0,grass,concrete,0.73395574,0.07399982,0.19204442,0.73395574
left,138,143.008,1.024000000000001,51562.0,2222.2222222222226,grass,concrete,0.8493404,0.01882624,0.1318334,0.8493404
left,139,144.048,0.9759999999999991,52959.0,0.0,concrete,grass,0.79567856,0.14031714,0.79567856,0.06400431
left,140,145.04,0.896000000000015,20215.0,1494.7916666666667,concrete,grass,0.8765496,0.07385986,0.8765496,0.049590535
left,141,145.952,1.1200000000000045,15553.0,93.75,grass,grass,0.7948906,0.041283216,0.16382618,0.7948906
left,142,147.088,0.9920000000000186,16295.0,203.125,grass,grass,0.8101032,0.027261825,0.16263498,0.8101032
left,143,148.096,1.024000000000001,15812.0,148.4375,grass,grass,0.9162077,0.022324272,0.061467983,0.9162077
left,144,149.136,0.9440000000000168,15338.0,125.0,grass,grass,0.41849503,0.17418757,0.40731737,0.41849503
left,145,150.096,1.024000000000001,46599.0,343.75,concrete,grass,0.45772585,0.1415898,0.45772585,0.40068436
left,146,151.136,0.9440000000000168,47839.0,145.3125,grass,concrete,0.4212561,0.2080131,0.3707308,0.4212561
left,147,152.096,0.9919999999999902,20047.0,187.5,concrete,concrete,0.797093,0.12134422,0.797093,0.08156284
left,148,153.104,1.1359999999999957,21564.0,265.625,concrete,concrete,0.5659787,0.2080849,0.5659787,0.22593643
left,149,154.256,0.9439999999999884,44335.0,2601.5625,concrete,concrete,0.44627434,0.12362724,0.44627434,0.4300984
left,150,155.216,1.103999999999985,18645.0,191.66666666666669,concrete,concrete,0.78130424,0.07007895,0.78130424,0.14861679
left,151,156.336,0.9439999999999884,17712.0,140.625,concrete,concrete,0.66368145,0.07806069,0.66368145,0.25825784
left,152,157.296,1.0560000000000116,16745.0,187.5,concrete,concrete,0.60201734,0.07227388,0.60201734,0.32570872
left,153,158.368,1.0560000000000116,21804.0,2414.0625,concrete,concrete,0.53588206,0.10318846,0.53588206,0.36092946
left,154,159.44,1.0080000000000098,48489.0,234.375,concrete,concrete,0.50364596,0.17986192,0.50364596,0.31649214
left,155,160.464,0.9919999999999902,21832.0,218.75,concrete,concrete,0.83330524,0.10779848,0.83330524,0.05889629
left,156,161.472,1.024000000000001,46422.0,3635.4166666666665,concrete,concrete,0.6510622,0.19919594,0.6510622,0.14974187
left,157,162.512,0.9759999999999991,54347.0,0.0,concrete,concrete,0.5349767,0.31921297,0.5349767,0.14581034
left,158,163.504,1.1040000000000134,46154.0,701.3888888888889,grass,concrete,0.6035991,0.10824768,0.28815326,0.6035991
left,159,164.624,0.9920000000000186,20109.0,0.0,concrete,concrete,0.8641238,0.102136,0.8641238,0.033740208
left,160,165.632,1.1359999999999957,18884.0,68.75,concrete,concrete,0.61447823,0.0815632,0.61447823,0.3039586
left,161,166.784,0.9279999999999973,14859.0,93.75,concrete,concrete,0.6474277,0.0972187,0.6474277,0.2553536
left,162,167.728,1.103999999999985,44292.0,0.0,concrete,concrete,0.6527396,0.122832365,0.6527396,0.22442809
left,163,168.848,1.0079999999999814,47571.0,2152.777777777778,concrete,concrete,0.72738445,0.12723424,0.72738445,0.14538133
left,164,169.872,0.9919999999999902,17937.0,0.0,concrete,concrete,0.6166269,0.07926962,0.6166269,0.30410346
left,165,170.88,1.0560000000000116,15912.0,111.60714285714286,grass,concrete,0.76076776,0.032045297,0.20718697,0.76076776
left,166,171.952,1.0560000000000116,58219.0,89.84375,grass,concrete,0.8829415,0.03343732,0.08362119,0.8829415
left,167,173.024,0.9120000000000061,21856.0,1656.25,concrete,concrete,0.7815703,0.18558793,0.7815703,0.032841783
left,168,173.952,1.1520000000000152,41392.0,125.0,concrete,concrete,0.770074,0.032096393,0.770074,0.19782962
left,169,175.12,1.024000000000001,22665.0,0.0,concrete,concrete,0.9025775,0.061406672,0.9025775,0.036015812
left,170,176.16,1.0879999999999939,49523.0,2958.705357142857,concrete,concrete,0.6865593,0.16806123,0.6865593,0.1453795
left,171,177.264,0.9279999999999973,20306.0,343.75,concrete,concrete,0.9212315,0.062276587,0.9212315,0.016491909
left,172,178.208,1.0560000000000116,51887.0,1256.076388888889,concrete,concrete,0.8044626,0.1299036,0.8044626,0.06563375
left,173,179.28,1.039999999999992,20086.0,2298.6111111111113,concrete,concrete,0.8724461,0.082026675,0.8724461,0.04552721
left,174,180.336,1.0079999999999814,17439.0,125.0,concrete,concrete,0.4790076,0.113555215,0.4790076,0.4074372
left,175,181.36,0.9919999999999902,17018.0,2409.7222222222226,concrete,concrete,0.45521381,0.11468322,0.45521381,0.43010303
left,176,182.368,0.9120000000000061,17176.0,166.66666666666666,concrete,concrete,0.9015527,0.056106523,0.9015527,0.042340785
left,177,183.296,1.1040000000000134,21828.0,0.0,concrete,concrete,0.9423379,0.046220776,0.9423379,0.011441317
left,178,184.416,0.9919999999999902,20966.0,0.0,concrete,concrete,0.91975003,0.06255202,0.91975003,0.017697958
left,179,185.424,1.024000000000001,18478.0,0.0,concrete,concrete,0.637495,0.038299214,0.637495,0.32420582
left,180,186.464,1.024000000000001,16228.0,625.0,concrete,concrete,0.5014238,0.10267326,0.5014238,0.395903
left,181,187.504,0.9279999999999973,48092.0,4375.0,concrete,concrete,0.8148636,0.15387632,0.8148636,0.031260084
left,182,188.448,1.103999999999985,22364.0,187.5,concrete,concrete,0.8865547,0.0778278,0.8865547,0.035617534
left,183,189.568,1.039999999999992,18487.0,130.20833333333334,concrete,concrete,0.62037766,0.063541114,0.62037766,0.31608123
left,184,190.624,1.039999999999992,16965.0,145.83333333333334,grass,grass,0.6446165,0.052801892,0.3025816,0.6446165
left,185,191.68,1.0559999999999832,13826.0,390.625,grass,grass,0.609757,0.06877931,0.32146367,0.609757
left,186,192.752,1.039999999999992,16870.0,125.0,grass,grass,0.50878066,0.078673914,0.4125454,0.50878066
left,187,193.808,0.960000000000008,49633.0,2898.4375,concrete,concrete,0.6980519,0.23848037,0.6980519,0.06346769
left,188,194.784,1.0560000000000116,16831.0,3531.25,concrete,concrete,0.7241298,0.087413915,0.7241298,0.18845624
left,189,195.856,0.9920000000000186,53581.0,83.33333333333333,concrete,concrete,0.50581545,0.23349136,0.50581545,0.26069322
left,190,196.864,0.9759999999999991,21770.0,234.375,concrete,concrete,0.8967004,0.080876656,0.8967004,0.022422962
left,191,197.856,1.0560000000000116,18229.0,74.21875,grass,concrete,0.47445127,0.054493345,0.4710554,0.47445127
left,192,198.928,0.9919999999999902,18147.0,62.5,concrete,concrete,0.8400117,0.054647166,0.8400117,0.10534113
left,193,199.936,1.0079999999999814,13333.0,75.0,grass,concrete,0.5762153,0.0646891,0.35909563,0.5762153
left,194,200.96,1.024000000000001,19210.0,0.0,concrete,concrete,0.88655996,0.074096896,0.88655996,0.039343204
left,195,202.0,0.8959999999999866,50279.0,3151.785714285714,concrete,concrete,0.8868118,0.10696959,0.8868118,0.0062186485
left,196,202.912,1.0879999999999939,49849.0,2696.9246031746034,concrete,concrete,0.8650804,0.10797332,0.8650804,0.026946222
left,197,204.016,0.9440000000000168,18645.0,2168.75,concrete,concrete,0.9358534,0.05335338,0.9358534,0.0107932715
left,198,204.976,1.0879999999999939,18832.0,62.5,concrete,concrete,0.8655637,0.06683919,0.8655637,0.067597084
left,199,206.08,1.0079999999999814,18765.0,93.75,concrete,concrete,0.8600515,0.05613797,0.8600515,0.083810546
left,200,207.104,0.9919999999999902,16640.0,0.0,grass,concrete,0.53849983,0.08969078,0.3718094,0.53849983
left,201,208.112,0.9920000000000186,17453.0,0.0,concrete,concrete,0.63265437,0.08246569,0.63265437,0.2848799
left,202,209.12,1.1839999999999975,15161.0,145.83333333333334,grass,concrete,0.67779726,0.02149439,0.30070838,0.67779726
left,203,210.32,0.9920000000000186,17970.0,125.0,concrete,concrete,0.8784447,0.039019622,0.8784447,0.0825357
left,204,211.328,0.8799999999999955,22014.0,0.0,concrete,concrete,0.96169555,0.031805094,0.96169555,0.006499371
left,205,212.224,0.9759999999999991,24417.0,138.02083333333331,concrete,concrete,0.9167673,0.078443386,0.9167673,0.0047892705
left,206,213.216,1.1200000000000045,39224.0,0.0,grass,concrete,0.49532983,0.073242016,0.43142813,0.49532983
left,207,214.352,0.9759999999999991,20334.0,1554.6875,concrete,concrete,0.82984227,0.09063726,0.82984227,0.07952054
left,208,215.344,1.039999999999992,18827.0,87.5,concrete,grass,0.5238166,0.057041302,0.5238166,0.41914207
left,209,216.4,0.9919999999999902,44981.0,2395.8333333333335,grass,grass,0.8406588,0.0636734,0.09566785,0.8406588
left,210,217.408,1.1040000000000134,50686.0,2263.888888888889,grass,grass,0.8453803,0.052093767,0.10252595,0.8453803
left,211,218.528,1.1040000000000134,16568.0,1289.1865079365082,grass,grass,0.98150015,0.0038370357,0.014662783,0.98150015
left,212,219.648,1.0720000000000027,53696.0,2220.0520833333335,grass,grass,0.60486495,0.15152512,0.24360988,0.60486495
left,213,220.736,1.0400000000000205,17697.0,320.3125,concrete,concrete,0.5225734,0.10056666,0.5225734,0.3768599
left,214,221.792,0.9759999999999991,15367.0,0.0,concrete,concrete,0.94452083,0.032364756,0.94452083,0.02311436
left,215,222.784,0.960000000000008,13749.0,0.0,concrete,concrete,0.78364545,0.14568213,0.78364545,0.070672445
left,216,223.76,1.0080000000000098,18779.0,184.375,concrete,concrete,0.9317768,0.047698803,0.9317768,0.020524323
left,217,224.784,1.1040000000000134,49724.0,0.0,concrete,concrete,0.7144381,0.18385622,0.7144381,0.10170571
left,218,225.904,0.9279999999999973,15529.0,92.1875,concrete,concrete,0.81174505,0.061118938,0.81174505,0.12713607
left,219,226.848,1.103999999999985,22301.0,0.0,concrete,concrete,0.88552636,0.08510109,0.88552636,0.029372582
left,220,227.968,0.896000000000015,18875.0,109.375,concrete,concrete,0.9528687,0.034343794,0.9528687,0.012787543
left,221,228.88,1.0720000000000027,20713.0,100.0,concrete,concrete,0.81646246,0.15431674,0.81646246,0.02922078
left,222,229.968,0.9759999999999991,20914.0,100.44642857142857,concrete,concrete,0.8590803,0.12577954,0.8590803,0.015140172
left,223,230.96,0.9599999999999795,48456.0,2437.5,concrete,concrete,0.79841906,0.1675379,0.79841906,0.034043092
left,224,231.936,1.0559999999999832,48528.0,1511.71875,concrete,concrete,0.76925033,0.16789702,0.76925033,0.062852666
left,225,233.008,0.9919999999999902,20421.0,152.34375,concrete,concrete,0.9157288,0.068303786,0.9157288,0.015967418
left,226,234.016,1.024000000000001,23833.0,1204.861111111111,concrete,concrete,0.7301285,0.21724652,0.7301285,0.052624956
left,227,235.056,1.0079999999999814,17587.0,109.375,concrete,concrete,0.7390087,0.13215487,0.7390087,0.12883638
left,228,236.08,0.9119999999999777,51830.0,3008.9285714285716,concrete,concrete,0.82386774,0.14257026,0.82386774,0.03356202
left,229,237.008,1.0879999999999939,45120.0,2734.375,concrete,concrete,0.87315285,0.09798267,0.87315285,0.02886452
left,230,238.112,0.9920000000000186,50246.0,1302.0833333333335,concrete,concrete,0.7292311,0.19433205,0.7292311,0.07643683
left,231,239.12,1.0079999999999814,20569.0,187.5,concrete,concrete,0.8583869,0.10919036,0.8583869,0.032422796
left,232,240.144,0.9120000000000061,48274.0,218.75,concrete,concrete,0.84124804,0.13831799,0.84124804,0.020434033
left,233,241.072,1.0879999999999939,23349.0,937.5,concrete,concrete,0.9008818,0.08658686,0.9008818,0.012531312
left,234,242.176,0.9120000000000061,47432.0,3261.160714285714,concrete,concrete,0.82057697,0.15456842,0.82057697,0.02485462
left,235,243.104,0.9919999999999902,19908.0,87.5,concrete,concrete,0.9431481,0.039807394,0.9431481,0.0170445
left,236,244.112,1.0080000000000098,44460.0,1342.4479166666667,concrete,concrete,0.82940257,0.13953584,0.82940257,0.031061629
left,237,245.136,0.9919999999999902,15199.0,0.0,concrete,concrete,0.78003067,0.1375314,0.78003067,0.08243792
left,238,246.144,0.9759999999999991,20842.0,187.5,concrete,concrete,0.8875272,0.10878097,0.8875272,0.0036917876
left,239,247.136,1.0080000000000098,25058.0,109.375,concrete,concrete,0.9106492,0.085088424,0.9106492,0.0042624096
left,240,248.16,1.1200000000000045,22684.0,2291.666666666667,concrete,concrete,0.88707876,0.09355985,0.88707876,0.019361418
left,241,249.296,0.896000000000015,17908.0,87.5,concrete,concrete,0.9174243,0.048478857,0.9174243,0.034096755
left,242,250.208,1.0720000000000027,43838.0,1055.5555555555557,concrete,concrete,0.89195687,0.086669415,0.89195687,0.021373743
left,243,251.296,0.9120000000000061,55295.0,0.0,concrete,concrete,0.75400394,0.21127856,0.75400394,0.034717552
left,244,252.224,1.0080000000000098,19334.0,104.16666666666667,concrete,concrete,0.9687627,0.028642952,0.9687627,0.0025943376
left,245,253.248,1.0720000000000027,16664.0,260.4166666666667,concrete,concrete,0.8601755,0.088044845,0.8601755,0.051779628
left,246,254.336,0.9759999999999991,10495.0,0.0,concrete,concrete,0.44489655,0.15658438,0.44489655,0.398519
left,247,255.328,1.167999999999978,21464.0,375.0,concrete,concrete,0.88091,0.07570743,0.88091,0.04338255
left,248,256.512,1.0400000000000205,19124.0,187.5,concrete,concrete,0.9384717,0.04956871,0.9384717,0.011959604
left,249,257.568,1.0080000000000382,21043.0,0.0,concrete,concrete,0.9336159,0.06208091,0.9336159,0.004303195
left,250,258.592,1.1040000000000418,21148.0,0.0,concrete,concrete,0.8534933,0.12715185,0.8534933,0.019354941
left,251,259.712,0.9920000000000186,16109.0,106.25,concrete,concrete,0.7440828,0.07091384,0.7440828,0.18500334
left,252,260.72,1.0559999999999832,17894.0,125.0,concrete,concrete,0.56807303,0.11191496,0.56807303,0.32001206
left,253,261.792,1.0720000000000027,53629.0,2340.277777777778,concrete,concrete,0.7011427,0.19182345,0.7011427,0.10703385
left,254,262.88,0.8319999999999936,17406.0,145.83333333333334,concrete,concrete,0.96064174,0.028628552,0.96064174,0.010729751
left,255,263.728,0.9920000000000186,47642.0,187.5,concrete,concrete,0.8515427,0.12652852,0.8515427,0.021928774
left,256,264.736,0.9920000000000186,16080.0,93.75,concrete,concrete,0.9123593,0.057052113,0.9123593,0.030588593
left,257,265.744,1.0879999999999654,17391.0,0.0,concrete,concrete,0.8392995,0.06588824,0.8392995,0.094812244
left,258,266.848,0.9919999999999618,18123.0,1335.0694444444446,concrete,concrete,0.81291,0.109146714,0.81291,0.07794328
left,259,267.856,0.9920000000000186,17520.0,187.5,concrete,concrete,0.67239654,0.1123832,0.67239654,0.21522023
left,260,268.864,1.0400000000000205,16850.0,0.0,concrete,concrete,0.62075996,0.122138724,0.62075996,0.2571013
left,261,269.92,0.94399999999996,20267.0,0.0,concrete,concrete,0.8883471,0.097129636,0.8883471,0.0145232845
left,262,270.88,1.0079999999999814,17865.0,260.41666666666663,concrete,concrete,0.75056183,0.122678936,0.75056183,0.12675923
left,263,271.904,1.0079999999999814,20311.0,218.75,concrete,concrete,0.8820737,0.095030256,0.8820737,0.022896057
left,264,272.928,0.9920000000000186,50466.0,125.0,concrete,concrete,0.86946034,0.11077512,0.86946034,0.019764503
left,265,273.936,1.0080000000000382,14955.0,0.0,concrete,concrete,0.52301717,0.109833084,0.52301717,0.36714977
left,266,274.96,0.9120000000000346,14496.0,109.375,concrete,concrete,0.83165866,0.07742993,0.83165866,0.09091144
left,267,275.888,1.1200000000000045,14204.0,117.1875,grass,concrete,0.68424726,0.06441083,0.25134188,0.68424726
left,268,277.024,0.9279999999999973,47929.0,218.75,concrete,concrete,0.58087915,0.1918055,0.58087915,0.22731535
left,269,277.968,1.0720000000000027,50385.0,125.0,concrete,grass,0.870585,0.09275638,0.870585,0.03665864
left,270,279.056,0.9759999999999991,11797.0,125.0,grass,concrete,0.8029212,0.037085596,0.15999323,0.8029212
left,271,280.048,1.0079999999999814,35233.0,0.0,grass,grass,0.5618255,0.09872269,0.33945182,0.5618255
left,272,281.072,1.0079999999999814,37827.0,1840.2777777777778,concrete,grass,0.7278548,0.1952893,0.7278548,0.07685593
left,273,282.096,1.1519999999999868,11208.0,218.75,grass,concrete,0.65821034,0.03173399,0.31005573,0.65821034
left,274,283.264,1.0720000000000027,35754.0,1395.8333333333335,concrete,concrete,0.8149246,0.05426236,0.8149246,0.13081306
left,275,284.352,1.024000000000001,15573.0,0.0,concrete,concrete,0.48073894,0.05901148,0.48073894,0.4602496
left,276,285.392,0.9279999999999973,40545.0,2734.375,concrete,concrete,0.80709684,0.15008736,0.80709684,0.042815827
left,277,286.336,1.0079999999999814,45513.0,4268.75,concrete,concrete,0.742385,0.12492446,0.742385,0.13269049
left,278,287.36,1.103999999999985,50337.0,2991.0714285714284,concrete,concrete,0.6254146,0.0612389,0.6254146,0.3133465
left,279,288.48,1.024000000000001,47216.0,276.0416666666667,concrete,concrete,0.8518589,0.068951525,0.8518589,0.07918963
left,280,289.52,1.0400000000000205,16630.0,164.0625,concrete,concrete,0.65972406,0.10230753,0.65972406,0.23796839
left,281,290.576,1.0079999999999814,44603.0,0.0,concrete,concrete,0.78014857,0.15191789,0.78014857,0.06793352
left,282,291.6,1.0399999999999636,52069.0,2312.5,concrete,concrete,0.5102106,0.15141065,0.5102106,0.33837873
left,283,292.656,0.9759999999999991,46044.0,2243.0555555555557,concrete,concrete,0.50955415,0.16969416,0.50955415,0.32075167
left,284,293.648,0.94399999999996,17396.0,0.0,concrete,concrete,0.7924429,0.14025097,0.7924429,0.067306176
left,285,294.608,1.0079999999999814,16568.0,2773.4375,concrete,concrete,0.74005514,0.10477846,0.74005514,0.1551664
left,286,295.632,1.103999999999985,50184.0,1187.5,concrete,concrete,0.6833747,0.20639063,0.6833747,0.110234715
left,287,296.752,1.024000000000001,50916.0,2488.715277777778,concrete,concrete,0.51070887,0.26503858,0.51070887,0.22425257
left,288,297.792,1.024000000000001,45484.0,2395.8333333333335,concrete,concrete,0.7671861,0.145804,0.7671861,0.08700984
left,289,298.832,0.9440000000000168,18554.0,343.75,concrete,concrete,0.87222487,0.11123439,0.87222487,0.016540715
left,290,299.792,1.1040000000000418,20229.0,126.48809523809524,concrete,concrete,0.85858923,0.09983983,0.85858923,0.041570995
left,291,300.912,0.9120000000000346,49193.0,2689.732142857143,concrete,concrete,0.77887285,0.16776241,0.77887285,0.053364728
left,292,301.84,1.1200000000000045,44110.0,2363.715277777778,concrete,concrete,0.5496691,0.111682594,0.5496691,0.3386483
left,293,302.976,0.9440000000000168,46006.0,125.0,grass,concrete,0.44873208,0.12570775,0.4255602,0.44873208
left,294,303.936,1.0080000000000382,46159.0,1386.71875,concrete,concrete,0.6884226,0.06162669,0.6884226,0.24995069
left,295,304.96,0.9600000000000364,46805.0,2180.5555555555557,concrete,concrete,0.4066919,0.25105438,0.4066919,0.3422537
left,296,305.936,1.1680000000000064,17018.0,0.0,concrete,concrete,0.55773056,0.023658073,0.55773056,0.4186114
left,297,307.12,0.9599999999999795,13089.0,276.0416666666667,concrete,concrete,0.9272595,0.029157668,0.9272595,0.043582797
left,298,308.096,1.2160000000000082,13984.0,187.5,concrete,concrete,0.6344413,0.0420766,0.6344413,0.3234821
