user,surface,zone,value
Catherine,grass,1,179.43313069908814
Catherine,grass,2,102.0808510638298
Catherine,grass,3,130.07507598784196
Catherine,grass,4,265.5920972644377
Catherine,grass,5,134.61458966565348
Catherine,grass,6,252.88480243161095
Catherine,grass,7,376.4838905775076
Catherine,grass,8,235.12158054711247
Catherine,grass,9,201.30395136778114
Catherine,grass,10,226.69908814589667
Catherine,grass,11,187.23677811550152
Catherine,grass,12,130.51155015197568
Catherine,loose,1,172.92610837438426
Catherine,loose,2,88.99507389162562
Catherine,loose,3,118.02955665024629
Catherine,loose,4,270.00985221674875
Catherine,loose,5,122.95566502463055
Catherine,loose,6,247.07881773399015
Catherine,loose,7,371.2167487684729
Catherine,loose,8,228.52709359605913
Catherine,loose,9,191.7142857142857
Catherine,loose,10,236.85714285714286
Catherine,loose,11,195.54187192118226
Catherine,loose,12,128.74384236453201
Catherine,paved,1,167.734295845998
Catherine,paved,2,92.0824045930429
Catherine,paved,3,118.00591016548464
Catherine,paved,4,265.330040526849
Catherine,paved,5,130.11271529888552
Catherine,paved,6,246.5146065518406
Catherine,paved,7,368.73480243161094
Catherine,paved,8,234.02347180006754
Catherine,paved,9,197.21377912867274
Catherine,paved,10,222.37352245862886
Catherine,paved,11,191.47441742654507
Catherine,paved,12,129.56079027355622
Kristian,grass,1,63.10994000324307
Kristian,grass,2,91.8743311172369
Kristian,grass,3,42.67569320577267
Kristian,grass,4,108.48386573698718
Kristian,grass,5,80.05626722879845
Kristian,grass,6,115.77703907896871
Kristian,grass,7,153.98540619425978
Kristian,grass,8,98.86719636776391
Kristian,grass,9,120.64083022539323
Kristian,grass,10,74.54418680071346
Kristian,grass,11,67.65120804280849
Kristian,grass,12,48.78466028863305
Kristian,loose,1,75.10898050495365
Kristian,loose,2,93.95717481623522
Kristian,loose,3,56.31575583253436
Kristian,loose,4,112.14285714285715
Kristian,loose,5,81.9424736337488
Kristian,loose,6,116.15915627996165
Kristian,loose,7,179.85842122083733
Kristian,loose,8,116.62703739213806
Kristian,loose,9,131.24384787472036
Kristian,loose,10,87.0575263662512
Kristian,loose,11,75.4209012464046
Kristian,loose,12,49.77820389900926
Kristian,paved,1,74.33526620980496
Kristian,paved,2,100.56940783693551
Kristian,paved,3,52.22315937445089
Kristian,paved,4,114.05104551045511
Kristian,paved,5,85.95712528553857
Kristian,paved,6,115.12133192760498
Kristian,paved,7,176.1342470567563
Kristian,paved,8,117.5392725355825
Kristian,paved,9,129.01818661043754
Kristian,paved,10,87.2206114918292
Kristian,paved,11,78.95519240906695
Kristian,paved,12,49.09725882973115
Sam,grass,1,312.33865648324945
Sam,grass,2,249.6188161777469
Sam,grass,3,196.57212289533066
Sam,grass,4,238.07082103801423
Sam,grass,5,169.88804027078632
Sam,grass,6,224.74049644159
Sam,grass,7,265.698837007464
Sam,grass,8,196.7618469015796
Sam,grass,9,196.7052595035584
Sam,grass,10,196.83457733032458
Sam,grass,11,250.89515709078285
Sam,grass,12,151.81010241277556
Sam,loose,1,316.96665763079426
Sam,loose,2,256.2428842504744
Sam,loose,3,203.37571157495256
Sam,loose,4,242.24152886961235
Sam,loose,5,172.45296828408783
Sam,loose,6,230.06343182434262
Sam,loose,7,272.80292762266197
Sam,loose,8,202.13228517213338
Sam,loose,9,203.0121984277582
Sam,loose,10,209.585795608566
Sam,loose,11,260.08566007047983
Sam,loose,12,163.27243155326647
Sam,paved,1,293.3935166187936
Sam,paved,2,246.72665455184946
Sam,paved,3,203.35611700568614
Sam,paved,4,234.88909080250895
Sam,paved,5,177.52787384958086
Sam,paved,6,227.81399847587784
Sam,paved,7,256.2002462043496
Sam,paved,8,186.97614162612112
Sam,paved,9,195.1493053520136
Sam,paved,10,216.3480860542822
Sam,paved,11,258.60595580045725
Sam,paved,12,172.21783222932177
Samantha,grass,1,155.3402889245586
Samantha,grass,2,90.25361155698234
Samantha,grass,3,112.59390048154093
Samantha,grass,4,176.86035313001605
Samantha,grass,5,87.26003210272873
Samantha,grass,6,225.07062600321026
Samantha,grass,7,252.21990369181378
Samantha,grass,8,204.7191011235955
Samantha,grass,9,169.3900481540931
Samantha,grass,10,167.1685393258427
Samantha,grass,11,168.80417335473516
Samantha,grass,12,176.31460674157304
Samantha,paved,1,157.64331797235022
Samantha,paved,2,98.43870967741935
Samantha,paved,3,109.25806451612904
Samantha,paved,4,185.23502304147465
Samantha,paved,5,94.29800307219662
Samantha,paved,6,231.76620583717357
Samantha,paved,7,261.37941628264207
Samantha,paved,8,206.16282642089095
Samantha,paved,9,177.2021505376344
Samantha,paved,10,157.35729646697388
Samantha,paved,11,159.18955453149002
Samantha,paved,12,173.24208909370202
