sensor,documented_area_norm,grass,loose,paved,mean,max-min
1,0.0804,177.55550402753482,188.3339155033774,173.2765991617367,179.72200623088295,15.0573163416407
2,0.0637,133.456902478949,146.3983776527784,134.4542941648118,138.10319143217973,12.941475173829417
3,0.0931,120.47919814262156,125.9070080192444,120.71081276543768,122.3656729757679,5.427809876622845
4,0.075,197.2517842923638,208.13141274307273,199.87629997032192,201.75316566858615,10.879628450708935
5,0.0762,117.95473231699174,125.78370231415573,121.97392937655039,121.90412133589928,7.828969997163995
6,0.0724,204.61824098884497,197.76713527943147,205.30403569812427,202.56313732213357,7.536900418692795
7,0.149,262.0970093677613,274.6260325373241,265.61217799383974,267.4450732996417,12.529023169562777
8,0.0574,183.86743123501287,182.42880538677687,186.17542809566552,184.1572215724851,3.7466227088886512
9,0.0526,172.0100223127065,175.32344400558807,174.64585540718957,173.99310724182806,3.313421692881576
10,0.0897,166.31159790069435,177.83348827732001,170.8248791179285,171.65665509864763,11.521890376625663
11,0.0657,168.646829150957,177.01614441268893,172.05628004188983,172.5730845351786,8.369315261731941
12,0.1249,126.85522989873934,113.9314926056026,131.02949260657778,123.93873837030657,17.098000000975176
