foot,step_id,contact_time_sec,peak_time_sec,walk_time_s,contact_pressure,peak_pressure,pressure_rise,time_to_peak_sec,loading_rate,n_sensors,contact_timestamp,lat,lon
left,1,4.16,4.208,0.608,142.5,203.0,60.5,0.04800000000000004,931.2499999999991,2,1777057751104,42.336983447894454,-71.0906058177352
left,2,5.32,5.376,1.768,143.5,200.5,57.0,0.05600000000000005,768.7499999999993,2,1777057752264,42.33698948286474,-71.09060657210648
left,3,6.456,6.552,2.904,139.0,207.5,68.5,0.0959999999999992,531.2500000000039,2,1777057753400,42.336997697129846,-71.0906142834574
left,4,7.632,7.68,4.08,157.5,223.5,66.0,0.04800000000000004,1099.999999999999,2,1777057754576,42.33700222335756,-71.090650241822
left,5,8.944,9.048,5.392,144.5,202.5,58.0,0.1039999999999992,708.5937499999998,2,1777057755888,42.337009347975254,-71.0906639881432
left,6,10.224,10.288,6.672,149.0,203.5,54.5,0.06400000000000006,630.2083333333327,2,1777057757168,42.337013958022,-71.0906763933599
left,7,11.608,11.672,8.056,143.5,210.0,66.5,0.06400000000000006,880.2083333333326,2,1777057758552,42.337026530876756,-71.0907036345452
left,8,12.624,12.672,9.072,150.0,216.5,66.5,0.04800000000000004,1331.2499999999986,2,1777057759568,42.33702829107642,-71.09071796759963
left,9,13.776,13.832,10.224,148.0,205.0,57.0,0.05600000000000005,778.1249999999993,2,1777057760720,42.33703097328544,-71.09073355793953
left,10,16.072,16.184,12.52,148.5,371.0,222.5,0.1120000000000001,1962.4999999999982,2,1777057763016,42.33703734353185,-71.09078108333051
left,11,16.968,17.024,13.416,141.5,210.5,69.0,0.05600000000000094,1059.3749999999827,2,1777057763912,42.3370364215225,-71.09080337919295
left,12,18.064,18.104,14.512,155.5,217.0,61.5,0.03999999999999915,1078.1250000000164,2,1777057765008,42.33703809790313,-71.0908228252083
left,13,19.136000000000003,19.168,15.584,162.5,226.5,64.0,0.03199999999999825,1729.166666666773,2,1777057766080,42.33704237267375,-71.09084093011916
left,14,20.256,20.296,16.704,151.0,209.5,58.5,0.03999999999999915,1031.2500000000164,2,1777057767200,42.33704539015889,-71.09085367061198
left,15,21.312,21.36,17.76,145.5,203.5,58.0,0.047999999999998266,925.000000000042,2,1777057768256,42.33705058693886,-71.0908648185432
left,16,22.456,22.576,18.904,159.5,225.5,66.0,0.11999999999999922,443.750000000001,2,1777057769400,42.33705259859562,-71.09087638556957
left,17,23.52,23.568,19.968,154.0,210.5,56.5,0.04800000000000182,956.2499999999502,2,1777057770464,42.337058885023,-71.0908872820437
left,18,24.631999999999998,24.672,21.08,151.0,205.5,54.5,0.040000000000000924,1015.6249999999749,2,1777057771576,42.33707229606807,-71.09090832062066
left,19,25.728,25.768,22.176,141.0,213.5,72.5,0.040000000000000924,1723.9583333332916,2,1777057772672,42.33707891777158,-71.09092273749411
left,20,26.832,26.92,23.28,154.0,226.0,72.0,0.08799999999999919,634.114583333337,2,1777057773776,42.33708629384637,-71.09093732200563
left,21,27.896,28.008000000000003,24.344,145.5,217.0,71.5,0.1120000000000001,865.9722222222034,2,1777057774840,42.337094927206635,-71.09095425345004
left,22,28.984,29.032,25.432,143.5,210.5,67.0,0.04800000000000004,962.4999999999997,2,1777057775928,42.337103141471744,-71.09097495675087
left,23,30.072,30.104,26.52,164.0,176.5,12.5,0.03200000000000003,406.24999999998226,2,1777057777016,42.33710783533752,-71.09099448658526
left,24,31.144,31.2,27.592,146.0,204.5,58.5,0.05599999999999916,806.2500000000144,2,1777057778088,42.33711403794587,-71.09101317822933
left,25,34.384,34.432,30.832,153.0,221.0,68.0,0.04800000000000537,1274.9999999997722,2,1777057781328,42.33713272958994,-71.0910630505532
left,26,35.488,35.608000000000004,31.936,160.5,228.5,68.0,0.120000000000001,746.8749999999587,2,1777057782432,42.33714245259762,-71.09107646159828
left,27,36.584,36.632000000000005,33.032,156.0,218.5,62.5,0.04800000000000182,981.2499999999321,2,1777057783528,42.337162820622325,-71.09109682962298
left,28,37.696,37.751999999999995,34.144,153.5,216.0,62.5,0.055999999999997385,1002.6041666666773,2,1777057784640,42.33714781701565,-71.09112574718893
left,29,38.8,38.848,35.248,151.0,212.0,61.0,0.047999999999998266,962.5000000000427,2,1777057785744,42.33715779148042,-71.09113186597824
left,30,39.928,39.992,36.376,152.5,217.0,64.5,0.0639999999999965,1007.8125000000034,2,1777057786872,42.337158378213644,-71.09114963561296
left,31,41.232,41.336,37.68,143.0,242.5,99.5,0.10400000000000276,971.7261904761618,2,1777057788176,42.337172040715814,-71.09115969389677
left,32,42.088,42.176,38.536,147.5,209.5,62.0,0.08799999999999741,491.31944444445776,2,1777057789032,42.3371812608093,-71.09116765670478
left,33,43.367999999999995,43.416,39.816,150.0,228.5,78.5,0.04800000000000182,1562.499999999924,2,1777057790312,42.33718788251281,-71.09117369167507
left,34,44.495999999999995,44.6,40.944,140.0,353.0,213.0,0.10400000000000276,1971.0937499999436,2,1777057791440,42.337194085121155,-71.09118073247373
left,35,45.448,45.519999999999996,41.896,144.5,217.5,73.0,0.07199999999999918,816.4062500000305,2,1777057792392,42.33719986863434,-71.09118827618659
left,36,46.544,46.64,42.992,153.5,235.0,81.5,0.09599999999999653,848.958333333364,2,1777057793488,42.33721227385104,-71.0911941435188
left,37,47.672,47.775999999999996,44.12,144.0,209.5,65.5,0.1039999999999992,489.583333333337,2,1777057794616,42.337219063192606,-71.09121887013316
left,38,50.152,50.272,46.6,146.5,378.0,231.5,0.120000000000001,1815.624999999991,2,1777057797096,42.337225349619985,-71.09122389927506
left,39,51.096000000000004,51.144,47.544,152.5,211.0,58.5,0.047999999999998266,976.562500000013,2,1777057798040,42.337228031829,-71.09122247435153
left,40,52.2,52.24,48.648,153.0,221.0,68.0,0.0400000000000027,1179.6874999999468,2,1777057799144,42.33723163604736,-71.09121937304735
left,41,53.29600000000001,53.384,49.744,147.5,210.5,63.0,0.08799999999999741,940.8482142857162,2,1777057800240,42.33723398298025,-71.09121979214251
left,42,55.68,55.816,52.128,145.5,382.5,237.0,0.13599999999999923,1947.321428571411,2,1777057802624,42.33725594356656,-71.09119825065136
left,43,57.824,57.88,54.272,150.5,209.0,58.5,0.05600000000000449,787.4999999999427,2,1777057804768,42.337272791191936,-71.09119665808976
left,44,58.8,58.864000000000004,55.248,149.0,209.5,60.5,0.06400000000000006,945.3124999999991,2,1777057805744,42.33728377148509,-71.09119489789009
left,45,59.872,59.952,56.32,143.5,210.5,67.0,0.0799999999999983,726.5625000000231,2,1777057806816,42.33730338513851,-71.09119162894785
left,46,60.984,61.024,57.432,147.5,209.0,61.5,0.03999999999999915,1125.0000000000232,2,1777057807928,42.33732341788709,-71.09118425287306
left,47,62.111999999999995,62.192,58.56,138.5,212.0,73.5,0.08000000000000185,789.0624999999727,2,1777057809056,42.337339678779244,-71.09117629006505
left,48,63.16,63.216,59.608,137.5,206.5,69.0,0.05600000000000094,937.5000000000033,2,1777057810104,42.33735468238592,-71.09116254374385
left,49,64.288,64.352,60.736,148.5,209.0,60.5,0.06400000000000716,723.9583333332642,2,1777057811232,42.3373749665916,-71.09115273691714
left,50,65.576,65.672,62.024,154.0,360.0,206.0,0.09599999999999653,2050.781250000096,2,1777057812520,42.33740656636655,-71.09111367724836
left,51,66.68,66.816,63.128,150.0,302.5,152.5,0.13600000000000279,1141.9270833333176,2,1777057813624,42.3374214861542,-71.09108668752015
left,52,67.672,67.728,64.12,146.0,212.0,66.0,0.055999999999997385,890.6250000000286,2,1777057814616,42.3374436981976,-71.09105517156422
left,53,68.776,68.848,65.224,142.5,208.0,65.5,0.07200000000000273,832.8125000000084,2,1777057815720,42.33746155165136,-71.09105743467808
left,54,69.88,69.944,66.328,148.5,210.0,61.5,0.06400000000000716,734.3749999999305,2,1777057816824,42.33747764490545,-71.09105282463133
left,55,71.176,71.28,67.624,153.0,361.0,208.0,0.1039999999999992,1960.9374999999586,2,1777057818120,42.33749323524535,-71.0910408385098
left,56,72.256,72.416,68.704,150.0,348.0,198.0,0.1600000000000108,1237.4999999999163,2,1777057819200,42.33751008287072,-71.09103069640696
left,57,73.19200000000001,73.29599999999999,69.64,146.0,233.0,87.0,0.1039999999999992,908.3333333333219,2,1777057820136,42.337526343762875,-71.0910215601325
left,58,74.312,74.40799999999999,70.76,144.0,229.0,85.0,0.09599999999999653,982.1428571428831,2,1777057821256,42.33754168264568,-71.09100982546806
left,59,75.424,75.50399999999999,71.872,141.0,228.5,87.5,0.0799999999999983,1093.7500000000234,2,1777057822368,42.33755651861429,-71.09100689180195
left,60,76.536,76.592,72.984,141.0,207.0,66.0,0.055999999999997385,890.6250000000286,2,1777057823480,42.33757026493549,-71.09100705944002
left,61,77.672,77.80799999999999,74.12,145.5,215.0,69.5,0.13600000000000279,486.97916666664963,2,1777057824616,42.33759758993983,-71.09101418405771
left,62,78.776,78.848,75.224,138.5,233.0,94.5,0.07200000000000273,1271.8749999999668,2,1777057825720,42.33761938288808,-71.09100957401097
left,63,81.032,81.12,77.48,146.0,226.0,80.0,0.08800000000000097,951.0416666666724,2,1777057827976,42.337666070088744,-71.09101108275354
left,64,82.19200000000001,82.31200000000001,78.64,150.0,211.0,61.0,0.12000000000000455,737.5000000000135,2,1777057829136,42.33768526464701,-71.091014938429
left,65,83.29599999999999,83.344,79.744,155.5,223.0,67.5,0.047999999999994714,1132.8125000001248,2,1777057830240,42.33770169317722,-71.09101787209511
left,66,84.616,84.72,81.064,150.0,213.5,63.5,0.1039999999999992,447.9166666666719,2,1777057831560,42.3377391602844,-71.09104595147073
left,67,85.584,85.672,82.032,145.5,207.5,62.0,0.08799999999999386,931.9196428572424,2,1777057832528,42.337770257145166,-71.09104729257524
left,68,86.72,86.824,83.168,150.5,217.5,67.0,0.1039999999999992,462.50000000000614,2,1777057833664,42.3377891164273,-71.09107562340796
left,69,87.856,87.936,84.304,150.0,218.0,68.0,0.0799999999999983,760.416666666661,2,1777057834800,42.33777486719191,-71.09109984710813
left,70,89.128,89.19200000000001,85.576,147.5,209.5,62.0,0.06400000000000006,808.3333333333456,2,1777057836072,42.33777042478323,-71.09113538637757
left,71,90.104,90.152,86.552,145.0,220.0,75.0,0.04800000000000182,1337.4999999998508,2,1777057837048,42.33776296488941,-71.09115784987807
left,72,92.45599999999999,92.512,88.904,142.5,217.0,74.5,0.05600000000000449,1184.3749999998754,2,1777057839400,42.33777344226837,-71.09117637388408
left,73,93.56800000000001,93.672,90.016,139.0,216.5,77.5,0.1039999999999921,1046.006944444553,2,1777057840512,42.337765730917454,-71.09117075800896
left,74,94.712,94.768,91.16,163.5,223.5,60.0,0.055999999999997385,1003.1250000000589,2,1777057841656,42.337764389812946,-71.09116472303867
left,75,95.88,95.936,92.328,148.5,213.5,65.0,0.056000000000011596,878.1249999998433,2,1777057842824,42.33776229433715,-71.09115944243968
left,76,97.08,97.184,93.528,137.5,228.0,90.5,0.1039999999999992,1016.4062500000175,2,1777057844024,42.3377650603652,-71.09114913269877
left,77,98.216,98.312,94.664,142.5,206.5,64.0,0.09600000000000364,499.99999999998107,2,1777057845160,42.33776816166937,-71.0911446902901
left,78,99.344,99.392,95.792,156.0,213.5,57.5,0.047999999999994714,843.7500000001013,2,1777057846288,42.33777235262096,-71.09114049933851
left,79,100.464,100.59200000000001,96.912,143.0,212.5,69.5,0.12800000000000722,680.2083333333056,2,1777057847408,42.33778199180961,-71.0911407507956
left,80,101.624,101.688,98.072,146.5,212.5,66.0,0.06400000000000716,749.9999999999438,2,1777057848568,42.33780772425234,-71.09114209190011
left,81,102.78399999999999,102.84,99.232,143.0,209.5,66.5,0.055999999999997385,901.0416666667805,2,1777057849728,42.33782649971545,-71.09114066697657
left,82,103.888,103.936,100.336,143.0,210.5,67.5,0.048000000000008924,993.7499999998113,2,1777057850832,42.33784183859825,-71.09113907441497
left,83,105.0,105.056,101.448,150.5,210.5,60.0,0.055999999999997385,834.3750000000302,2,1777057851944,42.337860530242324,-71.09115164726973
left,84,106.104,106.208,102.552,147.5,211.5,64.0,0.1039999999999992,776.5625000000157,2,1777057853048,42.33787938952446,-71.09114846214652
left,85,107.232,107.32,103.68,160.0,226.5,66.5,0.08800000000000097,985.4910714286664,2,1777057854176,42.33790805563331,-71.09113505110145
left,86,108.29599999999999,108.368,104.744,157.5,230.5,73.0,0.07199999999999562,953.1250000000384,2,1777057855240,42.33793546445668,-71.09113505110145
left,87,109.424,109.568,105.872,154.0,228.5,74.5,0.14399999999999835,564.843750000001,2,1777057856368,42.33795457519591,-71.09113119542599
left,88,110.576,110.72,107.024,146.0,220.0,74.0,0.14399999999999835,475.7812500000087,2,1777057857520,42.338007129728794,-71.09113438054919
left,89,111.696,111.792,108.144,139.5,220.0,80.5,0.09599999999999653,607.6388888889186,2,1777057858640,42.3380293417722,-71.09113781712949
left,90,112.864,112.92,109.312,134.0,206.0,72.0,0.055999999999997385,1003.1250000000366,2,1777057859808,42.338052140548825,-71.09114686958492
left,91,114.152,114.256,110.6,150.5,342.5,192.0,0.1039999999999992,1743.750000000013,2,1777057861096,42.33807527460158,-71.09114527702332
left,92,115.072,115.128,111.52,146.0,209.0,63.0,0.055999999999997385,890.6250000000343,2,1777057862016,42.33809773810208,-71.0911494679749
left,93,116.2,116.24,112.648,143.0,209.5,66.5,0.03999999999999204,1203.1250000002296,2,1777057863144,42.33810377307236,-71.09114519320428
left,94,117.328,117.416,113.776,149.0,215.0,66.0,0.08800000000000097,817.7083333333485,2,1777057864272,42.33811383135617,-71.09114569611847
left,95,118.392,118.45599999999999,114.84,139.5,208.0,68.5,0.06400000000000006,776.0416666666512,2,1777057865336,42.33812749385834,-71.09115223400295
left,96,119.488,119.608,115.936,145.5,212.5,67.0,0.12000000000000455,809.3750000000147,2,1777057866432,42.338149789720774,-71.09115784987807
left,97,120.6,120.688,117.048,143.5,225.0,81.5,0.08800000000000807,1578.124999999577,2,1777057867544,42.338194381445646,-71.09117989428341
left,98,121.72,121.792,118.168,147.0,227.0,80.0,0.07200000000000273,1079.68749999997,2,1777057868664,42.33821994625032,-71.09119003638625
left,99,122.896,122.99199999999999,119.344,140.5,217.5,77.0,0.09599999999999653,556.2500000000201,2,1777057869840,42.338244672864676,-71.09119766391814
left,100,124.16,124.27199999999999,120.608,152.0,310.0,158.0,0.11200000000000188,1498.43750000005,2,1777057871104,42.338265627622604,-71.09120755456388
left,101,125.168,125.22399999999999,121.616,160.5,218.0,57.5,0.055999999999997385,919.2708333334223,2,1777057872112,42.3382867500186,-71.09122046269476
left,102,126.29599999999999,126.352,122.744,137.0,201.5,64.5,0.05600000000000449,871.8749999999798,2,1777057873240,42.338311057537794,-71.09123169444501
left,103,127.432,127.488,123.88,143.5,210.5,67.0,0.055999999999997385,950.000000000037,2,1777057874376,42.33832689933479,-71.09123513102531
left,104,128.552,128.60000000000002,125.0,140.5,223.5,83.0,0.04800000000001603,1624.9999999994573,2,1777057875496,42.33833561651409,-71.0912414174527
left,105,129.704,129.816,126.152,154.5,234.0,79.5,0.11200000000000898,1017.1874999997136,2,1777057876648,42.33837543055415,-71.09125013463199
left,106,130.8,130.848,127.248,145.5,206.5,61.0,0.04800000000001603,937.4999999996203,2,1777057877744,42.338400995358825,-71.09124795533717
left,107,131.95999999999998,132.04000000000002,128.408,145.5,212.0,66.5,0.0800000000000125,716.1458333332853,2,1777057878904,42.338414657860994,-71.09125616960227
left,108,133.064,133.176,129.512,149.5,222.5,73.0,0.11199999999999477,517.18750000002,2,1777057880008,42.33843888156116,-71.0912720952183
left,109,134.216,134.336,130.664,150.0,218.0,68.0,0.12000000000000455,456.24999999999864,2,1777057881160,42.3384453356266,-71.09128039330244
left,110,135.296,135.416,131.744,161.0,247.5,86.5,0.12000000000000455,896.8749999998925,2,1777057882240,42.33844466507435,-71.09128617681563
left,111,136.45600000000002,136.512,132.904,145.5,213.5,68.0,0.055999999999997385,838.5416666667275,2,1777057883400,42.338450867682695,-71.09129648655653
left,112,137.576,137.672,134.024,142.5,224.0,81.5,0.09600000000000364,696.8749999999316,2,1777057884520,42.338474756106734,-71.09130864031613
left,113,138.688,138.824,135.136,144.5,215.5,71.0,0.13599999999999568,458.4821428571539,2,1777057885632,42.33848766423762,-71.09131635166705
left,114,142.01600000000002,142.064,138.464,149.0,213.5,64.5,0.04799999999998761,981.2500000002728,2,1777057888960,42.33851817436516,-71.09135088510811
left,115,143.152,143.264,139.6,143.0,214.5,71.5,0.11199999999999477,863.1944444446071,2,1777057890096,42.33852747827768,-71.09135373495519
left,116,144.24,144.344,140.688,151.5,233.0,81.5,0.10400000000001342,910.9374999998656,2,1777057891184,42.33854005113244,-71.09136119484901
left,117,145.38400000000001,145.488,141.832,153.0,218.0,65.0,0.1039999999999992,524.218749999955,2,1777057892328,42.33855572529137,-71.09137485735118
left,118,146.49599999999998,146.544,142.944,145.5,211.0,65.5,0.04800000000001603,1118.7499999994254,2,1777057893440,42.338573494926095,-71.09138139523566
left,119,147.816,147.928,144.264,134.5,354.0,219.5,0.11199999999999477,2000.0000000001355,2,1777057894760,42.33859905973077,-71.09139371663332
left,120,148.744,148.776,145.192,151.5,185.5,34.0,0.031999999999996476,1750.000000000859,2,1777057895688,42.33861045911908,-71.09138793312013
left,121,151.024,151.096,147.472,148.0,211.5,63.5,0.07200000000000273,806.2499999998906,2,1777057897968,42.338640885427594,-71.09136773273349
left,122,152.128,152.192,148.576,150.5,217.0,66.5,0.06399999999999295,880.2083333334665,2,1777057899072,42.33865044079721,-71.09137519262731
left,123,153.256,153.36,149.704,140.0,211.0,71.0,0.1039999999999992,730.6547619047387,2,1777057900200,42.33866007998586,-71.09137745574117
left,124,154.36,154.44,150.808,141.5,230.5,89.0,0.0799999999999983,1304.6874999997829,2,1777057901304,42.338670222088695,-71.09138525091112
left,125,155.528,155.57600000000002,151.976,151.5,240.5,89.0,0.04800000000001603,1820.312499999392,2,1777057902472,42.33867206610739,-71.09139522537589
left,126,156.648,156.8,153.096,142.5,213.0,70.5,0.15200000000000102,444.7916666666737,2,1777057903592,42.33868799172342,-71.09141659922898
left,127,157.792,157.89600000000002,154.24,137.0,207.0,70.0,0.1039999999999992,525.1736111111016,2,1777057904736,42.33870266005397,-71.09142623841763
left,128,158.944,159.024,155.392,136.5,204.5,68.0,0.0800000000000125,849.9999999998671,2,1777057905888,42.338716238737106,-71.09143353067338
left,129,160.04,160.096,156.488,148.5,209.0,60.5,0.056000000000011596,821.8749999998521,2,1777057906984,42.338731829077005,-71.09143705107272
left,130,161.176,161.312,157.624,147.0,213.5,66.5,0.1360000000000099,513.8888888888347,2,1777057908120,42.33874297700822,-71.0914486180991
left,131,162.304,162.36,158.752,152.0,221.5,69.5,0.055999999999997385,854.1666666667269,2,1777057909248,42.33873954042792,-71.09145892784
left,132,163.432,163.496,159.88,149.0,212.5,63.5,0.06400000000002137,888.3928571422925,2,1777057910376,42.3387267999351,-71.09146798029542
left,133,164.56,164.72,161.008,149.0,221.0,72.0,0.1599999999999966,450.0000000000096,2,1777057911504,42.33873954042792,-71.09151156619191
left,134,165.68,165.736,162.128,146.0,212.0,66.0,0.056000000000011596,881.2499999998456,2,1777057912624,42.338740630075336,-71.09153059311211
left,135,166.808,166.912,163.256,142.5,225.5,83.0,0.10400000000001342,683.5937499999193,2,1777057913752,42.3387426417321,-71.09155003912747
left,136,167.928,167.99200000000002,164.376,136.5,213.5,77.0,0.06400000000000716,1020.833333333191,2,1777057914872,42.338743479922414,-71.09156621620059
left,137,169.024,169.07999999999998,165.472,137.0,206.5,69.5,0.055999999999997385,958.3333333334635,2,1777057915968,42.33874037861824,-71.0915828961879
left,138,170.144,170.272,166.592,138.5,215.5,77.0,0.12800000000001432,754.1666666666296,2,1777057917088,42.33873836696148,-71.09160024672747
left,139,171.272,171.328,167.72,133.5,225.5,92.0,0.056000000000011596,1299.9999999997524,2,1777057918216,42.33873258344829,-71.09161717817187
left,140,172.392,172.44799999999998,168.84,146.5,211.5,65.0,0.055999999999997385,807.2916666667286,2,1777057919336,42.338736187666655,-71.09163612127304
left,141,173.512,173.57600000000002,169.96,145.5,210.0,64.5,0.06400000000000716,864.5833333332155,2,1777057920456,42.33873291872442,-71.09165565110743
left,142,174.648,174.712,171.096,138.0,205.0,67.0,0.06400000000000716,879.1666666665416,2,1777057921592,42.33872713521123,-71.09168632887304
left,143,175.784,175.904,172.232,143.5,209.5,66.0,0.12000000000000455,440.6249999999994,2,1777057922728,42.338729817420244,-71.09170996583998
left,144,176.952,177.008,173.4,144.5,206.5,62.0,0.056000000000011596,831.2499999998535,2,1777057923896,42.33873057179153,-71.09172413125634
left,145,178.096,178.16,174.544,132.0,203.0,71.0,0.06400000000000716,874.9999999999067,2,1777057925040,42.3387339245528,-71.09174575656652
left,146,180.36,180.4,176.808,139.5,208.5,69.0,0.04000000000000625,1382.8124999996112,2,1777057927304,42.33875487931073,-71.09178045764565
left,147,181.512,181.57600000000002,177.96,145.0,213.0,68.0,0.06400000000000716,1062.499999999666,2,1777057928456,42.338766446337104,-71.09179772436619
left,148,182.61599999999999,182.736,179.064,150.0,255.0,105.0,0.12000000000000455,1018.7500000000983,2,1777057929560,42.338775247335434,-71.09182303771377
left,149,183.752,183.84,180.2,140.0,206.0,66.0,0.08799999999999386,815.6250000001511,2,1777057930696,42.3387838806957,-71.09183016233146
left,150,184.888,184.98399999999998,181.336,139.5,214.0,74.5,0.09599999999998943,628.1250000001216,2,1777057931832,42.338799219578505,-71.09184298664331
left,151,186.04000000000002,186.16,182.488,147.0,215.5,68.5,0.11999999999999034,800.0000000001493,2,1777057932984,42.338811876252294,-71.09185664914548
left,152,187.152,187.2,183.6,146.5,215.5,69.0,0.04799999999998761,987.500000000252,2,1777057934096,42.33882587403059,-71.09187408350408
left,153,189.416,189.552,185.864,148.0,222.0,74.0,0.13599999999999568,486.6071428571553,2,1777057936360,42.338852444663644,-71.0918955411762
left,154,190.568,190.608,187.016,147.5,213.5,66.0,0.03999999999999204,1148.4375000001958,2,1777057937512,42.33887683600187,-71.09191532246768
left,155,191.72,191.792,188.168,147.5,215.0,67.5,0.07200000000000273,860.9374999998882,2,1777057938664,42.33888169750571,-71.09192756004632
left,156,193.0,193.05599999999998,189.448,148.5,215.5,67.0,0.055999999999997385,931.250000000102,2,1777057939944,42.338892593979836,-71.09193552285433
left,157,195.088,195.16,191.536,144.0,221.5,77.5,0.07200000000000273,981.2499999998633,2,1777057942032,42.33891732059419,-71.09195563942194
left,158,196.208,196.312,192.656,141.0,207.5,66.5,0.1039999999999992,812.4999999998813,2,1777057943152,42.338935593143106,-71.09196209348738
left,159,197.32,197.40800000000002,193.768,145.5,212.5,67.0,0.08799999999999386,829.1666666668217,2,1777057944264,42.33895529061556,-71.09196905046701
left,160,198.432,198.56,194.88,145.5,214.5,69.0,0.12800000000001432,443.74999999993435,2,1777057945376,42.33896803110838,-71.09197885729373
left,161,199.56,199.656,196.008,147.5,213.0,65.5,0.09600000000000364,976.5624999996946,2,1777057946504,42.338996697217226,-71.09199486672878
left,162,200.648,200.704,197.096,141.5,210.0,68.5,0.056000000000011596,912.4999999998407,2,1777057947592,42.33900583349168,-71.09200593084097
left,163,201.784,201.856,198.232,149.0,214.5,65.5,0.07199999999998852,840.6250000001576,2,1777057948728,42.339009353891015,-71.09201615676284
left,164,203.056,203.168,199.504,141.5,326.0,184.5,0.11199999999998056,1659.027777778076,2,1777057950000,42.33900859951973,-71.09202629886568
left,165,203.992,204.048,200.44,141.5,211.5,70.0,0.056000000000011596,931.2499999998378,2,1777057950936,42.339016143232584,-71.09202973544598
left,166,207.392,207.44799999999998,203.84,154.5,217.5,63.0,0.055999999999983174,812.5000000002652,2,1777057954336,42.33898085542023,-71.09207206405699
left,167,208.52,208.61599999999999,204.968,136.0,216.0,80.0,0.09599999999998943,833.3333333333295,2,1777057955464,42.338958056643605,-71.0920921806246
left,168,210.752,210.808,207.2,141.0,211.5,70.5,0.055999999999997385,942.7083333334457,2,1777057957696,42.33890583738685,-71.09215177595615
left,169,211.88799999999998,211.936,208.336,138.5,203.0,64.5,0.04800000000001603,956.2499999996508,2,1777057958832,42.33889712020755,-71.09217214398086
left,170,213.024,213.12,209.472,144.0,210.0,66.0,0.09600000000000364,520.8333333333136,2,1777057959968,42.33888513408601,-71.09219091944396
left,171,214.168,214.24,210.616,136.5,224.0,87.5,0.07199999999998852,1162.5000000002008,2,1777057961112,42.33887323178351,-71.09220542013645
left,172,215.288,215.344,211.736,131.5,205.5,74.0,0.055999999999983174,981.2500000002285,2,1777057962232,42.33885923400521,-71.09222277067602
left,173,216.424,216.47199999999998,212.872,138.5,203.5,65.0,0.04799999999998761,1037.5000000003063,2,1777057963368,42.338845655322075,-71.09223953448236
left,174,217.544,217.656,213.992,138.0,208.0,70.0,0.11199999999999477,479.6875000000165,2,1777057964488,42.33883467502892,-71.09225411899388
left,175,218.704,218.8,215.152,135.0,209.0,74.0,0.09599999999998943,910.7142857144614,2,1777057965648,42.338812379166484,-71.09228638932109
left,176,219.824,219.88,216.272,148.5,209.5,61.0,0.056000000000011596,765.6249999997859,2,1777057966768,42.3387994710356,-71.09229669906199
left,177,220.984,221.11200000000002,217.432,144.0,210.0,66.0,0.1280000000000001,433.3333333333395,2,1777057967928,42.33878865838051,-71.0923096910119
left,178,222.192,222.24,218.64,152.0,213.0,61.0,0.04800000000001603,1007.8124999996635,2,1777057969136,42.33877943828702,-71.09232402406633
left,179,223.45600000000002,223.584,219.904,155.5,295.5,140.0,0.1280000000000001,1129.166666666653,2,1777057970400,42.338770385831594,-71.09233642928302
left,180,224.50400000000002,224.552,220.952,148.5,213.5,65.0,0.04799999999998761,1054.6875000001507,2,1777057971448,42.33875697478652,-71.09235084615648
left,181,226.86399999999998,226.92000000000002,223.312,169.5,222.5,53.0,0.056000000000011596,786.4583333329705,2,1777057973808,42.33873417600989,-71.09239334240556
left,182,229.512,229.632,225.96,165.5,256.5,91.0,0.12000000000000455,769.5312499999361,2,1777057976456,42.33872218988836,-71.09241278842092
left,183,233.832,233.94400000000002,230.28,223.0,307.5,84.5,0.11200000000000898,920.1388888887652,2,1777057980776,42.338709365576506,-71.09243634156883
left,184,235.36,235.45600000000002,231.808,164.5,217.5,53.0,0.09600000000000364,418.7499999999701,2,1777057982304,42.33870567753911,-71.09244254417717
left,185,236.608,236.696,233.056,152.0,247.5,95.5,0.08799999999999386,1100.6944444447358,2,1777057983552,42.33869628980756,-71.09246836043894
left,186,237.824,237.888,234.272,143.0,219.0,76.0,0.06400000000000716,885.4166666665915,2,1777057984768,42.33869494870305,-71.09248495660722
left,187,238.92000000000002,238.968,235.368,149.0,213.0,64.0,0.04799999999998761,1039.0625000001492,2,1777057985864,42.33870014548302,-71.09250549226999
left,188,239.96800000000002,240.03199999999998,236.416,150.5,224.5,74.0,0.06399999999999295,979.1666666668145,2,1777057986912,42.33870844356716,-71.09252787195146
left,189,241.064,241.104,237.512,139.5,209.5,70.0,0.040000000000020464,1398.4374999991721,2,1777057988008,42.33871934004128,-71.09254664741457
left,190,242.184,242.264,238.632,148.5,209.0,60.5,0.0799999999999983,756.2500000001394,2,1777057989128,42.33873073942959,-71.09256542287767
left,191,243.272,243.312,239.72,137.0,209.0,72.0,0.040000000000020464,1335.937499999304,2,1777057990216,42.33874616213143,-71.09257732518017
left,192,244.36,244.4,240.808,150.0,214.0,64.0,0.04000000000000625,1210.9374999997588,2,1777057991304,42.33876083046198,-71.09259199351072
left,193,245.47199999999998,245.6,241.92,137.5,205.5,68.0,0.1280000000000001,445.8333333333398,2,1777057992416,42.33877591788769,-71.09260129742324
left,194,246.64,246.696,243.088,158.0,221.0,63.0,0.055999999999997385,1007.8125000000971,2,1777057993584,42.33880257233977,-71.09261848032475
left,195,247.744,247.824,244.192,151.0,216.5,65.5,0.0799999999999983,981.7708333334291,2,1777057994688,42.338815899565816,-71.09262501820922
left,196,248.832,248.984,245.28,147.0,213.0,66.0,0.15200000000000102,416.6666666666731,2,1777057995776,42.338829981163144,-71.09262635931373
left,197,250.008,250.048,246.456,150.5,228.5,78.0,0.03999999999999204,1851.5625000005784,2,1777057996952,42.33884481713176,-71.09263063408434
left,198,251.256,251.312,247.704,155.5,212.5,57.0,0.056000000000011596,759.3749999998674,2,1777057998200,42.338859820738435,-71.09263013117015
left,199,252.512,252.6,248.96,154.0,232.0,78.0,0.08799999999999386,638.8888888889386,2,1777057999456,42.33886987902224,-71.09262987971306
left,200,256.2,256.28,252.648,198.0,249.0,51.0,0.0800000000000125,657.738095238019,2,1777058003144,42.33891472220421,-71.09263055026531
left,201,265.99199999999996,266.024,262.44,210.5,219.5,9.0,0.03200000000001069,281.2499999999616,2,1777058012936,42.338941376656294,-71.09264597296715
left,202,267.6,267.688,264.048,152.5,228.0,75.5,0.08800000000002228,724.9999999995869,2,1777058014544,42.33894841745496,-71.09264429658651
left,203,268.696,268.75199999999995,265.144,145.0,214.0,69.0,0.055999999999983174,928.1250000002235,2,1777058015640,42.33896082267165,-71.0926447995007
left,204,269.76800000000003,269.832,266.216,147.0,222.0,75.0,0.06399999999999295,1171.8749999997335,2,1777058016712,42.338973730802536,-71.09264387749135
left,205,271.94399999999996,272.024,268.392,147.5,233.0,85.5,0.0800000000000125,1226.5624999996553,2,1777058018888,42.33900373801589,-71.09264052473009
left,206,273.01599999999996,273.104,269.464,132.0,207.0,75.0,0.08799999999999386,625.0000000000596,2,1777058019960,42.339019160717726,-71.09263666905463
left,207,274.17600000000004,274.224,270.624,126.5,204.0,77.5,0.0479999999999734,1193.750000000837,2,1777058021120,42.33903366141021,-71.09262853860855
left,208,275.328,275.4,271.776,137.0,204.0,67.0,0.0719999999999743,660.1562500004196,2,1777058022272,42.33904732391238,-71.09262032434344
left,209,277.584,277.672,274.032,137.5,207.0,69.5,0.08800000000002228,735.4166666666063,2,1777058024528,42.33908445574343,-71.09258855693042
left,210,279.856,279.96799999999996,276.304,138.0,211.5,73.5,0.11199999999999477,535.4166666666597,2,1777058026800,42.3391102720052,-71.09257573261857
left,211,280.952,281.01599999999996,277.4,135.5,206.0,70.5,0.06399999999999295,902.0833333335005,2,1777058027896,42.3391224257648,-71.0925710387528
left,212,282.23199999999997,282.336,278.68,142.0,337.5,195.5,0.10400000000001342,1956.597222221829,2,1777058029176,42.33913357369602,-71.0925670992583
left,213,283.192,283.24,279.64,143.5,215.5,72.0,0.04800000000000182,1324.9999999995086,2,1777058030136,42.33914262615144,-71.09256139956415
left,214,284.312,284.408,280.76,147.0,215.5,68.5,0.09599999999997522,503.1250000001334,2,1777058031256,42.33915469609201,-71.09255695715547
left,215,285.448,285.504,281.896,132.5,205.5,73.0,0.05600000000004002,968.7499999994378,2,1777058032392,42.33916785567999,-71.09255645424128
left,216,286.568,286.624,283.016,129.0,204.5,75.5,0.05600000000004002,990.6249999994377,2,1777058033512,42.339190570637584,-71.09256274066865
left,217,288.824,288.936,285.272,136.5,233.5,97.0,0.11199999999996635,864.0625000003245,2,1777058035768,42.33922166749835,-71.09257774427533
left,218,289.912,290.024,286.36,146.0,221.5,75.5,0.11200000000002319,1123.4374999996314,2,1777058036856,42.33923583291471,-71.09257916919887
left,219,291.032,291.072,287.48,141.0,213.5,72.5,0.040000000000020464,1273.4374999994081,2,1777058037976,42.33924756757915,-71.09257648698986
left,220,292.152,292.256,288.6,157.5,216.5,59.0,0.10400000000001342,882.8124999997145,2,1777058039096,42.339256620034575,-71.09257338568568
left,221,293.28,293.336,289.728,152.0,217.5,65.5,0.055999999999983174,912.500000000237,2,1777058040224,42.33927112072706,-71.09257715754211
left,222,294.416,294.544,290.864,138.0,221.5,83.5,0.1279999999999859,603.6706349206484,2,1777058041360,42.33928612433374,-71.09258436597884
left,223,295.552,295.704,292.0,152.5,236.0,83.5,0.1519999999999868,534.7222222222981,2,1777058042496,42.339301127940416,-71.09258436597884
left,224,296.656,296.76800000000003,293.104,155.0,224.0,69.0,0.11199999999999477,501.5625000000373,2,1777058043600,42.33931512571871,-71.09258788637817
left,225,298.936,299.03200000000004,295.384,142.0,215.5,73.5,0.09600000000003206,534.3749999998165,2,1777058045880,42.339342534542084,-71.09259618446231
left,226,300.10400000000004,300.2,296.552,149.5,216.5,67.0,0.09599999999997522,481.2500000001235,2,1777058047048,42.33935116790235,-71.09259962104261
left,227,301.24,301.28,297.688,156.5,218.5,62.0,0.03999999999996362,1226.5625000012906,2,1777058048184,42.33936734497547,-71.09260833822191
left,228,302.408,302.552,298.856,146.5,219.5,73.0,0.14399999999997704,468.7500000000877,2,1777058049352,42.33938687480986,-71.09260817058384
left,229,303.584,303.632,300.032,156.5,226.5,70.0,0.04800000000000182,1179.6875000003486,2,1777058050528,42.33941562473774,-71.09262166544795
left,230,304.744,304.856,301.192,136.5,207.5,71.0,0.11199999999999477,851.3888888890476,2,1777058051688,42.3394279461354,-71.09262895770371
left,231,305.87199999999996,305.96,302.32,148.0,217.0,69.0,0.08799999999999386,564.2361111111545,2,1777058052816,42.33943674713373,-71.09263884834945
left,232,307.048,307.12,303.496,150.0,213.5,63.5,0.07200000000000273,645.0892857142354,2,1777058053992,42.339447224512696,-71.09264999628067
left,233,308.184,308.216,304.632,142.0,212.5,70.5,0.031999999999982265,1760.416666667636,2,1777058055128,42.33944688923657,-71.09266852028668
left,234,309.336,309.392,305.784,157.5,219.5,62.0,0.055999999999983174,821.8750000001913,2,1777058056280,42.339453091844916,-71.09268251806498
left,235,310.496,310.624,306.944,153.5,222.0,68.5,0.12800000000001432,488.5912698412415,2,1777058057440,42.3394609708339,-71.09269752167165
left,236,311.616,311.672,308.064,147.0,211.5,64.5,0.055999999999983174,853.1250000001975,2,1777058058560,42.33948854729533,-71.09271353110671
left,237,312.816,312.88,309.264,152.0,223.5,71.5,0.06400000000002137,1117.1874999996269,2,1777058059760,42.33949575573206,-71.09272199682891
left,238,313.976,314.04,310.424,153.0,229.5,76.5,0.06400000000002137,1195.312499999601,2,1777058060920,42.339500365778804,-71.09272669069469
left,239,315.20799999999997,315.28,311.656,146.0,217.5,71.5,0.07200000000000273,904.6875000001509,2,1777058062152,42.3395058978349,-71.09273063018918
left,240,316.36,316.408,312.808,152.0,222.5,70.5,0.04800000000000182,1164.0624999997224,2,1777058063304,42.3395127709955,-71.09273775480688
left,241,318.72799999999995,318.776,315.176,150.5,213.0,62.5,0.04800000000003024,1023.4374999995749,2,1777058065672,42.33954219147563,-71.09276139177382
left,242,319.72,319.776,316.168,149.5,217.5,68.0,0.056000000000011596,1088.5416666663339,2,1777058066664,42.339549819007516,-71.09276985749602
left,243,320.89599999999996,321.00800000000004,317.344,155.5,228.5,73.0,0.11200000000002319,1028.1249999996699,2,1777058067840,42.33955895528197,-71.09277723357081
left,244,323.18399999999997,323.296,319.632,152.5,218.0,65.5,0.11199999999999477,967.187499999697,2,1777058070128,42.33957789838314,-71.09278259798884
left,245,324.312,324.4,320.76,145.5,219.0,73.5,0.08799999999996544,628.1250000005247,2,1777058071256,42.33958971686661,-71.09277807176113
left,246,325.448,325.6,321.896,143.0,221.0,78.0,0.15200000000001523,491.6666666665948,2,1777058072392,42.33959876932204,-71.09277497045696
left,247,326.576,326.624,323.024,150.5,220.0,69.5,0.04800000000003024,1093.7499999992406,2,1777058073520,42.33960874378681,-71.09278913587332
left,248,327.712,327.76,324.16,144.5,216.0,71.5,0.0479999999999734,1193.7500000010368,2,1777058074656,42.339618131518364,-71.09280003234744
left,249,328.832,328.88,325.28,153.0,223.0,70.0,0.04800000000000182,1458.333333333278,2,1777058075776,42.33963003382087,-71.09280506148934
left,250,329.928,329.968,326.376,139.5,210.5,71.0,0.040000000000020464,1296.8749999993447,2,1777058076872,42.33964537270367,-71.09280765987933
left,251,331.03999999999996,331.088,327.488,142.0,211.0,69.0,0.04800000000003024,1212.499999999069,2,1777058077984,42.33965911902487,-71.09281696379185
left,252,332.192,332.28,328.64,136.5,209.0,72.5,0.08799999999999386,894.7916666668311,2,1777058079136,42.33966926112771,-71.09282517805696
left,253,336.664,336.712,333.112,134.0,205.5,71.5,0.04800000000003024,1043.7499999993329,2,1777058083608,42.339724246412516,-71.09285979531705
left,254,337.784,337.904,334.232,132.5,214.5,82.0,0.11999999999997613,543.7500000001081,2,1777058084728,42.33973505906761,-71.0928715299815
left,255,339.03200000000004,339.144,335.48,143.0,215.0,72.0,0.11199999999996635,496.87500000012665,2,1777058085976,42.33974654227495,-71.09287848696113
left,256,339.976,340.112,336.424,135.0,211.5,76.5,0.1360000000000241,488.8392857142075,2,1777058086920,42.33975827693939,-71.09288854524493
left,257,341.288,341.384,337.736,138.0,341.5,203.5,0.09600000000000364,2124.999999999759,2,1777058088232,42.33976908959448,-71.09289801679552
left,258,342.256,342.328,338.704,139.5,209.0,69.5,0.07200000000000273,882.8125000001382,2,1777058089200,42.339781327173114,-71.09290706925094
left,259,343.336,343.392,339.784,140.5,228.5,88.0,0.055999999999983174,1493.7500000005302,2,1777058090280,42.33979373238981,-71.09291377477348
left,260,344.496,344.552,340.944,144.0,210.0,66.0,0.056000000000011596,1052.0833333330065,2,1777058091440,42.33980563469231,-71.09292173758149
left,261,346.752,346.856,343.2,143.0,209.0,66.0,0.103999999999985,801.562500000156,2,1777058093696,42.339845951646566,-71.09294285997748
left,262,349.03999999999996,349.15200000000004,345.488,148.5,223.0,74.5,0.11200000000002319,900.6944444440018,2,1777058095984,42.3398719355464,-71.09295409172773
left,263,350.224,350.312,346.672,149.5,214.0,64.5,0.08799999999999386,797.9166666668154,2,1777058097168,42.33988123945892,-71.09296532347798
left,264,351.368,351.408,347.816,144.0,224.0,80.0,0.040000000000020464,1414.0624999993333,2,1777058098312,42.33989238739014,-71.09297789633274
left,265,352.536,352.624,348.984,142.5,223.0,80.5,0.08800000000002228,1217.6339285710287,2,1777058099480,42.33990328386426,-71.09298854134977
left,266,353.696,353.744,350.144,146.0,231.0,85.0,0.04800000000000182,1648.4375000000186,2,1777058100640,42.33992432244122,-71.0930039640516
left,267,354.856,354.944,351.304,150.0,218.5,68.5,0.08800000000002228,596.8749999997069,2,1777058101800,42.33993798494339,-71.0930110886693
left,268,356.024,356.12800000000004,352.472,149.0,219.5,70.5,0.10400000000001342,1032.1180555552273,2,1777058102968,42.339951898902655,-71.09301871620119
left,269,357.184,357.28,353.632,147.5,214.0,66.5,0.09599999999997522,992.187500000529,2,1777058104128,42.33996371738613,-71.09302818775177
left,270,358.328,358.408,354.776,145.0,214.0,69.0,0.07999999999998408,862.5000000001717,2,1777058105272,42.339974446222186,-71.09303774312139
left,271,359.48,359.576,355.928,142.0,213.5,71.5,0.09599999999997522,593.7500000000966,2,1777058106424,42.3399876896292,-71.0930507350713
left,272,360.632,360.688,357.08,150.0,213.5,63.5,0.055999999999983174,840.625000000195,2,1777058107576,42.34001283533871,-71.0930731985718
left,273,361.79200000000003,361.89599999999996,358.24,145.0,221.5,76.5,0.103999999999985,930.4687500001813,2,1777058108736,42.340023731812835,-71.093081664294
left,274,362.976,363.024,359.424,149.0,219.0,70.0,0.04800000000000182,1179.6875000003486,2,1777058109920,42.34003555029631,-71.09308996237814
left,275,364.11199999999997,364.17600000000004,360.56,146.5,215.5,69.0,0.06400000000002137,1078.1249999996398,2,1777058111056,42.34004678204656,-71.0930988471955
left,276,366.432,366.568,362.88,144.0,216.0,72.0,0.13599999999999568,505.20833333332115,2,1777058113376,42.34007075428963,-71.0931231547147
left,277,367.616,367.712,364.064,137.0,208.5,71.5,0.09599999999997522,875.8928571430359,2,1777058114560,42.34009095467627,-71.09314595349133
left,278,368.792,368.86400000000003,365.24,137.5,208.5,71.0,0.07200000000003115,700.8928571426168,2,1777058115736,42.34009824693203,-71.09315492212772
left,279,371.128,371.24,367.576,150.0,221.5,71.5,0.11200000000002319,513.1944444444073,2,1777058118072,42.34011283144355,-71.09317319467664
left,280,373.44,373.584,369.888,146.5,221.5,75.0,0.14400000000000546,475.78124999993497,2,1777058120384,42.3401362169534,-71.09319037757814
left,281,374.568,374.696,371.016,152.5,246.5,94.0,0.1279999999999859,693.750000000075,2,1777058121512,42.34015398658812,-71.09321451745927
left,282,375.872,375.968,372.32,152.5,330.5,178.0,0.09600000000000364,1867.1874999997822,2,1777058122816,42.3401687387377,-71.09321996569633
left,283,376.832,376.91200000000003,373.28,157.0,217.5,60.5,0.0800000000000125,756.2500000001149,2,1777058123776,42.34018047340214,-71.0932267550379
left,284,377.976,378.072,374.424,144.5,217.0,72.5,0.09600000000000364,590.6250000000298,2,1777058124920,42.34018826857209,-71.09323605895042
left,285,379.136,379.24800000000005,375.584,147.0,216.0,69.0,0.11199999999999477,493.05555555554423,2,1777058126080,42.340199667960405,-71.09324318356812
left,286,380.24,380.328,376.688,137.0,233.0,96.0,0.08799999999996544,1059.3750000004607,2,1777058127184,42.340211318805814,-71.09325357712805
left,287,381.384,381.44,377.832,138.0,209.0,71.0,0.055999999999983174,1132.8125000005723,2,1777058128328,42.34022372402251,-71.09326799400151
left,288,382.552,382.632,379.0,143.5,208.5,65.0,0.0800000000000125,695.3124999999574,2,1777058129496,42.340234285220504,-71.0932803992182
left,289,384.832,384.96000000000004,381.28,137.0,213.5,76.5,0.12800000000001432,763.5416666666317,2,1777058131776,42.34025758691132,-71.09332683496177
left,290,385.96,386.032,382.408,129.5,225.5,96.0,0.07200000000000273,1249.9999999999527,2,1777058132904,42.340265633538365,-71.09333848580718
left,291,387.08799999999997,387.144,383.536,144.5,209.0,64.5,0.056000000000011596,853.1249999996469,2,1777058134032,42.340275943279266,-71.09334653243423
left,292,389.328,389.408,385.776,140.0,213.0,73.0,0.07999999999998408,796.8750000000346,2,1777058136272,42.340294886380434,-71.09335826709867
left,293,390.456,390.512,386.904,144.0,212.5,68.5,0.055999999999983174,931.2500000002296,2,1777058137400,42.34030402265489,-71.0933668166399
left,294,391.592,391.672,388.04,135.0,216.0,81.0,0.08000000000004093,902.3437499993795,2,1777058138536,42.34032246284187,-71.09338148497045
left,295,393.816,393.92,390.264,140.0,213.5,73.5,0.10400000000004184,874.218749999566,2,1777058140760,42.34034584835172,-71.09339539892972
left,296,394.928,395.008,391.376,138.5,206.5,68.0,0.07999999999998408,660.7142857144526,2,1777058141872,42.34035632573068,-71.09340378083289
left,297,396.048,396.12800000000004,392.496,134.5,212.0,77.5,0.0800000000000125,830.7291666666144,2,1777058142992,42.34036604873836,-71.0934130847454
left,298,397.192,397.248,393.64,149.0,211.0,62.0,0.055999999999983174,868.7500000002284,2,1777058144136,42.3403793759644,-71.09341878443956
left,299,398.36,398.44,394.808,140.0,217.5,77.5,0.07999999999998408,858.6309523811117,2,1777058145304,42.34039287082851,-71.09343018382788
left,300,399.488,399.576,395.936,139.0,229.0,90.0,0.08799999999999386,954.2410714286352,2,1777058146432,42.340404437854886,-71.09343387186527
left,301,401.944,402.056,398.392,149.0,346.5,197.5,0.11199999999996635,1701.8229166671363,2,1777058148888,42.340458668768406,-71.09344359487295
left,302,402.928,403.008,399.376,157.5,218.5,61.0,0.07999999999998408,934.8958333338298,2,1777058149872,42.34047836624086,-71.0934500489384
left,303,404.096,404.16,400.544,142.0,213.0,71.0,0.06400000000002137,822.9166666664875,2,1777058151040,42.34048917889595,-71.09346119686961
left,304,405.28,405.336,401.728,123.5,209.0,85.5,0.055999999999983174,1209.3750000003238,2,1777058152224,42.34049638733268,-71.09347351826727
left,305,407.75199999999995,407.84000000000003,404.2,155.0,256.0,101.0,0.08800000000002228,1306.9196428567523,2,1777058154696,42.34052689746022,-71.09351148828864
right,1,3.552,3.616,0.0,133.5,235.0,101.5,0.06400000000000006,1602.083333333332,2,1777057750496,42.33698286116123,-71.09059617854655
right,2,4.72,4.784,1.168,123.0,190.5,67.5,0.06400000000000006,1078.124999999999,2,1777057751664,42.33698948286474,-71.09060657210648
right,3,5.84,5.88,2.288,145.5,183.0,37.5,0.040000000000000036,914.0624999999992,2,1777057752784,42.336997697129846,-71.0906142834574
right,4,7.056,7.192,3.504,142.0,272.5,130.5,0.13600000000000012,953.5714285714278,2,1777057754000,42.33699786476791,-71.09063029289246
right,5,8.256,8.32,4.704,129.0,251.0,122.0,0.06400000000000006,1906.2499999999984,2,1777057755200,42.33700222335756,-71.090650241822
right,6,9.552,9.648,6.0,138.5,255.5,117.0,0.09600000000000009,1218.749999999999,2,1777057756496,42.337009347975254,-71.0906639881432
right,7,10.816,10.872,7.264,130.0,186.0,56.0,0.05600000000000005,1312.4999999999989,2,1777057757760,42.33702133409679,-71.09068938530982
right,8,12.048,12.096,8.496,143.5,273.5,130.0,0.04800000000000004,2708.333333333331,2,1777057758992,42.337026530876756,-71.0907036345452
right,9,13.184,13.248,9.632,127.0,243.0,116.0,0.06400000000000006,1812.4999999999984,2,1777057760128,42.33702829107642,-71.09071796759963
right,10,14.280000000000001,14.32,10.728,135.0,213.0,78.0,0.040000000000000036,1335.9374999999986,2,1777057761224,42.33703097328544,-71.09073355793953
right,11,15.335999999999999,15.392,11.784,139.0,217.0,78.0,0.05600000000000005,1162.4999999999989,2,1777057762280,42.33703667297959,-71.09075677581131
right,12,16.432,16.528,12.88,134.0,252.5,118.5,0.09600000000000009,1234.3749999999989,2,1777057763376,42.33703734353185,-71.09078108333051
right,13,17.496000000000002,17.576,13.944,136.0,235.0,99.0,0.08000000000000007,1252.6041666666656,2,1777057764440,42.3370364215225,-71.09080337919295
right,14,18.584,18.68,15.032,124.5,221.0,96.5,0.09600000000000009,1005.2083333333323,2,1777057765528,42.33704237267375,-71.09084093011916
right,15,19.688000000000002,19.752000000000002,16.136,132.5,243.5,111.0,0.06400000000000006,1734.3749999999984,2,1777057766632,42.33704539015889,-71.09085367061198
right,16,20.768,20.823999999999998,17.216,128.5,243.0,114.5,0.05599999999999916,2321.8750000000164,2,1777057767712,42.33705058693886,-71.0908648185432
right,17,21.84,21.928,18.288,137.5,228.0,90.5,0.08800000000000097,1026.0416666666547,2,1777057768784,42.33705259859562,-71.09087638556957
right,18,22.96,23.0,19.408,136.0,199.5,63.5,0.040000000000000924,1156.2499999999748,2,1777057769904,42.337058885023,-71.0908872820437
right,19,24.064,24.144,20.512,141.0,222.0,81.0,0.08000000000000007,999.9999999999991,2,1777057771008,42.3370657581836,-71.09089524485171
right,20,25.168,25.264,21.616,125.0,247.0,122.0,0.09600000000000009,1270.8333333333321,2,1777057772112,42.33707229606807,-71.09090832062066
right,21,26.264,26.336,22.712,127.5,256.5,129.0,0.07199999999999918,1821.8750000000155,2,1777057773208,42.33707891777158,-71.09092273749411
right,22,27.36,27.488,23.808,133.0,234.5,101.5,0.1280000000000001,792.9687499999993,2,1777057774304,42.33708629384637,-71.09093732200563
right,23,28.424,28.512,24.872,141.5,236.0,94.5,0.08799999999999919,1098.2142857142926,2,1777057775368,42.337094927206635,-71.09095425345004
right,24,29.504,29.6,25.952,132.5,238.5,106.0,0.09600000000000009,1104.1666666666656,2,1777057776448,42.337103141471744,-71.09097495675087
right,25,30.576,30.624,27.024,142.5,190.5,48.0,0.047999999999998266,800.0000000000392,2,1777057777520,42.33711403794587,-71.09101317822933
right,26,31.672,31.776,28.12,138.0,223.5,85.5,0.1039999999999992,895.3125000000127,2,1777057778616,42.33711848035455,-71.0910318698734
right,27,32.775999999999996,32.848,29.224,145.5,262.5,117.0,0.07199999999999918,1665.625000000013,2,1777057779720,42.337122755125165,-71.09104963950813
right,28,33.784,33.848,30.232,138.5,204.5,66.0,0.06400000000000361,874.999999999946,2,1777057780728,42.33713272958994,-71.0910630505532
right,29,34.912,34.984,31.36,134.0,201.5,67.5,0.07200000000000273,904.0178571428019,2,1777057781856,42.33714245259762,-71.09107646159828
right,30,35.968,36.032,32.416,154.5,209.0,54.5,0.06400000000000006,651.0416666666605,2,1777057782912,42.337148739025,-71.09108936972916
right,31,37.144000000000005,37.256,33.592,150.5,236.0,85.5,0.11199999999999832,839.0625000000066,2,1777057784088,42.337162820622325,-71.09109682962298
right,32,38.216,38.256,34.664,144.5,202.5,58.0,0.03999999999999915,1210.937500000044,2,1777057785160,42.33714781701565,-71.09112574718893
right,33,39.336,39.408,35.784,130.0,227.0,97.0,0.07199999999999918,1332.812500000015,2,1777057786280,42.33715779148042,-71.09113186597824
right,34,40.456,40.568,36.904,135.5,240.0,104.5,0.11199999999999832,940.1041666666841,2,1777057787400,42.337158378213644,-71.09114963561296
right,35,41.576,41.624,38.024,180.5,231.0,50.5,0.04800000000000182,1052.0833333332935,2,1777057788520,42.3371812608093,-71.09116765670478
right,36,42.64,42.76,39.088,132.5,249.0,116.5,0.11999999999999744,1103.1250000000236,2,1777057789584,42.33718788251281,-71.09117369167507
right,37,43.744,43.832,40.192,127.5,228.5,101.0,0.08800000000000097,1152.9017857142758,2,1777057790688,42.337194085121155,-71.09118073247373
right,38,44.88,44.976,41.328,150.5,249.5,99.0,0.09599999999999653,1075.0000000000332,2,1777057791824,42.33719986863434,-71.09118827618659
right,39,45.984,46.072,42.432,148.0,242.0,94.0,0.08799999999999741,1061.4583333333644,2,1777057792928,42.33721227385104,-71.0911941435188
right,40,47.12,47.2,43.568,139.0,243.5,104.5,0.0800000000000054,1306.2499999999118,2,1777057794064,42.33721545897424,-71.09120604582131
right,41,49.432,49.488,45.88,136.5,253.0,116.5,0.05600000000000094,2148.4374999999495,2,1777057796376,42.33722266741097,-71.09122264198959
right,42,50.519999999999996,50.656,46.968,130.0,232.0,102.0,0.13599999999999923,746.9618055555599,2,1777057797464,42.337225349619985,-71.09122389927506
right,43,51.608000000000004,51.751999999999995,48.056,149.5,251.5,102.0,0.14399999999999835,712.5000000000068,2,1777057798552,42.33723163604736,-71.09121937304735
right,44,52.72,52.856,49.168,124.0,243.0,119.0,0.13600000000000279,889.7321428571254,2,1777057799664,42.33723398298025,-71.09121979214251
right,45,53.824,53.904,50.272,130.0,234.5,104.5,0.0800000000000054,1306.2499999999118,2,1777057800768,42.337241442874074,-71.09121358953416
right,46,54.928,55.088,51.376,129.0,244.5,115.5,0.1600000000000037,721.8749999999833,2,1777057801872,42.33724856749177,-71.09120512381196
right,47,56.016,56.08,52.464,146.5,203.5,57.0,0.06400000000000006,669.6428571428697,2,1777057802960,42.33725594356656,-71.09119825065136
right,48,57.12,57.176,53.568,132.5,229.5,97.0,0.05600000000000094,1765.6249999999613,2,1777057804064,42.33726382255554,-71.09119581989944
right,49,58.208,58.32,54.656,134.5,240.0,105.5,0.11200000000000188,953.12499999998,2,1777057805152,42.337272791191936,-71.09119665808976
right,50,59.312,59.392,55.76,124.5,238.0,113.5,0.0800000000000054,1418.749999999904,2,1777057806256,42.33728377148509,-71.09119489789009
right,51,60.408,60.48,56.856,135.5,224.5,89.0,0.07199999999999918,1240.6250000000123,2,1777057807352,42.33730338513851,-71.09119162894785
right,52,61.504,61.584,57.952,142.5,230.0,87.5,0.0800000000000054,1093.749999999926,2,1777057808448,42.33732341788709,-71.09118425287306
right,53,62.608,62.736,59.056,134.0,248.5,114.5,0.1280000000000001,894.5312499999992,2,1777057809552,42.33735468238592,-71.09116254374385
right,54,63.688,63.784000000000006,60.136,130.5,227.5,97.0,0.09600000000000364,1010.4166666666283,2,1777057810632,42.3373749665916,-71.09115273691714
right,55,64.832,64.952,61.28,133.0,243.5,110.5,0.12000000000000455,960.069444444408,2,1777057811776,42.33739089220762,-71.09113647602499
right,56,65.944,66.0,62.392,133.5,224.0,90.5,0.055999999999997385,1645.8333333333774,2,1777057812888,42.33740656636655,-71.09111367724836
right,57,67.08,67.168,63.528,152.0,243.0,91.0,0.08800000000000807,1040.6249999998947,2,1777057814024,42.3374214861542,-71.09108668752015
right,58,68.208,68.32,64.656,144.0,235.5,91.5,0.11200000000000188,1012.5000000000621,2,1777057815152,42.3374436981976,-71.09105517156422
right,59,69.304,69.416,65.752,131.5,232.0,100.5,0.11200000000000188,1073.437499999924,2,1777057816248,42.33746155165136,-71.09105743467808
right,60,70.416,70.496,66.864,137.0,251.5,114.5,0.0799999999999983,1431.2500000000305,2,1777057817360,42.33747764490545,-71.09105282463133
right,61,71.536,71.672,67.984,126.5,264.0,137.5,0.13599999999999568,1053.5714285714675,2,1777057818480,42.33749323524535,-71.0910408385098
right,62,72.64,72.71199999999999,69.088,138.5,233.0,94.5,0.07199999999999562,1314.0625000000869,2,1777057819584,42.337526343762875,-71.0910215601325
right,63,73.744,73.84,70.192,122.5,227.0,104.5,0.09600000000000364,1088.5416666666254,2,1777057820688,42.33754168264568,-71.09100982546806
right,64,74.856,74.912,71.304,115.5,228.0,112.5,0.05600000000000449,2036.458333333188,2,1777057821800,42.33755651861429,-71.09100689180195
right,65,75.96000000000001,76.048,72.408,129.5,234.5,105.0,0.08800000000000097,1432.2916666666292,2,1777057822904,42.33757026493549,-71.09100705944002
right,66,77.096,77.16,73.544,129.0,230.5,101.5,0.06400000000000716,1710.41666666653,2,1777057824040,42.3375803232193,-71.09101275913417
right,67,78.208,78.368,74.656,130.5,234.0,103.5,0.1599999999999966,646.8750000000139,2,1777057825152,42.33759758993983,-71.09101418405771
right,68,79.312,79.424,75.76,147.5,228.0,80.5,0.11200000000000898,718.7499999999424,2,1777057826256,42.33761938288808,-71.09100957401097
right,69,80.448,80.56,76.896,145.5,240.5,95.0,0.11200000000000188,877.6041666666458,2,1777057827392,42.33764335513115,-71.09101175330579
right,70,81.56,81.64,78.008,144.5,195.5,51.0,0.0799999999999983,492.1875000000134,2,1777057828504,42.33768526464701,-71.091014938429
right,71,82.688,82.80799999999999,79.136,135.0,234.5,99.5,0.11999999999999744,828.1250000000186,2,1777057829632,42.33770169317722,-71.09101787209511
right,72,83.848,83.952,80.296,127.5,232.5,105.0,0.1039999999999992,1023.8095238095204,2,1777057830792,42.33771904371679,-71.09102776274085
right,73,84.976,85.032,81.424,158.0,205.0,47.0,0.055999999999997385,645.8333333333212,2,1777057831920,42.3377391602844,-71.09104595147073
right,74,86.12,86.272,82.568,131.5,240.0,108.5,0.15200000000000813,716.3194444444074,2,1777057833064,42.337770257145166,-71.09104729257524
right,75,87.248,87.376,83.696,133.5,238.5,105.0,0.127999999999993,875.0000000000673,2,1777057834192,42.3377891164273,-71.09107562340796
right,76,88.392,88.47200000000001,84.84,130.5,224.0,93.5,0.0799999999999983,1168.750000000025,2,1777057835336,42.33777486719191,-71.09109984710813
right,77,89.504,89.648,85.952,134.5,250.5,116.0,0.14399999999999835,815.6250000000073,2,1777057836448,42.33777042478323,-71.09113538637757
right,78,90.656,90.75999999999999,87.104,133.0,238.5,105.5,0.1039999999999921,1024.553571428656,2,1777057837600,42.337769670411944,-71.09117092564702
right,79,91.824,91.904,88.272,125.5,224.0,98.5,0.0799999999999983,1231.2500000000264,2,1777057838768,42.33777344226837,-71.09117637388408
right,80,92.992,93.056,89.44,124.5,232.0,107.5,0.06399999999999295,1679.687500000185,2,1777057839936,42.33777495101094,-71.09117955900729
right,81,94.128,94.256,90.576,131.5,259.5,128.0,0.1280000000000001,1062.4999999999836,2,1777057841072,42.337765730917454,-71.09117075800896
right,82,95.296,95.368,91.744,141.0,251.5,110.5,0.07199999999999562,1562.5000000001137,2,1777057842240,42.337764389812946,-71.09116472303867
right,83,96.464,96.576,92.912,131.5,239.5,108.0,0.11200000000000188,1038.888888888888,2,1777057843408,42.33776229433715,-71.09115944243968
right,84,97.616,97.71199999999999,94.064,122.5,239.5,117.0,0.09599999999999653,1251.7857142857542,2,1777057844560,42.33776816166937,-71.0911446902901
right,85,98.768,98.872,95.216,136.5,248.0,111.5,0.1039999999999992,1072.916666666671,2,1777057845712,42.33777235262096,-71.09114049933851
right,86,99.856,99.888,96.304,147.0,166.0,19.0,0.03200000000001069,593.7499999998017,2,1777057846800,42.33778199180961,-71.0911407507956
right,87,101.04,101.144,97.488,139.0,250.0,111.0,0.1039999999999921,1073.660714285801,2,1777057847984,42.337792217731476,-71.09114209190011
right,88,102.19999999999999,102.312,98.648,139.0,242.0,103.0,0.11200000000000188,936.1979166666464,2,1777057849144,42.33780772425234,-71.09114209190011
right,89,103.328,103.4,99.776,128.0,243.0,115.0,0.07199999999999562,1620.3125000001155,2,1777057850272,42.33782649971545,-71.09114066697657
right,90,104.448,104.536,100.896,146.0,238.5,92.5,0.08800000000000807,1113.839285714175,2,1777057851392,42.33784183859825,-71.09113907441497
right,91,105.544,105.59200000000001,101.992,142.5,210.5,68.0,0.048000000000008924,1445.3124999996683,2,1777057852488,42.337860530242324,-71.09115164726973
right,92,106.632,106.72,103.08,125.5,239.5,114.0,0.08800000000000097,1312.4999999999948,2,1777057853576,42.33790805563331,-71.09113505110145
right,93,107.744,107.792,104.192,127.5,211.5,84.0,0.04800000000000182,1649.9999999997688,2,1777057854688,42.33793546445668,-71.09113505110145
right,94,108.84,108.96799999999999,105.288,150.0,249.0,99.0,0.1280000000000001,802.0833333333233,2,1777057855784,42.33795457519591,-71.09113119542599
right,95,110.008,110.048,106.456,149.0,206.5,57.5,0.04000000000000625,1882.812499999498,2,1777057856952,42.33797745779157,-71.09113563783467
right,96,111.152,111.232,107.6,157.5,244.0,86.5,0.0799999999999983,1589.8437500001337,2,1777057858096,42.338007129728794,-71.09113438054919
right,97,112.256,112.376,108.704,153.0,246.5,93.5,0.11999999999999744,840.625000000018,2,1777057859200,42.3380293417722,-71.09113781712949
right,98,113.384,113.464,109.832,147.5,252.0,104.5,0.0799999999999983,1306.2500000000277,2,1777057860328,42.338052140548825,-71.09114686958492
right,99,114.512,114.576,110.96,136.0,252.0,116.0,0.06399999999999295,1812.5000000001996,2,1777057861456,42.33807527460158,-71.09114527702332
right,100,115.608,115.744,112.056,149.0,300.5,151.5,0.13600000000000279,1134.3749999999948,2,1777057862552,42.33810377307236,-71.09114519320428
right,101,116.73599999999999,116.78399999999999,113.184,137.0,200.0,63.0,0.04800000000000182,937.4999999999534,2,1777057863680,42.33811383135617,-71.09114569611847
right,102,117.768,117.832,114.216,157.0,220.5,63.5,0.06400000000000006,786.4583333333367,2,1777057864712,42.33812749385834,-71.09115223400295
right,103,118.912,119.03200000000001,115.36,154.0,308.5,154.5,0.11999999999999744,1284.0401785714566,2,1777057865856,42.338149789720774,-71.09115784987807
right,104,120.032,120.096,116.48,149.0,272.0,123.0,0.06400000000000716,1921.874999999785,2,1777057866976,42.33816563151777,-71.09116279520094
right,105,121.152,121.26400000000001,117.6,133.0,281.5,148.5,0.11200000000000188,1375.6944444444382,2,1777057868096,42.338194381445646,-71.09117989428341
right,106,122.272,122.336,118.72,159.5,242.0,82.5,0.06399999999999295,1223.958333333468,2,1777057869216,42.33821994625032,-71.09119003638625
right,107,123.456,123.56,119.904,145.5,280.0,134.5,0.1039999999999992,1304.3154761904757,2,1777057870400,42.338244672864676,-71.09119766391814
right,108,124.576,124.656,121.024,143.5,264.0,120.5,0.0800000000000054,1819.9404761903852,2,1777057871520,42.3382867500186,-71.09122046269476
right,109,125.712,125.776,122.16,136.5,292.0,155.5,0.06399999999999295,2429.6875000002674,2,1777057872656,42.338311057537794,-71.09123169444501
right,110,126.856,126.952,123.304,128.0,240.0,112.0,0.09599999999999653,1203.1250000000719,2,1777057873800,42.33832689933479,-71.09123513102531
right,111,127.96000000000001,128.032,124.408,146.0,233.5,87.5,0.07200000000000983,1237.4999999998386,2,1777057874904,42.33833561651409,-71.0912414174527
right,112,129.016,129.088,125.464,156.0,220.0,64.0,0.07200000000000273,705.3571428571043,2,1777057875960,42.338357074186206,-71.09124493785203
right,113,130.24,130.328,126.688,122.5,242.5,120.0,0.08799999999999386,1582.0312500000216,2,1777057877184,42.33837543055415,-71.09125013463199
right,114,131.36,131.456,127.808,131.5,261.5,130.0,0.09599999999997522,1354.1666666670162,2,1777057878304,42.338400995358825,-71.09124795533717
right,115,132.496,132.656,128.944,123.0,269.0,146.0,0.1599999999999966,912.5000000000194,2,1777057879440,42.338414657860994,-71.09125616960227
right,116,133.616,133.752,130.064,136.5,263.0,126.5,0.13599999999999568,987.5000000000377,2,1777057880560,42.3384453356266,-71.09128039330244
right,117,134.736,134.808,131.184,138.5,257.0,118.5,0.07200000000000273,1812.4999999999313,2,1777057881680,42.33844466507435,-71.09128617681563
right,118,135.864,135.936,132.312,136.0,265.5,129.5,0.07200000000000273,1806.2499999999673,2,1777057882808,42.338450867682695,-71.09129648655653
right,119,136.99200000000002,137.04,133.44,146.0,210.0,64.0,0.04799999999998761,1175.0000000004002,2,1777057883936,42.33846084214747,-71.09130092896521
right,120,138.12,138.192,134.568,147.0,232.5,85.5,0.07200000000001694,1199.9999999996958,2,1777057885064,42.338474756106734,-71.09130864031613
right,121,139.24,139.344,135.688,134.5,235.0,100.5,0.10400000000001342,1184.0277777774738,2,1777057886184,42.33848766423762,-71.09131635166705
right,122,140.296,140.344,136.744,141.5,222.0,80.5,0.04800000000000182,1609.374999999865,2,1777057887240,42.33849864453077,-71.09132959507406
right,123,141.472,141.59199999999998,137.92,135.0,244.0,109.0,0.11999999999999034,1062.500000000158,2,1777057888416,42.33850618824363,-71.09133906662464
right,124,142.55200000000002,142.672,139.0,135.5,263.5,128.0,0.11999999999999034,1076.4508928572227,2,1777057889496,42.33851817436516,-71.09135088510811
right,125,143.624,143.672,140.072,163.0,226.5,63.5,0.04800000000000182,1078.1250000000423,2,1777057890568,42.33854005113244,-71.09136119484901
right,126,144.768,144.856,141.216,131.5,231.5,100.0,0.08800000000000807,1164.5833333332018,2,1777057891712,42.33855572529137,-71.09137485735118
right,127,145.904,145.984,142.352,147.5,257.5,110.0,0.0800000000000125,1374.9999999997851,2,1777057892848,42.338573494926095,-71.09138139523566
right,128,147.05599999999998,147.144,143.504,142.5,236.0,93.5,0.08799999999999386,1206.4732142858256,2,1777057894000,42.338589588180184,-71.09138743020594
right,129,148.176,148.304,144.624,139.5,237.0,97.5,0.12800000000001432,784.3749999999292,2,1777057895120,42.33859905973077,-71.09139371663332
right,130,151.52800000000002,151.656,147.976,148.5,249.0,100.5,0.1280000000000001,826.0416666666549,2,1777057898472,42.338640885427594,-71.09136773273349
right,131,152.656,152.752,149.104,140.5,236.0,95.5,0.09600000000000364,994.791666666629,2,1777057899600,42.33866007998586,-71.09137745574117
right,132,153.76,153.856,150.208,145.5,232.0,86.5,0.09600000000000364,1035.1562500000437,2,1777057900704,42.338670222088695,-71.09138525091112
right,133,154.92000000000002,155.0,151.368,139.0,229.5,90.5,0.0799999999999983,1151.0416666667156,2,1777057901864,42.33867206610739,-71.09139522537589
right,134,156.08,156.144,152.528,146.0,264.0,118.0,0.06399999999999295,1843.750000000203,2,1777057903024,42.338681537657976,-71.09140193089843
right,135,157.192,157.296,153.64,147.5,250.5,103.0,0.10400000000001342,997.7678571427431,2,1777057904136,42.33868799172342,-71.09141659922898
right,136,158.352,158.48000000000002,154.8,152.5,279.5,127.0,0.1280000000000001,1060.4166666666497,2,1777057905296,42.33870266005397,-71.09142623841763
right,137,159.472,159.54399999999998,155.92,147.5,266.0,118.5,0.07199999999998852,1667.1875000002492,2,1777057906416,42.338716238737106,-71.09143353067338
right,138,160.592,160.696,157.04,139.5,246.5,107.0,0.103999999999985,1056.2500000001685,2,1777057907536,42.33874297700822,-71.0914486180991
right,139,161.712,161.808,158.16,151.5,255.5,104.0,0.09599999999998943,1114.2857142858654,2,1777057908656,42.33873954042792,-71.09145892784
right,140,162.864,163.00799999999998,159.312,124.5,261.5,137.0,0.14399999999999125,969.5312500000709,2,1777057909808,42.3387267999351,-71.09146798029542
right,141,165.104,165.216,161.552,131.0,244.0,113.0,0.11199999999998056,1073.611111111308,2,1777057912048,42.33873954042792,-71.09151156619191
right,142,166.216,166.336,162.664,127.5,249.5,122.0,0.12000000000000455,1046.8749999999604,2,1777057913160,42.338740630075336,-71.09153059311211
right,143,167.352,167.45600000000002,163.8,134.0,248.5,114.5,0.1039999999999992,1096.0937499999775,2,1777057914296,42.3387426417321,-71.09155003912747
right,144,168.448,168.54399999999998,164.896,125.5,229.5,104.0,0.09599999999998943,1625.0000000006842,2,1777057915392,42.338743479922414,-71.09156621620059
right,145,169.54399999999998,169.648,165.992,138.5,246.0,107.5,0.1039999999999992,1049.8511904761863,2,1777057916488,42.33874037861824,-71.0915828961879
right,146,170.704,170.784,167.152,127.0,255.0,128.0,0.0799999999999983,1645.8333333334099,2,1777057917648,42.33873258344829,-71.09161717817187
right,147,171.808,171.92000000000002,168.256,145.5,260.5,115.0,0.11199999999999477,1022.1354166667061,2,1777057918752,42.338736187666655,-71.09163612127304
right,148,172.944,173.05599999999998,169.392,127.5,257.5,130.0,0.11200000000000898,1244.4444444443063,2,1777057919888,42.33873291872442,-71.09165565110743
right,149,174.064,174.168,170.512,127.5,260.5,133.0,0.10400000000001342,1339.0624999998145,2,1777057921008,42.33872948214412,-71.09166914597154
right,150,175.216,175.28,171.664,144.0,265.5,121.5,0.06399999999999295,1898.4375000002092,2,1777057922160,42.33872713521123,-71.09168632887304
right,151,176.352,176.464,172.8,130.5,276.0,145.5,0.11199999999999477,1413.1944444446056,2,1777057923296,42.338729817420244,-71.09170996583998
right,152,177.504,177.57600000000002,173.952,150.0,251.0,101.0,0.07200000000001694,1421.8749999996362,2,1777057924448,42.33873057179153,-71.09172413125634
right,153,178.656,178.72,175.104,133.5,270.0,136.5,0.06399999999999295,2132.8125000002346,2,1777057925600,42.338743479922414,-71.09176377765834
right,154,179.776,179.928,176.224,129.5,268.0,138.5,0.1519999999999868,915.2777777778658,2,1777057926720,42.33875487931073,-71.09178045764565
right,155,180.912,180.992,177.36,117.5,282.5,165.0,0.07999999999998408,2062.50000000041,2,1777057927856,42.338766446337104,-71.09179772436619
right,156,182.032,182.176,178.48,143.0,263.0,120.0,0.14399999999997704,833.3333333334663,2,1777057928976,42.33876627869904,-71.09181767329574
right,157,183.168,183.24,179.616,119.5,263.0,143.5,0.07199999999998852,1996.875000000307,2,1777057930112,42.338775247335434,-71.09182303771377
right,158,184.296,184.368,180.744,138.0,266.0,128.0,0.07199999999998852,1798.4375000002697,2,1777057931240,42.3387838806957,-71.09183016233146
right,159,185.44,185.584,181.888,124.0,254.5,130.5,0.14400000000000546,899.9999999999629,2,1777057932384,42.338799219578505,-71.09184298664331
right,160,186.56,186.64,183.008,137.5,251.5,114.0,0.0799999999999983,1429.6875000000534,2,1777057933504,42.33882587403059,-71.09187408350408
right,161,187.712,187.776,184.16,143.5,267.5,124.0,0.06400000000000716,2008.333333333155,2,1777057934656,42.33883853070438,-71.09188456088305
right,162,188.848,188.99200000000002,185.296,141.0,283.5,142.5,0.14399999999999125,990.6250000000655,2,1777057935792,42.338852444663644,-71.0918955411762
right,163,189.984,190.112,186.432,135.0,263.0,128.0,0.1279999999999859,1029.7619047619974,2,1777057936928,42.33886593952775,-71.09190442599356
right,164,191.136,191.248,187.584,145.0,257.5,112.5,0.11199999999999477,1004.4642857143326,2,1777057938080,42.33887683600187,-71.09191532246768
right,165,192.256,192.336,188.704,130.0,260.5,130.5,0.0799999999999983,1734.375000000101,2,1777057939200,42.33888169750571,-71.09192756004632
right,166,193.376,193.512,189.824,123.5,236.5,113.0,0.13599999999999568,832.1428571428855,2,1777057940320,42.338892593979836,-71.09193552285433
right,167,194.488,194.608,190.936,123.0,242.0,119.0,0.11999999999999034,1071.8750000001394,2,1777057941432,42.338905753567815,-71.0919454973191
right,168,195.608,195.72,192.056,125.0,239.0,114.0,0.11199999999999477,1017.8571428571904,2,1777057942552,42.338935593143106,-71.09196209348738
right,169,196.72,196.848,193.168,119.0,251.0,132.0,0.1280000000000001,1026.7857142857174,2,1777057943664,42.33895529061556,-71.09196905046701
right,170,197.824,197.89600000000002,194.272,122.5,227.0,104.5,0.07199999999998852,1703.1250000006266,2,1777057944768,42.33896803110838,-71.09197885729373
right,171,198.952,199.064,195.4,149.5,238.5,89.0,0.11199999999999477,992.1875000000857,2,1777057945896,42.33898311853409,-71.09198665246367
right,172,200.072,200.2,196.52,120.5,245.0,124.5,0.1279999999999859,1001.4880952381855,2,1777057947016,42.338996697217226,-71.09199486672878
right,173,201.192,201.28,197.64,139.5,263.5,124.0,0.08800000000000807,1434.3749999998442,2,1777057948136,42.33900583349168,-71.09200593084097
right,174,202.32,202.464,198.768,137.0,249.0,112.0,0.14400000000000546,782.8124999999616,2,1777057949264,42.339009353891015,-71.09201615676284
right,175,203.392,203.488,199.84,135.5,234.5,99.0,0.09600000000000364,1031.249999999961,2,1777057950336,42.33900859951973,-71.09202629886568
right,176,204.536,204.696,200.984,119.5,262.0,142.5,0.1599999999999966,890.625000000019,2,1777057951480,42.339016143232584,-71.09202973544598
right,177,205.68,205.8,202.128,124.0,242.0,118.0,0.11999999999999034,1143.7500000001687,2,1777057952624,42.33899845741689,-71.09205479733646
right,178,206.816,206.88799999999998,203.264,137.5,275.0,137.5,0.07199999999998852,1943.750000000287,2,1777057953760,42.33898085542023,-71.09207206405699
right,179,207.94400000000002,208.024,204.392,136.5,215.5,79.0,0.0799999999999983,937.5000000002235,2,1777057954888,42.338958056643605,-71.0920921806246
right,180,209.072,209.192,205.52,117.5,250.5,133.0,0.11999999999999034,1278.125000000186,2,1777057956016,42.33893467113376,-71.09211087226868
right,181,210.184,210.24,206.632,124.5,246.5,122.0,0.056000000000011596,2226.5624999996357,2,1777057957128,42.33891773968935,-71.0921307373792
right,182,211.296,211.416,207.744,139.0,247.0,108.0,0.12000000000000455,946.8749999999236,2,1777057958240,42.33890583738685,-71.09215177595615
right,183,212.432,212.56,208.88,135.0,278.0,143.0,0.12800000000001432,1195.8333333332357,2,1777057959376,42.33889712020755,-71.09217214398086
right,184,213.568,213.648,210.016,134.0,303.0,169.0,0.07999999999998408,2112.50000000042,2,1777057960512,42.33887323178351,-71.09220542013645
right,185,214.72,214.8,211.168,131.5,264.0,132.5,0.0800000000000125,1656.249999999741,2,1777057961664,42.33885923400521,-71.09222277067602
right,186,215.848,215.952,212.296,135.0,242.5,107.5,0.1039999999999992,1503.1249999999618,2,1777057962792,42.338845655322075,-71.09223953448236
right,187,218.096,218.16,214.544,129.0,236.0,107.0,0.06399999999999295,1671.8750000001842,2,1777057965040,42.33882528729737,-71.0922705475241
right,188,219.232,219.32,215.68,124.0,233.5,109.5,0.08799999999999386,1295.7589285715362,2,1777057966176,42.338812379166484,-71.09228638932109
right,189,220.392,220.47199999999998,216.84,130.5,257.5,127.0,0.0799999999999983,1635.4166666667434,2,1777057967336,42.3387994710356,-71.09229669906199
right,190,221.552,221.632,218.0,139.5,259.5,120.0,0.0800000000000125,1499.9999999997656,2,1777057968496,42.33878865838051,-71.0923096910119
right,191,222.712,222.816,219.16,144.5,278.0,133.5,0.1039999999999992,1289.4345238095264,2,1777057969656,42.338770385831594,-71.09233642928302
right,192,223.88,224.0,220.328,145.0,265.0,120.0,0.11999999999999034,1103.125000000149,2,1777057970824,42.33875697478652,-71.09235084615648
right,193,225.088,225.208,221.536,132.0,244.5,112.5,0.12000000000000455,948.1026785714103,2,1777057972032,42.33874708414078,-71.09236526302993
right,194,226.272,226.344,222.72,137.5,232.5,95.0,0.07200000000001694,1317.187499999679,2,1777057973216,42.33873937278986,-71.09237699769437
right,195,227.48000000000002,227.56,223.928,167.0,251.5,84.5,0.0799999999999983,1083.3333333333824,2,1777057974424,42.33873417600989,-71.09239334240556
right,196,228.72,228.8,225.168,183.0,229.0,46.0,0.0799999999999983,736.1111111113607,2,1777057975664,42.33872218988836,-71.09241278842092
right,197,230.224,230.264,226.672,227.0,243.5,16.5,0.04000000000000625,432.2916666665716,2,1777057977168,42.33871556818485,-71.0924190748483
right,198,234.336,234.43200000000002,230.784,201.5,239.5,38.0,0.09600000000000364,349.9999999999575,2,1777057981280,42.338709365576506,-71.09243634156883
right,199,237.208,237.288,233.656,145.5,233.5,88.0,0.0799999999999983,1098.9583333333726,2,1777057984152,42.33869628980756,-71.09246836043894
right,200,238.37599999999998,238.488,234.824,133.0,246.0,113.0,0.11200000000000898,1231.2499999997153,2,1777057985320,42.33869494870305,-71.09248495660722
right,201,239.44799999999998,239.51999999999998,235.896,134.5,230.5,96.0,0.07200000000000273,1335.9374999999723,2,1777057986392,42.33870014548302,-71.09250549226999
right,202,240.50400000000002,240.56,236.952,132.0,240.0,108.0,0.055999999999997385,1945.3125000000614,2,1777057987448,42.33870844356716,-71.09252787195146
right,203,241.584,241.664,238.032,143.5,241.5,98.0,0.07999999999998408,1225.0000000002437,2,1777057988528,42.33873073942959,-71.09256542287767
right,204,242.696,242.784,239.144,128.5,253.0,124.5,0.08800000000000807,1422.9166666665233,2,1777057989640,42.33874616213143,-71.09257732518017
right,205,243.808,243.856,240.256,123.5,229.5,106.0,0.04800000000001603,2460.9374999991783,2,1777057990752,42.33876083046198,-71.09259199351072
right,206,246.05599999999998,246.128,242.504,123.5,253.0,129.5,0.07199999999998852,1793.7500000002792,2,1777057993000,42.338790921494365,-71.09261378645897
right,207,247.144,247.24,243.592,135.0,237.5,102.5,0.09600000000000364,1067.708333333293,2,1777057994088,42.33880257233977,-71.09261848032475
right,208,248.24,248.336,244.688,130.5,241.0,110.5,0.09599999999998943,1265.6250000001394,2,1777057995184,42.338815899565816,-71.09262501820922
right,209,249.408,249.536,245.856,126.5,244.5,118.0,0.12800000000001432,972.9166666665842,2,1777057996352,42.338829981163144,-71.09262635931373
right,210,250.56,250.61599999999999,247.008,137.5,196.0,58.5,0.055999999999997385,824.999999999982,2,1777057997504,42.338859820738435,-71.09263013117015
right,211,251.832,251.92,248.28,139.0,242.5,103.5,0.08799999999997965,1193.7500000002672,2,1777057998776,42.33886987902224,-71.09262987971306
right,212,253.272,253.344,249.72,157.0,229.0,72.0,0.07200000000000273,944.196428571312,2,1777058000216,42.338882451877,-71.09262895770371
right,213,255.232,255.36,251.68,183.0,246.5,63.5,0.1280000000000001,482.29166666666436,2,1777058002176,42.338906675577164,-71.09262795187533
right,214,266.272,266.344,262.72,228.0,248.5,20.5,0.07200000000000273,239.58333333332425,2,1777058013216,42.338941376656294,-71.09264597296715
right,215,267.024,267.144,263.472,139.5,232.0,92.5,0.12000000000000455,893.7500000000846,2,1777058013968,42.33894213102758,-71.09264454804361
right,216,268.144,268.216,264.592,126.0,232.5,106.5,0.07200000000000273,1509.3749999998258,2,1777058015088,42.33894841745496,-71.09264429658651
right,217,269.2,269.32,265.648,135.0,243.5,108.5,0.12000000000000455,1018.7500000000828,2,1777058016144,42.33896082267165,-71.0926447995007
right,218,270.28,270.392,266.728,126.5,249.0,122.5,0.11199999999999477,1121.0937500000264,2,1777058017224,42.338973730802536,-71.09264387749135
right,219,271.344,271.424,267.792,136.0,258.5,122.5,0.07999999999998408,1632.812500000572,2,1777058018288,42.338988399133086,-71.09264278784394
right,220,272.448,272.504,268.896,133.0,223.5,90.5,0.056000000000011596,1682.2916666664225,2,1777058019392,42.33900373801589,-71.09264052473009
right,221,273.568,273.648,270.016,135.5,266.5,131.0,0.08000000000004093,1637.4999999991624,2,1777058020512,42.33903366141021,-71.09262853860855
right,222,274.712,274.8,271.16,112.0,233.0,121.0,0.08799999999999386,1378.125000000115,2,1777058021656,42.33904732391238,-71.09262032434344
right,223,275.888,275.968,272.336,115.5,236.0,120.5,0.08000000000004093,1506.2499999992294,2,1777058022832,42.33906081877649,-71.09260791912675
right,224,277.008,277.112,273.456,123.5,242.5,119.0,0.10400000000004184,1196.8749999994739,2,1777058023952,42.33907213434577,-71.09259886667132
right,225,278.144,278.248,274.592,126.0,238.5,112.5,0.103999999999985,1092.261904762025,2,1777058025088,42.33908445574343,-71.09258855693042
right,226,279.264,279.368,275.712,120.0,240.5,120.5,0.103999999999985,1206.2500000001955,2,1777058026208,42.33909786678851,-71.0925808455795
right,227,280.376,280.504,276.824,135.5,263.5,128.0,0.1279999999999859,1000.00000000011,2,1777058027320,42.3391102720052,-71.09257573261857
right,228,281.496,281.592,277.944,132.5,250.5,118.0,0.09599999999997522,1278.5714285717327,2,1777058028440,42.3391224257648,-71.0925710387528
right,229,282.608,282.68,279.056,141.0,232.0,91.0,0.07200000000000273,1285.9374999998604,2,1777058029552,42.33914262615144,-71.09256139956415
right,230,283.76,283.832,280.208,149.5,248.5,99.0,0.07200000000000273,1385.9374999998804,2,1777058030704,42.33915469609201,-71.09255695715547
right,231,284.864,284.928,281.312,129.5,223.0,93.5,0.06400000000002137,1786.4583333318224,2,1777058031808,42.33916785567999,-71.09255645424128
right,232,286.00800000000004,286.048,282.456,133.5,241.5,108.0,0.03999999999999204,2869.791666667659,2,1777058032952,42.33917975798249,-71.09255796298385
right,233,287.11199999999997,287.2,283.56,128.0,241.0,113.0,0.08799999999999386,1285.416666666772,2,1777058034056,42.339190570637584,-71.09256274066865
right,234,288.248,288.28,284.696,130.5,184.5,54.0,0.03200000000001069,1229.166666666435,2,1777058035192,42.33920448459685,-71.09256617724895
right,235,289.36,289.432,285.808,136.5,238.0,101.5,0.07200000000000273,1531.2499999999418,2,1777058036304,42.33922166749835,-71.09257774427533
right,236,290.456,290.512,286.904,132.5,241.0,108.5,0.056000000000011596,1979.1666666663418,2,1777058037400,42.33923583291471,-71.09257916919887
right,237,291.552,291.616,288.0,133.5,180.5,47.0,0.06399999999996453,580.3571428576979,2,1777058038496,42.33924756757915,-71.09257648698986
right,238,292.672,292.79999999999995,289.12,123.5,233.5,110.0,0.12799999999995748,937.5000000004086,2,1777058039616,42.33927112072706,-71.09257715754211
right,239,293.832,293.91200000000003,290.28,137.5,243.5,106.0,0.0800000000000125,1424.4791666663282,2,1777058040776,42.33928612433374,-71.09258436597884
right,240,296.064,296.144,292.512,130.0,228.0,98.0,0.07999999999998408,1225.0000000002437,2,1777058043008,42.33930674381554,-71.09258587472141
right,241,297.2,297.296,293.648,151.0,247.0,96.0,0.09600000000000364,1027.3437499998668,2,1777058044144,42.33931512571871,-71.09258788637817
right,242,298.344,298.432,294.792,121.5,234.0,112.5,0.08800000000002228,1296.8749999995957,2,1777058045288,42.33932719565928,-71.09259316697717
right,243,299.496,299.576,295.944,135.0,237.0,102.0,0.07999999999998408,1315.1041666670656,2,1777058046440,42.339342534542084,-71.09259618446231
right,244,300.656,300.736,297.104,128.0,236.0,108.0,0.07999999999998408,1350.0000000002685,2,1777058047600,42.33936734497547,-71.09260833822191
right,245,301.81600000000003,301.904,298.264,131.0,239.5,108.5,0.08799999999999386,1241.666666666778,2,1777058048760,42.33938687480986,-71.09260817058384
right,246,302.976,303.08799999999997,299.424,138.0,236.0,98.0,0.11199999999999477,894.5312500000222,2,1777058049920,42.339400788769126,-71.09261303208768
right,247,304.144,304.24,300.592,142.0,243.5,101.5,0.09600000000000364,1057.2916666666265,2,1777058051088,42.33941562473774,-71.09262166544795
right,248,305.296,305.4,301.744,122.5,241.0,118.5,0.103999999999985,1197.6562500001965,2,1777058052240,42.3394279461354,-71.09262895770371
right,249,306.448,306.568,302.896,141.0,241.0,100.0,0.12000000000003297,940.6249999996287,2,1777058053392,42.33943674713373,-71.09263884834945
right,250,307.584,307.72,304.032,136.5,251.0,114.5,0.1360000000000241,872.3214285712658,2,1777058054528,42.33944688923657,-71.09266852028668
right,251,308.744,308.816,305.192,142.0,258.5,116.5,0.0719999999999743,1634.3750000006416,2,1777058055688,42.339453091844916,-71.09268251806498
right,252,309.904,309.976,306.352,159.0,237.0,78.0,0.07200000000000273,1112.499999999855,2,1777058056848,42.3394609708339,-71.09269752167165
right,253,311.03200000000004,311.13599999999997,307.48,142.5,242.5,100.0,0.103999999999985,1046.0069444447795,2,1777058057976,42.339475974440575,-71.09270598739386
right,254,312.176,312.248,308.624,125.0,237.5,112.5,0.07200000000000273,1718.749999999935,2,1777058059120,42.33948854729533,-71.09271353110671
right,255,313.36,313.472,309.808,134.0,238.0,104.0,0.11199999999996635,1067.1875000004593,2,1777058060304,42.33949575573206,-71.09272199682891
right,256,314.552,314.672,311.0,143.0,243.5,100.5,0.12000000000000455,950.0000000000803,2,1777058061496,42.339500365778804,-71.09272669069469
right,257,315.744,315.824,312.192,128.5,242.0,113.5,0.07999999999998408,1418.7500000002824,2,1777058062688,42.3395127709955,-71.09273775480688
right,258,316.864,316.98400000000004,313.312,128.0,250.0,122.0,0.12000000000003297,1103.1249999995855,2,1777058063808,42.33952324837446,-71.09274446032941
right,259,317.96000000000004,318.05600000000004,314.408,147.5,232.5,85.0,0.09600000000000364,885.4166666666331,2,1777058064904,42.33953104354441,-71.09275099821389
right,260,319.12,319.224,315.568,124.0,236.5,112.5,0.103999999999985,1153.125000000192,2,1777058066064,42.33954219147563,-71.09276139177382
right,261,320.304,320.424,316.752,142.5,265.0,122.5,0.12000000000003297,1209.3749999994957,2,1777058067248,42.339549819007516,-71.09276985749602
right,262,321.464,321.52,317.912,150.0,244.5,94.5,0.055999999999983174,1731.7708333336886,2,1777058068408,42.33955895528197,-71.09277723357081
right,263,322.592,322.696,319.04,129.5,246.0,116.5,0.10400000000004184,1174.999999999482,2,1777058069536,42.33957789838314,-71.09278259798884
right,264,323.72,323.824,320.168,120.5,246.0,125.5,0.10400000000001342,1227.6785714284442,2,1777058070664,42.33958971686661,-71.09277807176113
right,265,324.864,324.99199999999996,321.312,124.5,238.0,113.5,0.12800000000001432,955.2083333332569,2,1777058071808,42.33959876932204,-71.09277497045696
right,266,326.0,326.10400000000004,322.448,144.0,234.0,90.0,0.10400000000001342,985.2430555553262,2,1777058072944,42.33960413374007,-71.09278083778918
right,267,327.136,327.24,323.584,128.5,233.5,105.0,0.103999999999985,1082.8125000001814,2,1777058074080,42.33960874378681,-71.09278913587332
right,268,328.256,328.352,324.704,138.0,248.5,110.5,0.09600000000003206,1200.89285714238,2,1777058075200,42.339618131518364,-71.09280003234744
right,269,329.352,329.48,325.8,127.0,236.0,109.0,0.12800000000001432,916.6666666665931,2,1777058076296,42.33963003382087,-71.09280506148934
right,270,330.472,330.544,326.92,142.0,257.0,115.0,0.0719999999999743,1600.000000000607,2,1777058077416,42.33964537270367,-71.09280765987933
right,271,331.584,331.672,328.032,142.5,233.0,90.5,0.08799999999999386,1038.5416666667634,2,1777058078528,42.33966926112771,-71.09282517805696
right,272,332.712,332.8,329.16,131.5,239.5,108.0,0.08799999999999386,1225.0000000000957,2,1777058079656,42.33967906795442,-71.092833224684
right,273,333.84799999999996,334.0,330.296,121.5,241.0,119.5,0.15200000000001523,784.7222222221444,2,1777058080792,42.33968862332404,-71.09283791854978
right,274,334.96799999999996,335.112,331.416,135.0,243.5,108.5,0.14400000000003388,767.187499999801,2,1777058081912,42.33970086090267,-71.09284143894911
right,275,336.08,336.18399999999997,332.528,120.5,235.5,115.0,0.10400000000001342,1120.5357142855933,2,1777058083024,42.33971192501485,-71.0928538441658
right,276,337.184,337.256,333.632,135.0,208.5,73.5,0.0719999999999743,1013.3928571432884,2,1777058084128,42.339724246412516,-71.09285979531705
right,277,338.304,338.448,334.752,134.0,240.0,106.0,0.14400000000000546,736.1111111110831,2,1777058085248,42.33973505906761,-71.0928715299815
right,278,339.408,339.496,335.856,132.5,233.5,101.0,0.08799999999996544,1243.3035714291473,2,1777058086352,42.33974654227495,-71.09287848696113
right,279,340.52,340.672,336.968,132.0,268.0,136.0,0.1519999999999868,897.5694444445104,2,1777058087464,42.33975827693939,-71.09288854524493
right,280,341.664,341.76800000000003,338.112,140.0,243.5,103.5,0.10400000000001342,1042.9687499997262,2,1777058088608,42.339781327173114,-71.09290706925094
right,281,342.77599999999995,342.896,339.224,136.5,249.0,112.5,0.12000000000003297,1009.3749999996246,2,1777058089720,42.33979373238981,-71.09291377477348
right,282,343.88,343.992,340.328,123.5,240.5,117.0,0.11200000000002319,1137.4999999996105,2,1777058090824,42.33980563469231,-71.09292173758149
right,283,345.024,345.088,341.472,131.0,247.0,116.0,0.06400000000002137,1812.4999999993947,2,1777058091968,42.3398182913661,-71.09293053857982
right,284,346.15200000000004,346.264,342.6,137.0,234.0,97.0,0.11199999999996635,926.3888888891297,2,1777058093096,42.339831283316016,-71.09293699264526
right,285,347.296,347.416,343.744,137.0,244.5,107.5,0.12000000000000455,950.0000000000491,2,1777058094240,42.339845951646566,-71.09294285997748
right,286,348.464,348.584,344.912,128.0,241.5,113.5,0.12000000000000455,951.4508928570833,2,1777058095408,42.33985944651067,-71.09294663183391
right,287,349.592,349.736,346.04,133.0,247.5,114.5,0.14400000000000546,795.1388888888588,2,1777058096536,42.33988123945892,-71.09296532347798
right,288,350.76,350.89599999999996,347.208,119.5,239.5,120.0,0.13599999999999568,904.0178571429503,2,1777058097704,42.33989238739014,-71.09297789633274
right,289,351.928,352.032,348.376,148.5,241.5,93.0,0.103999999999985,896.5773809524935,2,1777058098872,42.33990328386426,-71.09298854134977
right,290,353.104,353.22400000000005,349.552,127.0,232.5,105.5,0.12000000000003297,1031.2499999995746,2,1777058100048,42.339913845062256,-71.09299675561488
right,291,354.264,354.36,350.712,128.0,232.5,104.5,0.09600000000003206,1230.468749999589,2,1777058101208,42.33992432244122,-71.0930039640516
right,292,355.424,355.536,351.872,149.0,247.5,98.5,0.11200000000002319,1089.0624999996896,2,1777058102368,42.33993798494339,-71.0930110886693
right,293,356.56,356.68,353.008,132.5,244.0,111.5,0.12000000000000455,968.7499999999633,2,1777058103504,42.33996371738613,-71.09302818775177
right,294,357.712,357.856,354.16,144.5,258.0,113.5,0.14400000000000546,799.9999999999957,2,1777058104656,42.339974446222186,-71.09303774312139
right,295,358.88,358.98400000000004,355.328,132.0,247.0,115.0,0.10400000000001342,1111.607142857013,2,1777058105824,42.3399876896292,-71.0930507350713
right,296,360.048,360.128,356.496,136.0,245.5,109.5,0.07999999999998408,1368.7500000002724,2,1777058106992,42.340000849217176,-71.0930612962693
right,297,361.18399999999997,361.22400000000005,357.632,126.0,194.5,68.5,0.040000000000020464,1374.99999999918,2,1777058108128,42.34001283533871,-71.0930731985718
right,298,362.352,362.512,358.8,132.0,242.5,110.5,0.160000000000025,690.624999999892,2,1777058109296,42.340023731812835,-71.093081664294
right,299,363.536,363.616,359.984,131.5,234.5,103.0,0.0800000000000125,1359.3749999996942,2,1777058110480,42.34003555029631,-71.09308996237814
right,300,364.664,364.744,361.112,133.5,241.5,108.0,0.07999999999998408,1361.979166667036,2,1777058111608,42.34005625359714,-71.09310714527965
right,301,365.824,365.984,362.272,122.5,248.0,125.5,0.15999999999996817,784.3750000001561,2,1777058112768,42.34007075428963,-71.0931231547147
right,302,367.008,367.12800000000004,363.456,128.0,256.5,128.5,0.12000000000003297,1068.0803571425656,2,1777058113952,42.340081399306655,-71.0931339673698
right,303,368.192,368.304,364.64,128.0,229.5,101.5,0.11199999999996635,906.2500000002723,2,1777058115136,42.34009095467627,-71.09314595349133
right,304,369.36,369.488,365.808,119.5,235.0,115.5,0.1279999999999859,953.1250000000528,2,1777058116304,42.34009824693203,-71.09315492212772
right,305,370.528,370.624,366.976,133.0,236.5,103.5,0.09600000000000364,1078.124999999959,2,1777058117472,42.34010553918779,-71.09316498041153
right,306,371.688,371.808,368.136,139.5,233.0,93.5,0.11999999999997613,785.7142857144563,2,1777058118632,42.34012464992702,-71.09318065457046
right,307,372.8,372.96,369.248,119.5,231.0,111.5,0.15999999999996817,696.8750000001387,2,1777058119744,42.3401362169534,-71.09319037757814
right,308,373.968,374.096,370.416,141.5,245.0,103.5,0.1279999999999859,853.1250000000475,2,1777058120912,42.340143425390124,-71.09320177696645
right,309,375.104,375.2,371.552,129.0,229.5,100.5,0.09600000000000364,1046.8749999999604,2,1777058122048,42.34015398658812,-71.09321451745927
right,310,376.248,376.376,372.696,118.0,232.0,114.0,0.12800000000001432,966.6666666665908,2,1777058123192,42.3401687387377,-71.09321996569633
right,311,377.392,377.472,373.84,163.5,250.5,87.0,0.0800000000000125,1140.6249999997485,2,1777058124336,42.34018047340214,-71.0932267550379
right,312,378.536,378.688,374.984,141.0,237.0,96.0,0.1519999999999868,634.3750000000448,2,1777058125480,42.34018826857209,-71.09323605895042
right,313,379.664,379.824,376.112,134.5,237.5,103.0,0.160000000000025,643.7499999998994,2,1777058126608,42.340211318805814,-71.09325357712805
right,314,380.8,380.91200000000003,377.248,124.0,233.0,109.0,0.11199999999999477,1070.83333333346,2,1777058127744,42.34022372402251,-71.09326799400151
right,315,381.928,382.0,378.376,145.5,233.0,87.5,0.07200000000000273,1215.6249999999172,2,1777058128872,42.340234285220504,-71.0932803992182
right,316,383.088,383.20799999999997,379.536,123.5,237.5,114.0,0.11999999999997613,958.1473214287797,2,1777058130032,42.340240152552724,-71.09329448081553
right,317,384.256,384.392,380.704,132.0,244.5,112.5,0.1360000000000241,831.5972222220566,2,1777058131200,42.340249037370086,-71.093311579898
right,318,385.384,385.456,381.832,155.0,237.0,82.0,0.07200000000003115,1160.9374999995268,2,1777058132328,42.34025758691132,-71.09332683496177
right,319,386.504,386.632,382.952,138.0,240.0,102.0,0.12800000000001432,860.4166666665982,2,1777058133448,42.340265633538365,-71.09333848580718
right,320,387.64,387.744,384.088,137.5,238.5,101.0,0.103999999999985,1049.2187500001771,2,1777058134584,42.340286588296294,-71.09335089102387
right,321,388.744,388.87199999999996,385.192,135.5,240.0,104.5,0.1279999999999859,871.875000000044,2,1777058135688,42.340294886380434,-71.09335826709867
right,322,389.872,389.96799999999996,386.32,131.5,240.5,109.0,0.09599999999997522,1195.312500000437,2,1777058136816,42.34030402265489,-71.0933668166399
right,323,392.128,392.264,388.576,132.0,266.5,134.5,0.1360000000000241,1046.8749999998015,2,1777058139072,42.34032246284187,-71.09338148497045
right,324,393.248,393.312,389.696,140.0,231.0,91.0,0.06399999999999295,1408.333333333453,2,1777058140192,42.34033436514437,-71.09338819049299
right,325,394.336,394.456,390.784,129.5,239.0,109.5,0.11999999999997613,918.7500000001828,2,1777058141280,42.34034584835172,-71.09339539892972
right,326,395.464,395.56,391.912,137.5,239.5,102.0,0.09600000000000364,1062.4999999999598,2,1777058142408,42.34035632573068,-71.09340378083289
right,327,396.608,396.688,393.056,143.0,248.0,105.0,0.07999999999998408,1312.500000000261,2,1777058143552,42.3403793759644,-71.09341878443956
right,328,397.744,397.87199999999996,394.192,143.5,248.5,105.0,0.12799999999995748,885.4166666670463,2,1777058144688,42.34039287082851,-71.09343018382788
right,329,398.904,398.96799999999996,395.352,163.0,245.5,82.5,0.06399999999999295,1289.0625000002424,2,1777058145848,42.340404437854886,-71.09343387186527
right,330,400.032,400.08000000000004,396.48,124.0,175.0,51.0,0.04800000000003024,987.499999999184,2,1777058146976,42.340419022366405,-71.09343898482621
right,331,401.17600000000004,401.28,397.624,154.5,244.0,89.5,0.10399999999995657,875.744047619447,2,1777058148120,42.34043729491532,-71.09344149939716
right,332,402.32,402.44,398.768,149.0,251.0,102.0,0.12000000000000455,896.8750000000441,2,1777058149264,42.340458668768406,-71.09344359487295
right,333,403.504,403.624,399.952,153.5,253.0,99.5,0.11999999999997613,978.1250000001946,2,1777058150448,42.34047836624086,-71.0934500489384
right,334,404.656,404.77599999999995,401.104,152.0,251.5,99.5,0.11999999999997613,884.375000000176,2,1777058151600,42.34049638733268,-71.09347351826727
right,335,405.84799999999996,405.936,402.296,130.0,240.0,110.0,0.08799999999999386,1246.8750000000964,2,1777058152792,42.34050476923585,-71.09348868951201
right,336,407.024,407.12,403.472,131.0,249.0,118.0,0.09600000000000364,1291.0714285714987,2,1777058153968,42.34051214531064,-71.09350176528096
right,337,408.208,408.256,404.656,140.5,195.0,54.5,0.0479999999999734,1056.2500000012094,2,1777058155152,42.34052689746022,-71.09351148828864
