time_utc,lat,lon,ele,elapsed_s,total_pressure,total_pressure_R,total_pressure_L,p_norm
2026-04-24 19:09:08+00:00,42.336990321055055,-71.090600034222,3.0,0.0,3935.5,3809.0,4062.0,0.6773248787977886
2026-04-24 19:09:09+00:00,42.33698168769479,-71.09059609472752,3.0,1.0,3675.5,3919.0,3432.0,0.30767590315196863
2026-04-24 19:09:10+00:00,42.33698286116123,-71.09059617854655,3.0,2.0,3592.5,4173.0,3012.0,0.18967257631118764
2026-04-24 19:09:11+00:00,42.336983447894454,-71.0906058177352,3.0,3.0,3531.0,2840.0,4222.0,0.10223637630265715
2026-04-24 19:09:12+00:00,42.33698948286474,-71.09060657210648,3.0,4.0,3415.5,2683.0,4148.0,0.0
2026-04-24 19:09:13+00:00,42.336997697129846,-71.0906142834574,3.0,5.0,3411.5,2661.0,4162.0,0.0
2026-04-24 19:09:14+00:00,42.33699786476791,-71.09063029289246,3.0,6.0,3509.5,3081.0,3938.0,0.07166924947040665
2026-04-24 19:09:15+00:00,42.33700222335756,-71.090650241822,3.0,7.0,3595.5,4073.0,3118.0,0.19393775679940864
2026-04-24 19:09:16+00:00,42.337009347975254,-71.0906639881432,3.0,8.0,3514.0,4056.0,2972.0,0.07806702020273815
2026-04-24 19:09:17+00:00,42.337013958022,-71.0906763933599,3.0,9.0,3612.0,2840.0,4384.0,0.21739624948462413
2026-04-24 19:09:18+00:00,42.33702133409679,-71.09068938530982,3.200000047683716,10.0,3395.0,2749.0,4041.0,0.0
2026-04-24 19:09:19+00:00,42.337026530876756,-71.0907036345452,3.200000047683716,11.0,3650.5,3285.0,4016.0,0.27213273241679364
2026-04-24 19:09:20+00:00,42.33702829107642,-71.09071796759963,3.4000000953674316,12.0,3577.0,4084.0,3070.0,0.16763581045537915
2026-04-24 19:09:21+00:00,42.33703097328544,-71.09073355793953,3.4000000953674316,13.0,3481.5,3994.0,2969.0,0.03186089824701066
2026-04-24 19:09:22+00:00,42.33703667297959,-71.09075677581131,3.4000000953674316,14.0,3516.0,4041.0,2991.0,0.08091047386155215
2026-04-24 19:09:23+00:00,42.33703734353185,-71.09078108333051,3.5999999046325684,15.0,3639.5,4268.0,3011.0,0.25649373729331665
2026-04-24 19:09:24+00:00,42.3370364215225,-71.09080337919295,3.799999952316284,16.0,3659.0,4294.0,3024.0,0.28421741046675314
2026-04-24 19:09:25+00:00,42.33703809790313,-71.0908228252083,3.799999952316284,17.0,3548.5,3552.0,3545.0,0.12711659581727963
2026-04-24 19:09:26+00:00,42.33704237267375,-71.09084093011916,3.799999952316284,18.0,3567.5,2877.0,4258.0,0.15412940557601265
2026-04-24 19:09:27+00:00,42.33704539015889,-71.09085367061198,4.0,19.0,3533.0,2734.0,4332.0,0.10507982996147115
2026-04-24 19:09:28+00:00,42.33705058693886,-71.0908648185432,4.0,20.0,3492.5,2717.0,4268.0,0.047499893370487656
2026-04-24 19:09:29+00:00,42.33705259859562,-71.09087638556957,4.0,21.0,3470.0,2787.0,4153.0,0.01551103970883016
2026-04-24 19:09:30+00:00,42.337058885023,-71.0908872820437,4.0,22.0,3560.0,2769.0,4351.0,0.14346645435546015
2026-04-24 19:09:31+00:00,42.3370657581836,-71.09089524485171,4.0,23.0,3794.5,3687.0,3902.0,0.4768613958514016
2026-04-24 19:09:32+00:00,42.33707229606807,-71.09090832062066,4.0,24.0,3608.5,4131.0,3086.0,0.21242020558169963
2026-04-24 19:09:33+00:00,42.33707891777158,-71.09092273749411,4.0,25.0,3484.5,3901.0,3068.0,0.03612607873523166
2026-04-24 19:09:34+00:00,42.33708629384637,-71.09093732200563,4.0,26.0,3513.0,3989.0,3037.0,0.07664529337333115
2026-04-24 19:09:35+00:00,42.337094927206635,-71.09095425345004,4.0,27.0,3611.0,4215.0,3007.0,0.21597452265521713
2026-04-24 19:09:36+00:00,42.337103141471744,-71.09097495675087,4.0,28.0,3672.5,4337.0,3008.0,0.30341072266374763
2026-04-24 19:09:37+00:00,42.33710783533752,-71.09099448658526,4.0,29.0,3600.5,3708.0,3493.0,0.20104639094644364
2026-04-24 19:09:38+00:00,42.33711403794587,-71.09101317822933,3.799999952316284,30.0,3563.0,2853.0,4273.0,0.14773163484368115
2026-04-24 19:09:39+00:00,42.33711848035455,-71.0910318698734,3.799999952316284,31.0,3561.0,2776.0,4346.0,0.14488818118486715
2026-04-24 19:09:40+00:00,42.337122755125165,-71.09104963950813,3.799999952316284,32.0,3556.0,2855.0,4257.0,0.13777954703783216
2026-04-24 19:09:41+00:00,42.33713272958994,-71.0910630505532,3.799999952316284,33.0,3483.0,2763.0,4203.0,0.03399348849112116
2026-04-24 19:09:42+00:00,42.33714245259762,-71.09107646159828,3.5999999046325684,34.0,3613.0,2784.0,4442.0,0.21881797631403113
2026-04-24 19:09:43+00:00,42.337148739025,-71.09108936972916,3.5999999046325684,35.0,3641.0,2991.0,4291.0,0.25862632753742715
2026-04-24 19:09:44+00:00,42.337162820622325,-71.09109682962298,3.5999999046325684,36.0,3747.0,4166.0,3328.0,0.4093293714545691
2026-04-24 19:09:45+00:00,42.33714781701565,-71.09112574718893,3.5999999046325684,37.0,3601.5,4084.0,3119.0,0.20246811777585064
2026-04-24 19:09:46+00:00,42.33715779148042,-71.09113186597824,3.4000000953674316,38.0,3560.0,4077.0,3043.0,0.14346645435546015
2026-04-24 19:09:47+00:00,42.337158378213644,-71.09114963561296,3.4000000953674316,39.0,3658.5,4298.0,3019.0,0.28350654705204964
2026-04-24 19:09:48+00:00,42.337172040715814,-71.09115969389677,3.4000000953674316,40.0,3395.0,3770.0,3020.0,0.0
2026-04-24 19:09:49+00:00,42.3371812608093,-71.09116765670478,3.200000047683716,41.0,3649.0,3224.0,4074.0,0.27000014217268314
2026-04-24 19:09:50+00:00,42.33718788251281,-71.09117369167507,3.200000047683716,42.0,3590.5,2797.0,4384.0,0.18682912265237364
2026-04-24 19:09:51+00:00,42.337194085121155,-71.09118073247373,3.200000047683716,43.0,3477.5,2785.0,4170.0,0.02617399092938266
2026-04-24 19:09:52+00:00,42.33719986863434,-71.09118827618659,3.200000047683716,44.0,3488.0,2745.0,4231.0,0.04110212263815616
2026-04-24 19:09:53+00:00,42.33721227385104,-71.0911941435188,3.0,45.0,3447.5,2650.0,4245.0,0.0
2026-04-24 19:09:54+00:00,42.33721545897424,-71.09120604582131,3.0,46.0,3784.5,3991.0,3578.0,0.4626441275573316
2026-04-24 19:09:55+00:00,42.337219063192606,-71.09121887013316,2.799999952316284,47.0,3574.5,4005.0,3144.0,0.16408149338186165
2026-04-24 19:09:56+00:00,42.33722266741097,-71.09122264198959,2.799999952316284,48.0,3558.5,4118.0,2999.0,0.14133386411134966
2026-04-24 19:09:57+00:00,42.337225349619985,-71.09122389927506,2.799999952316284,49.0,3611.0,4221.0,3001.0,0.21597452265521713
2026-04-24 19:09:58+00:00,42.337228031829,-71.09122247435153,2.799999952316284,50.0,3620.0,3525.0,3715.0,0.22877006411988013
2026-04-24 19:09:59+00:00,42.33723163604736,-71.09121937304735,2.799999952316284,51.0,3631.5,2843.0,4420.0,0.24511992265806062
2026-04-24 19:10:00+00:00,42.33723398298025,-71.09121979214251,2.799999952316284,52.0,3549.5,2752.0,4347.0,0.12853832264668663
2026-04-24 19:10:01+00:00,42.337241442874074,-71.09121358953416,2.799999952316284,53.0,3513.0,2735.0,4291.0,0.07664529337333115
2026-04-24 19:10:02+00:00,42.33724856749177,-71.09120512381196,2.799999952316284,54.0,3493.5,2710.0,4277.0,0.048921620199894655
2026-04-24 19:10:03+00:00,42.33725594356656,-71.09119825065136,2.799999952316284,55.0,3534.0,2893.0,4175.0,0.10650155679087815
2026-04-24 19:10:04+00:00,42.33726382255554,-71.09119581989944,2.799999952316284,56.0,3776.0,3995.0,3557.0,0.4505594495073721
2026-04-24 19:10:05+00:00,42.337272791191936,-71.09119665808976,3.0,57.0,3554.5,4030.0,3079.0,0.13564695679372166
2026-04-24 19:10:06+00:00,42.33728377148509,-71.09119489789009,3.0,58.0,3517.0,4015.0,3019.0,0.08233220069095915
2026-04-24 19:10:07+00:00,42.33730338513851,-71.09119162894785,3.0,59.0,3561.0,4092.0,3030.0,0.14488818118486715
2026-04-24 19:10:08+00:00,42.33732341788709,-71.09118425287306,3.0,60.0,3637.0,4281.0,2993.0,0.25293942021979915
2026-04-24 19:10:09+00:00,42.337339678779244,-71.09117629006505,3.200000047683716,61.0,3597.0,3515.0,3679.0,0.19607034704351914
2026-04-24 19:10:10+00:00,42.33735468238592,-71.09116254374385,3.200000047683716,62.0,3568.5,2778.0,4359.0,0.15555113240541965
2026-04-24 19:10:11+00:00,42.3373749665916,-71.09115273691714,3.200000047683716,63.0,3536.0,2729.0,4343.0,0.10934501044969215
2026-04-24 19:10:12+00:00,42.33739089220762,-71.09113647602499,3.200000047683716,64.0,3492.0,2760.0,4224.0,0.046789029955784156
2026-04-24 19:10:13+00:00,42.33740656636655,-71.09111367724836,3.200000047683716,65.0,3457.0,2683.0,4231.0,0.0
2026-04-24 19:10:14+00:00,42.3374214861542,-71.09108668752015,3.4000000953674316,66.0,3723.5,3726.0,3721.0,0.3759187909635046
2026-04-24 19:10:15+00:00,42.3374436981976,-71.09105517156422,3.4000000953674316,67.0,3602.5,4110.0,3095.0,0.20388984460525764
2026-04-24 19:10:16+00:00,42.33746155165136,-71.09105743467808,3.4000000953674316,68.0,3548.5,4050.0,3047.0,0.12711659581727963
2026-04-24 19:10:17+00:00,42.33747764490545,-71.09105282463133,3.4000000953674316,69.0,3615.0,4186.0,3044.0,0.22166142997284513
2026-04-24 19:10:18+00:00,42.33749323524535,-71.0910408385098,3.5999999046325684,70.0,3590.0,4166.0,3014.0,0.18611825923767014
2026-04-24 19:10:19+00:00,42.33751008287072,-71.09103069640696,3.5999999046325684,71.0,3727.0,3388.0,4066.0,0.3808948348664291
2026-04-24 19:10:20+00:00,42.337526343762875,-71.0910215601325,3.5999999046325684,72.0,3633.0,2796.0,4470.0,0.24725251290217112
2026-04-24 19:10:21+00:00,42.33754168264568,-71.09100982546806,3.5999999046325684,73.0,3486.0,2729.0,4243.0,0.03825866897934216
2026-04-24 19:10:22+00:00,42.33755651861429,-71.09100689180195,3.5999999046325684,74.0,3466.5,2742.0,4191.0,0.010534995805905662
2026-04-24 19:10:23+00:00,42.33757026493549,-71.09100705944002,3.5999999046325684,75.0,3502.5,2750.0,4255.0,0.06171716166455765
2026-04-24 19:10:24+00:00,42.3375803232193,-71.09101275913417,3.5999999046325684,76.0,3807.5,3941.0,3674.0,0.4953438446336926
2026-04-24 19:10:25+00:00,42.33759758993983,-71.09101418405771,3.799999952316284,77.0,3597.5,4089.0,3106.0,0.19678121045822264
2026-04-24 19:10:26+00:00,42.33761938288808,-71.09100957401097,3.799999952316284,78.0,3530.0,3995.0,3065.0,0.10081464947325015
2026-04-24 19:10:27+00:00,42.33764335513115,-71.09101175330579,3.799999952316284,79.0,3639.0,4231.0,3047.0,0.25578287387861315
2026-04-24 19:10:28+00:00,42.337666070088744,-71.09101108275354,3.799999952316284,80.0,3485.5,3913.0,3058.0,0.03754780556463866
2026-04-24 19:10:29+00:00,42.33768526464701,-71.091014938429,3.799999952316284,81.0,3625.5,2821.0,4430.0,0.23658956168161863
2026-04-24 19:10:30+00:00,42.33770169317722,-71.09101787209511,3.799999952316284,82.0,3558.0,2779.0,4337.0,0.14062300069664616
2026-04-24 19:10:31+00:00,42.33771904371679,-71.09102776274085,3.799999952316284,83.0,3474.5,2777.0,4172.0,0.02190881044116166
2026-04-24 19:10:32+00:00,42.3377391602844,-71.09104595147073,3.799999952316284,84.0,3538.0,2689.0,4387.0,0.11218846410850615
2026-04-24 19:10:33+00:00,42.337770257145166,-71.09104729257524,3.799999952316284,85.0,3771.0,4015.0,3527.0,0.4434508153603371
2026-04-24 19:10:34+00:00,42.3377891164273,-71.09107562340796,3.799999952316284,86.0,3631.5,4166.0,3097.0,0.24511992265806062
2026-04-24 19:10:35+00:00,42.33777486719191,-71.09109984710813,3.799999952316284,87.0,3622.5,4218.0,3027.0,0.23232438119339763
2026-04-24 19:10:36+00:00,42.33777042478323,-71.09113538637757,3.799999952316284,88.0,3631.5,4237.0,3026.0,0.24511992265806062
2026-04-24 19:10:37+00:00,42.33776296488941,-71.09115784987807,3.799999952316284,89.0,3734.5,3231.0,4238.0,0.3915577860869816
2026-04-24 19:10:38+00:00,42.337769670411944,-71.09117092564702,3.799999952316284,90.0,3590.5,2792.0,4389.0,0.18682912265237364
2026-04-24 19:10:39+00:00,42.33777344226837,-71.09117637388408,3.799999952316284,91.0,3427.5,2747.0,4108.0,0.0
2026-04-24 19:10:40+00:00,42.33777495101094,-71.09117955900729,3.799999952316284,92.0,3478.5,2646.0,4311.0,0.02759571775878966
2026-04-24 19:10:41+00:00,42.337765730917454,-71.09117075800896,3.799999952316284,93.0,3872.0,4302.0,3442.0,0.5870452251304441
2026-04-24 19:10:42+00:00,42.337764389812946,-71.09116472303867,3.799999952316284,94.0,3655.0,4194.0,3116.0,0.27853050314912514
2026-04-24 19:10:43+00:00,42.33776229433715,-71.09115944243968,4.0,95.0,3489.5,3977.0,3002.0,0.04323471288226666
2026-04-24 19:10:44+00:00,42.3377650603652,-71.09114913269877,4.0,96.0,3488.0,3740.0,3236.0,0.04110212263815616
2026-04-24 19:10:45+00:00,42.33776816166937,-71.0911446902901,4.0,97.0,3642.5,2851.0,4434.0,0.26075891778153765
2026-04-24 19:10:46+00:00,42.33777235262096,-71.09114049933851,3.799999952316284,98.0,3553.5,2860.0,4247.0,0.13422522996431466
2026-04-24 19:10:47+00:00,42.33778199180961,-71.0911407507956,3.799999952316284,99.0,3522.5,2788.0,4257.0,0.09015169825269766
2026-04-24 19:10:48+00:00,42.337792217731476,-71.09114209190011,3.799999952316284,100.0,3576.5,3202.0,3951.0,0.16692494704067565
2026-04-24 19:10:49+00:00,42.33780772425234,-71.09114209190011,3.799999952316284,101.0,3703.5,4263.0,3144.0,0.3474842543753646
2026-04-24 19:10:50+00:00,42.33782649971545,-71.09114066697657,3.799999952316284,102.0,3526.5,4028.0,3025.0,0.09583860557032566
2026-04-24 19:10:51+00:00,42.33784183859825,-71.09113907441497,4.0,103.0,3680.0,4294.0,3066.0,0.31407367388430013
2026-04-24 19:10:52+00:00,42.337860530242324,-71.09115164726973,4.0,104.0,3647.5,4235.0,3060.0,0.26786755192857264
2026-04-24 19:10:53+00:00,42.33787938952446,-71.09114846214652,4.0,105.0,3632.0,3028.0,4236.0,0.24583078607276412
2026-04-24 19:10:54+00:00,42.33790805563331,-71.09113505110145,4.0,106.0,3615.0,2819.0,4411.0,0.22166142997284513
2026-04-24 19:10:55+00:00,42.33793546445668,-71.09113505110145,4.0,107.0,3571.5,2836.0,4307.0,0.15981631289364065
2026-04-24 19:10:56+00:00,42.33795457519591,-71.09113119542599,4.0,108.0,3520.5,2780.0,4261.0,0.08730824459388366
2026-04-24 19:10:57+00:00,42.33797745779157,-71.09113563783467,4.0,109.0,3457.0,2827.0,4087.0,0.0
2026-04-24 19:10:58+00:00,42.338007129728794,-71.09113438054919,4.0,110.0,3805.0,4310.0,3300.0,0.4917895275601751
2026-04-24 19:10:59+00:00,42.3380293417722,-71.09113781712949,4.199999809265137,111.0,3626.5,4141.0,3112.0,0.23801128851102563
2026-04-24 19:11:00+00:00,42.338052140548825,-71.09114686958492,4.199999809265137,112.0,3612.0,4195.0,3029.0,0.21739624948462413
2026-04-24 19:11:01+00:00,42.33807527460158,-71.09114527702332,4.199999809265137,113.0,3646.5,4252.0,3041.0,0.26644582509916565
2026-04-24 19:11:02+00:00,42.33809773810208,-71.0911494679749,4.199999809265137,114.0,3774.0,3813.0,3735.0,0.4477159958485581
2026-04-24 19:11:03+00:00,42.33810377307236,-71.09114519320428,4.199999809265137,115.0,3713.5,2912.0,4515.0,0.3617015226694346
2026-04-24 19:11:04+00:00,42.33811383135617,-71.09114569611847,4.199999809265137,116.0,3561.0,2827.0,4295.0,0.14488818118486715
2026-04-24 19:11:05+00:00,42.33812749385834,-71.09115223400295,4.199999809265137,117.0,3524.0,2826.0,4222.0,0.09228428849680816
2026-04-24 19:11:06+00:00,42.338149789720774,-71.09115784987807,4.199999809265137,118.0,3673.5,2942.0,4405.0,0.30483244949315463
2026-04-24 19:11:07+00:00,42.33816563151777,-71.09116279520094,4.199999809265137,119.0,3599.0,3150.0,4048.0,0.19891380070233314
2026-04-24 19:11:08+00:00,42.338194381445646,-71.09117989428341,4.199999809265137,120.0,3844.5,4299.0,3390.0,0.5479477373217516
2026-04-24 19:11:09+00:00,42.33821994625032,-71.09119003638625,4.199999809265137,121.0,3706.0,4271.0,3141.0,0.3510385714488821
2026-04-24 19:11:10+00:00,42.338244672864676,-71.09119766391814,4.199999809265137,122.0,3637.0,4200.0,3074.0,0.25293942021979915
2026-04-24 19:11:11+00:00,42.338265627622604,-71.09120755456388,4.199999809265137,123.0,3624.5,4157.0,3092.0,0.23516783485221163
2026-04-24 19:11:12+00:00,42.3382867500186,-71.09122046269476,4.199999809265137,124.0,3741.5,3106.0,4377.0,0.4015098738928306
2026-04-24 19:11:13+00:00,42.338311057537794,-71.09123169444501,4.199999809265137,125.0,3602.0,2878.0,4326.0,0.20317898119055414
2026-04-24 19:11:14+00:00,42.33832689933479,-71.09123513102531,4.199999809265137,126.0,3457.0,2737.0,4177.0,0.0
2026-04-24 19:11:15+00:00,42.33833561651409,-71.0912414174527,4.199999809265137,127.0,3544.0,2732.0,4356.0,0.12071882508494815
2026-04-24 19:11:16+00:00,42.338357074186206,-71.09124493785203,4.199999809265137,128.0,3828.5,4018.0,3639.0,0.5252001080512396
2026-04-24 19:11:17+00:00,42.33837543055415,-71.09125013463199,4.199999809265137,129.0,3585.0,4010.0,3160.0,0.17900962509063514
2026-04-24 19:11:18+00:00,42.338400995358825,-71.09124795533717,4.199999809265137,130.0,3573.5,4073.0,3074.0,0.16265976655245465
2026-04-24 19:11:19+00:00,42.338414657860994,-71.09125616960227,4.199999809265137,131.0,3673.0,4295.0,3051.0,0.30412158607845113
2026-04-24 19:11:20+00:00,42.33843888156116,-71.0912720952183,4.0,132.0,3634.0,3665.0,3603.0,0.24867423973157812
2026-04-24 19:11:21+00:00,42.3384453356266,-71.09128039330244,4.0,133.0,3670.0,2834.0,4506.0,0.29985640559023014
2026-04-24 19:11:22+00:00,42.33844466507435,-71.09128617681563,4.0,134.0,3579.0,2797.0,4361.0,0.17047926411419315
2026-04-24 19:11:23+00:00,42.338450867682695,-71.09129648655653,4.0,135.0,3586.5,2837.0,4336.0,0.18114221533474564
2026-04-24 19:11:24+00:00,42.33846084214747,-71.09130092896521,3.799999952316284,136.0,3530.0,2703.0,4357.0,0.10081464947325015
2026-04-24 19:11:25+00:00,42.338474756106734,-71.09130864031613,3.799999952316284,137.0,3769.0,4135.0,3403.0,0.4406073617015231
2026-04-24 19:11:26+00:00,42.33848766423762,-71.09131635166705,3.799999952316284,138.0,3592.0,4072.0,3112.0,0.18896171289648414
2026-04-24 19:11:27+00:00,42.33849864453077,-71.09132959507406,3.799999952316284,139.0,3584.5,4071.0,3098.0,0.17829876167593164
2026-04-24 19:11:28+00:00,42.33850618824363,-71.09133906662464,3.799999952316284,140.0,3713.0,4360.0,3066.0,0.3609906592547311
2026-04-24 19:11:29+00:00,42.33851817436516,-71.09135088510811,3.799999952316284,141.0,3658.0,4292.0,3024.0,0.28279568363734614
2026-04-24 19:11:30+00:00,42.33852747827768,-71.09135373495519,3.799999952316284,142.0,3725.5,3127.0,4324.0,0.3787622446223186
2026-04-24 19:11:31+00:00,42.33854005113244,-71.09136119484901,3.799999952316284,143.0,3671.0,2831.0,4511.0,0.30127813241963713
2026-04-24 19:11:32+00:00,42.33855572529137,-71.09137485735118,3.799999952316284,144.0,3602.0,2824.0,4380.0,0.20317898119055414
2026-04-24 19:11:33+00:00,42.338573494926095,-71.09138139523566,3.799999952316284,145.0,3540.0,2782.0,4298.0,0.11503191776732015
2026-04-24 19:11:34+00:00,42.338589588180184,-71.09138743020594,3.799999952316284,146.0,3748.0,3320.0,4176.0,0.4107510982839761
2026-04-24 19:11:35+00:00,42.33859905973077,-71.09139371663332,3.799999952316284,147.0,3725.5,4277.0,3174.0,0.3787622446223186
2026-04-24 19:11:36+00:00,42.33861045911908,-71.09138793312013,3.799999952316284,148.0,3630.0,4151.0,3109.0,0.24298733241395012
2026-04-24 19:11:37+00:00,42.33862009830773,-71.09137644991279,4.0,149.0,3701.5,4364.0,3039.0,0.3446408007165506
2026-04-24 19:11:38+00:00,42.338640885427594,-71.09136773273349,4.0,150.0,3684.5,4304.0,3065.0,0.32047144461663163
2026-04-24 19:11:39+00:00,42.33865044079721,-71.09137519262731,4.0,151.0,3762.0,3147.0,4377.0,0.4306552738956741
2026-04-24 19:11:40+00:00,42.33866007998586,-71.09137745574117,4.0,152.0,3676.5,2808.0,4545.0,0.30909762998137563
2026-04-24 19:11:41+00:00,42.338670222088695,-71.09138525091112,4.0,153.0,3483.0,2757.0,4209.0,0.03399348849112116
2026-04-24 19:11:42+00:00,42.33867206610739,-71.09139522537589,4.0,154.0,3528.5,2761.0,4296.0,0.09868205922913965
2026-04-24 19:11:43+00:00,42.338681537657976,-71.09140193089843,4.0,155.0,3850.5,3904.0,3797.0,0.5564780982981936
2026-04-24 19:11:44+00:00,42.33868799172342,-71.09141659922898,4.0,156.0,3710.0,4289.0,3131.0,0.3567254787665101
2026-04-24 19:11:45+00:00,42.33870266005397,-71.09142623841763,4.0,157.0,3600.5,4127.0,3074.0,0.20104639094644364
2026-04-24 19:11:46+00:00,42.338716238737106,-71.09143353067338,4.0,158.0,3625.5,4217.0,3034.0,0.23658956168161863
2026-04-24 19:11:47+00:00,42.338731829077005,-71.09143705107272,4.0,159.0,3620.5,3875.0,3366.0,0.22948092753458363
2026-04-24 19:11:48+00:00,42.33874297700822,-71.0914486180991,4.0,160.0,3711.0,2902.0,4520.0,0.3581472055959171
2026-04-24 19:11:49+00:00,42.33873954042792,-71.09145892784,4.0,161.0,3640.0,2844.0,4436.0,0.25720460070802015
2026-04-24 19:11:50+00:00,42.3387267999351,-71.09146798029542,4.0,162.0,3522.5,2802.0,4243.0,0.09015169825269766
2026-04-24 19:11:51+00:00,42.33873878605664,-71.09149128198624,4.0,163.0,3568.5,2739.0,4398.0,0.15555113240541965
2026-04-24 19:11:52+00:00,42.33873954042792,-71.09151156619191,4.0,164.0,3834.5,4004.0,3665.0,0.5337304690276816
2026-04-24 19:11:53+00:00,42.338740630075336,-71.09153059311211,4.0,165.0,3675.5,4217.0,3134.0,0.30767590315196863
2026-04-24 19:11:54+00:00,42.3387426417321,-71.09155003912747,4.0,166.0,3587.5,4053.0,3122.0,0.18256394216415264
2026-04-24 19:11:55+00:00,42.338743479922414,-71.09156621620059,4.0,167.0,3688.5,4319.0,3058.0,0.3261583519342596
2026-04-24 19:11:56+00:00,42.33874037861824,-71.0915828961879,4.0,168.0,3561.0,4131.0,2991.0,0.14488818118486715
2026-04-24 19:11:57+00:00,42.33873836696148,-71.09160024672747,4.199999809265137,169.0,3701.0,2921.0,4481.0,0.3439299373018471
2026-04-24 19:11:58+00:00,42.33873258344829,-71.09161717817187,4.199999809265137,170.0,3672.0,2878.0,4466.0,0.30269985924904413
2026-04-24 19:11:59+00:00,42.338736187666655,-71.09163612127304,4.199999809265137,171.0,3553.0,2907.0,4199.0,0.13351436654961116
2026-04-24 19:12:00+00:00,42.33873291872442,-71.09165565110743,4.199999809265137,172.0,3595.0,2822.0,4368.0,0.19322689338470514
2026-04-24 19:12:01+00:00,42.33872948214412,-71.09166914597154,4.199999809265137,173.0,3802.5,3757.0,3848.0,0.4882352104866576
2026-04-24 19:12:02+00:00,42.33872713521123,-71.09168632887304,4.199999809265137,174.0,3703.5,4222.0,3185.0,0.3474842543753646
2026-04-24 19:12:03+00:00,42.338729817420244,-71.09170996583998,4.199999809265137,175.0,3629.0,4155.0,3103.0,0.24156560558454312
2026-04-24 19:12:04+00:00,42.33873057179153,-71.09172413125634,4.199999809265137,176.0,3641.5,4201.0,3082.0,0.25933719095213065
2026-04-24 19:12:05+00:00,42.3387339245528,-71.09174575656652,4.199999809265137,177.0,3749.0,3352.0,4146.0,0.4121728251133831
2026-04-24 19:12:06+00:00,42.338743479922414,-71.09176377765834,4.199999809265137,178.0,3722.5,2938.0,4507.0,0.3744970641340976
2026-04-24 19:12:07+00:00,42.33875487931073,-71.09178045764565,4.199999809265137,179.0,3578.0,2895.0,4261.0,0.16905753728478615
2026-04-24 19:12:08+00:00,42.338766446337104,-71.09179772436619,4.199999809265137,180.0,3621.5,2818.0,4425.0,0.23090265436399063
2026-04-24 19:12:09+00:00,42.33876627869904,-71.09181767329574,4.199999809265137,181.0,3743.5,3360.0,4127.0,0.4043533275516446
2026-04-24 19:12:10+00:00,42.338775247335434,-71.09182303771377,4.400000095367432,182.0,3789.5,4336.0,3243.0,0.4697527617043666
2026-04-24 19:12:11+00:00,42.3387838806957,-71.09183016233146,4.400000095367432,183.0,3638.5,4136.0,3141.0,0.25507201046390965
2026-04-24 19:12:12+00:00,42.338799219578505,-71.09184298664331,4.400000095367432,184.0,3600.0,4138.0,3062.0,0.20033552753174014
2026-04-24 19:12:13+00:00,42.338811876252294,-71.09185664914548,4.400000095367432,185.0,3574.5,4105.0,3044.0,0.16408149338186165
2026-04-24 19:12:14+00:00,42.33882587403059,-71.09187408350408,4.400000095367432,186.0,3744.5,2985.0,4504.0,0.4057750543810516
2026-04-24 19:12:15+00:00,42.33883853070438,-71.09188456088305,4.400000095367432,187.0,3727.0,2974.0,4480.0,0.3808948348664291
2026-04-24 19:12:16+00:00,42.338852444663644,-71.0918955411762,4.199999809265137,188.0,3616.5,2945.0,4288.0,0.22379402021695563
2026-04-24 19:12:17+00:00,42.33886593952775,-71.09190442599356,4.199999809265137,189.0,3547.0,2719.0,4375.0,0.12498400557316915
2026-04-24 19:12:18+00:00,42.33887683600187,-71.09191532246768,4.199999809265137,190.0,3824.5,4129.0,3520.0,0.5195132007336116
2026-04-24 19:12:19+00:00,42.33888169750571,-71.09192756004632,4.0,191.0,3619.5,4123.0,3116.0,0.22805920070517663
2026-04-24 19:12:20+00:00,42.338892593979836,-71.09193552285433,3.799999952316284,192.0,3597.5,4079.0,3116.0,0.19678121045822264
2026-04-24 19:12:21+00:00,42.338905753567815,-71.0919454973191,3.799999952316284,193.0,3718.5,4345.0,3092.0,0.3688101568164696
2026-04-24 19:12:22+00:00,42.33891732059419,-71.09195563942194,3.799999952316284,194.0,3623.0,3590.0,3656.0,0.23303524460810113
2026-04-24 19:12:23+00:00,42.338935593143106,-71.09196209348738,3.799999952316284,195.0,3700.5,2881.0,4520.0,0.3432190738871436
2026-04-24 19:12:24+00:00,42.33895529061556,-71.09196905046701,3.799999952316284,196.0,3642.5,2881.0,4404.0,0.26075891778153765
2026-04-24 19:12:25+00:00,42.33896803110838,-71.09197885729373,3.799999952316284,197.0,3512.5,2800.0,4225.0,0.07593442995862765
2026-04-24 19:12:26+00:00,42.33898311853409,-71.09198665246367,3.799999952316284,198.0,3584.5,2750.0,4419.0,0.17829876167593164
2026-04-24 19:12:27+00:00,42.338996697217226,-71.09199486672878,3.799999952316284,199.0,3834.5,3806.0,3863.0,0.5337304690276816
2026-04-24 19:12:28+00:00,42.33900583349168,-71.09200593084097,4.0,200.0,3709.5,4261.0,3158.0,0.3560146153518066
2026-04-24 19:12:29+00:00,42.339009353891015,-71.09201615676284,4.0,201.0,3613.0,4104.0,3122.0,0.21881797631403113
2026-04-24 19:12:30+00:00,42.33900859951973,-71.09202629886568,4.0,202.0,3647.0,4205.0,3089.0,0.26715668851386914
2026-04-24 19:12:31+00:00,42.339016143232584,-71.09202973544598,4.199999809265137,203.0,3622.0,4160.0,3084.0,0.23161351777869413
2026-04-24 19:12:32+00:00,42.33900809660554,-71.09203979372978,4.199999809265137,204.0,3768.0,3185.0,4351.0,0.4391856348721161
2026-04-24 19:12:33+00:00,42.33899845741689,-71.09205479733646,4.400000095367432,205.0,3694.0,2864.0,4524.0,0.3339778494959981
2026-04-24 19:12:34+00:00,42.33898085542023,-71.09207206405699,4.599999904632568,206.0,3573.5,2866.0,4281.0,0.16265976655245465
2026-04-24 19:12:35+00:00,42.338958056643605,-71.0920921806246,4.800000190734863,207.0,3642.5,2801.0,4484.0,0.26075891778153765
2026-04-24 19:12:36+00:00,42.33893467113376,-71.09211087226868,4.800000190734863,208.0,3699.5,3552.0,3847.0,0.3417973470577366
2026-04-24 19:12:37+00:00,42.33891773968935,-71.0921307373792,5.0,209.0,3702.0,4241.0,3163.0,0.3453516641312541
2026-04-24 19:12:38+00:00,42.33890583738685,-71.09215177595615,5.0,210.0,3614.5,4099.0,3130.0,0.22095056655814163
2026-04-24 19:12:39+00:00,42.33889712020755,-71.09217214398086,5.0,211.0,3666.5,4241.0,3092.0,0.29488036168730564
2026-04-24 19:12:40+00:00,42.33888513408601,-71.09219091944396,5.0,212.0,3570.5,4134.0,3007.0,0.15839458606423365
2026-04-24 19:12:41+00:00,42.33887323178351,-71.09220542013645,5.0,213.0,3721.5,2966.0,4477.0,0.3730753373046906
2026-04-24 19:12:42+00:00,42.33885923400521,-71.09222277067602,5.0,214.0,3637.0,2854.0,4420.0,0.25293942021979915
2026-04-24 19:12:43+00:00,42.338845655322075,-71.09223953448236,5.0,215.0,3578.5,2855.0,4302.0,0.16976840069948965
2026-04-24 19:12:44+00:00,42.33883467502892,-71.09225411899388,4.800000190734863,216.0,3616.5,2823.0,4410.0,0.22379402021695563
2026-04-24 19:12:45+00:00,42.33882528729737,-71.0922705475241,4.800000190734863,217.0,3780.5,3976.0,3585.0,0.4569572202397036
2026-04-24 19:12:46+00:00,42.338812379166484,-71.09228638932109,4.800000190734863,218.0,3643.5,4141.0,3146.0,0.26218064461094465
2026-04-24 19:12:47+00:00,42.3387994710356,-71.09229669906199,4.800000190734863,219.0,3631.0,4184.0,3078.0,0.24440905924335712
2026-04-24 19:12:48+00:00,42.33878865838051,-71.0923096910119,4.800000190734863,220.0,3662.5,4235.0,3090.0,0.28919345436967764
2026-04-24 19:12:49+00:00,42.33877943828702,-71.09232402406633,4.800000190734863,221.0,3747.0,2995.0,4499.0,0.4093293714545691
2026-04-24 19:12:50+00:00,42.338770385831594,-71.09233642928302,4.599999904632568,222.0,3687.0,2880.0,4494.0,0.32402576169014913
2026-04-24 19:12:51+00:00,42.33875697478652,-71.09235084615648,4.400000095367432,223.0,3710.0,2882.0,4538.0,0.3567254787665101
2026-04-24 19:12:52+00:00,42.33874708414078,-71.09236526302993,4.400000095367432,224.0,3844.0,3835.0,3853.0,0.5472368739070481
2026-04-24 19:12:53+00:00,42.33873937278986,-71.09237699769437,4.400000095367432,225.0,3628.5,4095.0,3162.0,0.24085474216983963
2026-04-24 19:12:54+00:00,42.33873417600989,-71.09239334240556,4.400000095367432,226.0,3642.5,4141.0,3144.0,0.26075891778153765
2026-04-24 19:12:55+00:00,42.338729398325086,-71.09240608289838,4.199999809265137,227.0,3864.0,3389.0,4339.0,0.5756714104951881
2026-04-24 19:12:56+00:00,42.33872218988836,-71.09241278842092,4.199999809265137,228.0,3744.5,2913.0,4576.0,0.4057750543810516
2026-04-24 19:12:57+00:00,42.33871556818485,-71.0924190748483,4.199999809265137,229.0,3833.0,4419.0,3247.0,0.5315978787835711
2026-04-24 19:12:58+00:00,42.338710790500045,-71.09242133796215,4.199999809265137,230.0,3995.0,3735.0,4255.0,0.761917625147505
2026-04-24 19:12:59+00:00,42.33870869502425,-71.09242334961891,4.199999809265137,231.0,4087.5,3756.0,4419.0,0.8934273568676525
2026-04-24 19:13:00+00:00,42.338709365576506,-71.09242837876081,4.199999809265137,232.0,4137.5,3883.0,4392.0,0.9645136983380025
2026-04-24 19:13:01+00:00,42.338709365576506,-71.09243634156883,4.199999809265137,233.0,3815.0,4335.0,3295.0,0.5060067958542451
2026-04-24 19:13:02+00:00,42.33870567753911,-71.09244254417717,4.199999809265137,234.0,3790.0,2986.0,4594.0,0.4704636251190701
2026-04-24 19:13:03+00:00,42.33870039694011,-71.09245855361223,4.199999809265137,235.0,3621.0,2793.0,4449.0,0.23019179094928713
2026-04-24 19:13:04+00:00,42.33869628980756,-71.09246836043894,4.199999809265137,236.0,3690.0,4157.0,3223.0,0.3282909421783701
2026-04-24 19:13:05+00:00,42.33869494870305,-71.09248495660722,4.199999809265137,237.0,3530.5,3971.0,3090.0,0.10152551288795365
2026-04-24 19:13:06+00:00,42.33870014548302,-71.09250549226999,4.199999809265137,238.0,3668.5,4238.0,3099.0,0.29772381534611964
2026-04-24 19:13:07+00:00,42.33870844356716,-71.09252787195146,4.199999809265137,239.0,3634.5,4199.0,3070.0,0.24938510314628162
2026-04-24 19:13:08+00:00,42.33871934004128,-71.09254664741457,4.199999809265137,240.0,3649.5,3725.0,3574.0,0.27071100558738664
2026-04-24 19:13:09+00:00,42.33873073942959,-71.09256542287767,4.199999809265137,241.0,3693.0,2823.0,4563.0,0.3325561226665911
2026-04-24 19:13:10+00:00,42.33874616213143,-71.09257732518017,4.199999809265137,242.0,3695.5,2859.0,4532.0,0.3361104397401086
2026-04-24 19:13:11+00:00,42.33876083046198,-71.09259199351072,4.199999809265137,243.0,3531.5,2841.0,4222.0,0.10294723971736065
2026-04-24 19:13:12+00:00,42.33877591788769,-71.09260129742324,4.199999809265137,244.0,3642.5,2851.0,4434.0,0.26075891778153765
2026-04-24 19:13:13+00:00,42.338790921494365,-71.09261378645897,4.400000095367432,245.0,3881.0,3698.0,4064.0,0.5998407665951071
2026-04-24 19:13:14+00:00,42.33880257233977,-71.09261848032475,4.400000095367432,246.0,3728.5,4241.0,3216.0,0.3830274251105396
2026-04-24 19:13:15+00:00,42.338815899565816,-71.09262501820922,4.400000095367432,247.0,3630.0,4087.0,3173.0,0.24298733241395012
2026-04-24 19:13:16+00:00,42.338829981163144,-71.09262635931373,4.400000095367432,248.0,3595.5,4094.0,3097.0,0.19393775679940864
2026-04-24 19:13:17+00:00,42.33884481713176,-71.09263063408434,4.400000095367432,249.0,3649.0,4169.0,3129.0,0.27000014217268314
2026-04-24 19:13:18+00:00,42.338859820738435,-71.09263013117015,4.400000095367432,250.0,3778.5,2949.0,4608.0,0.4541137665808896
2026-04-24 19:13:19+00:00,42.33886987902224,-71.09262987971306,4.400000095367432,251.0,3674.0,2820.0,4528.0,0.30554331290785813
2026-04-24 19:13:20+00:00,42.338882451877,-71.09262895770371,4.199999809265137,252.0,3851.5,4511.0,3192.0,0.5578998251276006
2026-04-24 19:13:21+00:00,42.33889368362725,-71.09262778423727,4.199999809265137,253.0,3839.0,4030.0,3648.0,0.5401282397600131
2026-04-24 19:13:22+00:00,42.338906675577164,-71.09262795187533,4.199999809265137,254.0,3848.5,3976.0,3721.0,0.5536346446393796
2026-04-24 19:13:23+00:00,42.33891472220421,-71.09263055026531,4.199999809265137,255.0,3976.5,3593.0,4360.0,0.7356156788034756
2026-04-24 19:13:24+00:00,42.338920924812555,-71.09263323247433,4.199999809265137,256.0,4204.5,4059.0,4350.0,1.0
2026-04-24 19:13:25+00:00,42.3389271274209,-71.09263708814979,4.199999809265137,257.0,4308.0,4221.0,4395.0,1.0
2026-04-24 19:13:26+00:00,42.33893148601055,-71.09263717196882,4.199999809265137,258.0,4169.5,4036.0,4303.0,1.0
2026-04-24 19:13:27+00:00,42.33893592841923,-71.09263884834945,4.199999809265137,259.0,4223.0,4121.0,4325.0,1.0
2026-04-24 19:13:28+00:00,42.338939029723406,-71.09264245256782,4.199999809265137,260.0,4304.0,4239.0,4369.0,1.0
2026-04-24 19:13:29+00:00,42.3389411251992,-71.09264563769102,4.199999809265137,261.0,4288.0,4197.0,4379.0,1.0
2026-04-24 19:13:30+00:00,42.33894037082791,-71.09264412894845,4.400000095367432,262.0,4335.0,4219.0,4451.0,1.0
2026-04-24 19:13:31+00:00,42.33894129283726,-71.09264622442424,4.400000095367432,263.0,4318.0,4249.0,4387.0,1.0
2026-04-24 19:13:32+00:00,42.3389411251992,-71.09264614060521,4.599999904632568,264.0,4346.5,4250.0,4443.0,1.0
2026-04-24 19:13:33+00:00,42.338941376656294,-71.09264597296715,4.599999904632568,265.0,4124.0,4152.0,4096.0,0.945320386141008
2026-04-24 19:13:34+00:00,42.33894213102758,-71.09264454804361,4.599999904632568,266.0,3520.5,2845.0,4196.0,0.08730824459388366
2026-04-24 19:13:35+00:00,42.33894841745496,-71.09264429658651,4.599999904632568,267.0,3801.0,4315.0,3287.0,0.4861026202425471
2026-04-24 19:13:36+00:00,42.33896082267165,-71.0926447995007,4.599999904632568,268.0,3756.5,4286.0,3227.0,0.4228357763339356
2026-04-24 19:13:37+00:00,42.338973730802536,-71.09264387749135,4.599999904632568,269.0,3593.0,4028.0,3158.0,0.19038343972589114
2026-04-24 19:13:38+00:00,42.338988399133086,-71.09264278784394,4.599999904632568,270.0,3569.5,4048.0,3091.0,0.15697285923482665
2026-04-24 19:13:39+00:00,42.33900373801589,-71.09264052473009,4.599999904632568,271.0,3714.0,4330.0,3098.0,0.3624123860841381
2026-04-24 19:13:40+00:00,42.339019160717726,-71.09263666905463,4.400000095367432,272.0,3610.5,4149.0,3072.0,0.21526365924051363
2026-04-24 19:13:41+00:00,42.33903366141021,-71.09262853860855,4.400000095367432,273.0,3697.0,2866.0,4528.0,0.3382430299842191
2026-04-24 19:13:42+00:00,42.33904732391238,-71.09262032434344,4.199999809265137,274.0,3668.0,2890.0,4446.0,0.29701295193141614
2026-04-24 19:13:43+00:00,42.33906081877649,-71.09260791912675,4.0,275.0,3527.5,2772.0,4283.0,0.09726033239973265
2026-04-24 19:13:44+00:00,42.33907213434577,-71.09259886667132,4.0,276.0,3570.0,2793.0,4347.0,0.15768372264953015
2026-04-24 19:13:45+00:00,42.33908445574343,-71.09258855693042,4.0,277.0,3833.0,4360.0,3306.0,0.5315978787835711
2026-04-24 19:13:46+00:00,42.33909786678851,-71.0925808455795,4.0,278.0,3674.0,4204.0,3144.0,0.30554331290785813
2026-04-24 19:13:47+00:00,42.3391102720052,-71.09257573261857,4.0,279.0,3634.5,4153.0,3116.0,0.24938510314628162
2026-04-24 19:13:48+00:00,42.3391224257648,-71.0925710387528,4.199999809265137,280.0,3680.5,4269.0,3092.0,0.31478453729900363
2026-04-24 19:13:49+00:00,42.33913357369602,-71.0925670992583,4.199999809265137,281.0,3769.0,3603.0,3935.0,0.4406073617015231
2026-04-24 19:13:50+00:00,42.33914262615144,-71.09256139956415,4.199999809265137,282.0,3789.5,2898.0,4681.0,0.4697527617043666
2026-04-24 19:13:51+00:00,42.33915469609201,-71.09255695715547,4.199999809265137,283.0,3632.0,2885.0,4379.0,0.24583078607276412
2026-04-24 19:13:52+00:00,42.33916785567999,-71.09255645424128,4.199999809265137,284.0,3591.0,2857.0,4325.0,0.18753998606707714
2026-04-24 19:13:53+00:00,42.33917975798249,-71.09255796298385,4.400000095367432,285.0,3530.5,2720.0,4341.0,0.10152551288795365
2026-04-24 19:13:54+00:00,42.339190570637584,-71.09256274066865,4.400000095367432,286.0,3938.5,4320.0,3557.0,0.6815900592860096
2026-04-24 19:13:55+00:00,42.33920448459685,-71.09256617724895,4.400000095367432,287.0,3672.5,4123.0,3222.0,0.30341072266374763
2026-04-24 19:13:56+00:00,42.33922166749835,-71.09257774427533,4.400000095367432,288.0,3679.0,4163.0,3195.0,0.31265194705489313
2026-04-24 19:13:57+00:00,42.33923583291471,-71.09257916919887,4.400000095367432,289.0,3677.0,4234.0,3120.0,0.30980849339607913
2026-04-24 19:13:58+00:00,42.33924756757915,-71.09257648698986,4.400000095367432,290.0,3499.0,3952.0,3046.0,0.05674111776163315
2026-04-24 19:13:59+00:00,42.339256620034575,-71.09257338568568,4.400000095367432,291.0,3768.5,2964.0,4573.0,0.4398964982868196
2026-04-24 19:14:00+00:00,42.33927112072706,-71.09257715754211,4.400000095367432,292.0,3730.0,2808.0,4652.0,0.3851600153546501
2026-04-24 19:14:01+00:00,42.33928612433374,-71.09258436597884,4.400000095367432,293.0,3535.0,2802.0,4268.0,0.10792328362028515
2026-04-24 19:14:02+00:00,42.339301127940416,-71.09258436597884,4.400000095367432,294.0,3696.0,2769.0,4623.0,0.3368213031548121
2026-04-24 19:14:03+00:00,42.33930674381554,-71.09258587472141,4.400000095367432,295.0,3910.0,3838.0,3982.0,0.6410708446479101
2026-04-24 19:14:04+00:00,42.33931512571871,-71.09258788637817,4.400000095367432,296.0,3764.5,4292.0,3237.0,0.4342095909691916
2026-04-24 19:14:05+00:00,42.33932719565928,-71.09259316697717,4.199999809265137,297.0,3633.0,4122.0,3144.0,0.24725251290217112
2026-04-24 19:14:06+00:00,42.339342534542084,-71.09259618446231,4.199999809265137,298.0,3768.5,4417.0,3120.0,0.4398964982868196
2026-04-24 19:14:07+00:00,42.33935116790235,-71.09259962104261,4.199999809265137,299.0,3852.0,3493.0,4211.0,0.5586106885423041
2026-04-24 19:14:08+00:00,42.33936734497547,-71.09260833822191,4.199999809265137,300.0,3711.0,2812.0,4610.0,0.3581472055959171
2026-04-24 19:14:09+00:00,42.33938687480986,-71.09260817058384,4.199999809265137,301.0,3583.0,2817.0,4349.0,0.17616617143182114
2026-04-24 19:14:10+00:00,42.339400788769126,-71.09261303208768,4.199999809265137,302.0,3681.5,2840.0,4523.0,0.31620626412841063
2026-04-24 19:14:11+00:00,42.33941562473774,-71.09262166544795,4.199999809265137,303.0,3876.5,4344.0,3409.0,0.5934429958627756
2026-04-24 19:14:12+00:00,42.3394279461354,-71.09262895770371,4.199999809265137,304.0,3616.5,4084.0,3149.0,0.22379402021695563
2026-04-24 19:14:13+00:00,42.33943674713373,-71.09263884834945,4.199999809265137,305.0,3672.5,4217.0,3128.0,0.30341072266374763
2026-04-24 19:14:14+00:00,42.339447224512696,-71.09264999628067,4.199999809265137,306.0,3644.0,4144.0,3144.0,0.26289150802564815
2026-04-24 19:14:15+00:00,42.33944688923657,-71.09266852028668,4.199999809265137,307.0,3771.0,2876.0,4666.0,0.4434508153603371
2026-04-24 19:14:16+00:00,42.339453091844916,-71.09268251806498,4.199999809265137,308.0,3686.0,2859.0,4513.0,0.32260403486074213
2026-04-24 19:14:17+00:00,42.3394609708339,-71.09269752167165,4.199999809265137,309.0,3693.0,2866.0,4520.0,0.3325561226665911
2026-04-24 19:14:18+00:00,42.339475974440575,-71.09270598739386,4.199999809265137,310.0,3712.5,2968.0,4457.0,0.3602797958400276
2026-04-24 19:14:19+00:00,42.33948854729533,-71.09271353110671,4.199999809265137,311.0,3771.5,4348.0,3195.0,0.4441616787750406
2026-04-24 19:14:20+00:00,42.33949575573206,-71.09272199682891,4.199999809265137,312.0,3690.5,4179.0,3202.0,0.3290018055930736
2026-04-24 19:14:21+00:00,42.339500365778804,-71.09272669069469,4.199999809265137,313.0,3767.0,4396.0,3138.0,0.4377639080427091
2026-04-24 19:14:22+00:00,42.3395058978349,-71.09273063018918,4.199999809265137,314.0,3790.0,2985.0,4595.0,0.4704636251190701
2026-04-24 19:14:23+00:00,42.3395127709955,-71.09273775480688,4.199999809265137,315.0,3594.5,2831.0,4358.0,0.19251602997000164
2026-04-24 19:14:24+00:00,42.33952324837446,-71.09274446032941,4.199999809265137,316.0,3658.0,2839.0,4477.0,0.28279568363734614
2026-04-24 19:14:25+00:00,42.33953104354441,-71.09275099821389,4.199999809265137,317.0,3666.5,2766.0,4567.0,0.29488036168730564
2026-04-24 19:14:26+00:00,42.33954219147563,-71.09276139177382,4.199999809265137,318.0,3892.5,4285.0,3500.0,0.6161906251332876
2026-04-24 19:14:27+00:00,42.339549819007516,-71.09276985749602,4.199999809265137,319.0,3709.0,4233.0,3185.0,0.3553037519371031
2026-04-24 19:14:28+00:00,42.33955895528197,-71.09277723357081,4.199999809265137,320.0,3676.0,4197.0,3155.0,0.30838676656667213
2026-04-24 19:14:29+00:00,42.339566918089986,-71.09278234653175,4.199999809265137,321.0,3653.0,4017.0,3289.0,0.27568704949031114
2026-04-24 19:14:30+00:00,42.33957789838314,-71.09278259798884,4.199999809265137,322.0,3747.5,2907.0,4588.0,0.4100402348692726
2026-04-24 19:14:31+00:00,42.33958971686661,-71.09277807176113,4.199999809265137,323.0,3646.5,2819.0,4474.0,0.26644582509916565
2026-04-24 19:14:32+00:00,42.33959876932204,-71.09277497045696,4.199999809265137,324.0,3534.5,2794.0,4275.0,0.10721242020558165
2026-04-24 19:14:33+00:00,42.33960413374007,-71.09278083778918,4.199999809265137,325.0,3621.5,2649.0,4594.0,0.23090265436399063
2026-04-24 19:14:34+00:00,42.33960874378681,-71.09278913587332,4.199999809265137,326.0,3830.5,4206.0,3455.0,0.5280435617100536
2026-04-24 19:14:35+00:00,42.339618131518364,-71.09280003234744,4.400000095367432,327.0,3686.0,4196.0,3176.0,0.32260403486074213
2026-04-24 19:14:36+00:00,42.33963003382087,-71.09280506148934,4.400000095367432,328.0,3682.5,4228.0,3137.0,0.31762799095781763
2026-04-24 19:14:37+00:00,42.33964537270367,-71.09280765987933,4.400000095367432,329.0,3810.5,4505.0,3116.0,0.4996090251219136
2026-04-24 19:14:38+00:00,42.33965911902487,-71.09281696379185,4.400000095367432,330.0,3644.0,3980.0,3308.0,0.26289150802564815
2026-04-24 19:14:39+00:00,42.33966926112771,-71.09282517805696,4.199999809265137,331.0,3750.0,2903.0,4597.0,0.4135945519427901
2026-04-24 19:14:40+00:00,42.33967906795442,-71.092833224684,4.199999809265137,332.0,3700.0,2855.0,4545.0,0.3425082104724401
2026-04-24 19:14:41+00:00,42.33968862332404,-71.09283791854978,4.199999809265137,333.0,3566.0,2809.0,4323.0,0.15199681533190215
2026-04-24 19:14:42+00:00,42.33970086090267,-71.09284143894911,4.199999809265137,334.0,3621.0,2861.0,4381.0,0.23019179094928713
2026-04-24 19:14:43+00:00,42.33971192501485,-71.0928538441658,4.199999809265137,335.0,3808.5,3993.0,3624.0,0.4967655714630996
2026-04-24 19:14:44+00:00,42.339724246412516,-71.09285979531705,4.199999809265137,336.0,3752.0,4290.0,3214.0,0.4164380056016041
2026-04-24 19:14:45+00:00,42.33973505906761,-71.0928715299815,4.0,337.0,3645.5,4127.0,3164.0,0.26502409826975865
2026-04-24 19:14:46+00:00,42.33974654227495,-71.09287848696113,4.0,338.0,3693.5,4254.0,3133.0,0.3332669860812946
2026-04-24 19:14:47+00:00,42.33975827693939,-71.09288854524493,4.0,339.0,3695.5,4294.0,3097.0,0.3361104397401086
2026-04-24 19:14:48+00:00,42.33976908959448,-71.09289801679552,4.0,340.0,3808.5,3444.0,4173.0,0.4967655714630996
2026-04-24 19:14:49+00:00,42.339781327173114,-71.09290706925094,4.0,341.0,3752.5,2913.0,4592.0,0.4171488690163076
2026-04-24 19:14:50+00:00,42.33979373238981,-71.09291377477348,4.0,342.0,3657.5,2885.0,4430.0,0.28208482022264264
2026-04-24 19:14:51+00:00,42.33980563469231,-71.09292173758149,4.0,343.0,3657.5,2893.0,4422.0,0.28208482022264264
2026-04-24 19:14:52+00:00,42.3398182913661,-71.09293053857982,4.0,344.0,3601.5,2973.0,4230.0,0.20246811777585064
2026-04-24 19:14:53+00:00,42.339831283316016,-71.09293699264526,4.0,345.0,3878.0,4414.0,3342.0,0.5955755861068861
2026-04-24 19:14:54+00:00,42.339845951646566,-71.09294285997748,4.0,346.0,3669.0,4184.0,3154.0,0.29843467876082314
2026-04-24 19:14:55+00:00,42.33985944651067,-71.09294663183391,4.0,347.0,3705.0,4268.0,3142.0,0.3496168446194751
2026-04-24 19:14:56+00:00,42.3398719355464,-71.09295409172773,4.0,348.0,3664.5,4159.0,3170.0,0.29203690802849164
2026-04-24 19:14:57+00:00,42.33988123945892,-71.09296532347798,4.0,349.0,3738.0,2851.0,4625.0,0.3965338299899061
2026-04-24 19:14:58+00:00,42.33989238739014,-71.09297789633274,4.0,350.0,3606.0,2865.0,4347.0,0.20886588850818213
2026-04-24 19:14:59+00:00,42.33990328386426,-71.09298854134977,4.0,351.0,3615.5,2809.0,4422.0,0.22237229338754863
2026-04-24 19:15:00+00:00,42.339913845062256,-71.09299675561488,4.0,352.0,3916.0,4122.0,3710.0,0.6496012056243521
2026-04-24 19:15:01+00:00,42.33992432244122,-71.0930039640516,4.199999809265137,353.0,3771.5,4345.0,3198.0,0.4441616787750406
2026-04-24 19:15:02+00:00,42.33993798494339,-71.0930110886693,4.199999809265137,354.0,3702.5,4261.0,3144.0,0.3460625275459576
2026-04-24 19:15:03+00:00,42.339951898902655,-71.09301871620119,4.199999809265137,355.0,3667.0,4212.0,3122.0,0.29559122510200914
2026-04-24 19:15:04+00:00,42.33996371738613,-71.09302818775177,4.199999809265137,356.0,3865.0,3121.0,4609.0,0.5770931373245951
2026-04-24 19:15:05+00:00,42.339974446222186,-71.09303774312139,4.199999809265137,357.0,3700.5,2874.0,4527.0,0.3432190738871436
2026-04-24 19:15:06+00:00,42.3399876896292,-71.0930507350713,4.0,358.0,3602.0,2839.0,4365.0,0.20317898119055414
2026-04-24 19:15:07+00:00,42.340000849217176,-71.0930612962693,4.0,359.0,3798.0,3383.0,4213.0,0.4818374397543261
2026-04-24 19:15:08+00:00,42.34001283533871,-71.0930731985718,4.0,360.0,3769.0,4291.0,3247.0,0.4406073617015231
2026-04-24 19:15:09+00:00,42.340023731812835,-71.093081664294,4.0,361.0,3666.5,4159.0,3174.0,0.29488036168730564
2026-04-24 19:15:10+00:00,42.34003555029631,-71.09308996237814,4.0,362.0,3689.5,4240.0,3139.0,0.3275800787636666
2026-04-24 19:15:11+00:00,42.34004678204656,-71.0930988471955,4.199999809265137,363.0,3819.5,3278.0,4361.0,0.5124045665865766
2026-04-24 19:15:12+00:00,42.34005625359714,-71.09310714527965,4.199999809265137,364.0,3777.0,2875.0,4679.0,0.4519811763367791
2026-04-24 19:15:13+00:00,42.34007075428963,-71.0931231547147,4.199999809265137,365.0,3615.5,2843.0,4388.0,0.22237229338754863
2026-04-24 19:15:14+00:00,42.340081399306655,-71.0931339673698,4.199999809265137,366.0,3633.5,2746.0,4521.0,0.24796337631687462
2026-04-24 19:15:15+00:00,42.34009095467627,-71.09314595349133,4.199999809265137,367.0,3802.0,4374.0,3230.0,0.4875243470719541
2026-04-24 19:15:16+00:00,42.34009824693203,-71.09315492212772,4.199999809265137,368.0,3681.5,4217.0,3146.0,0.31620626412841063
2026-04-24 19:15:17+00:00,42.34010553918779,-71.09316498041153,4.199999809265137,369.0,3802.0,4491.0,3113.0,0.4875243470719541
2026-04-24 19:15:18+00:00,42.34011283144355,-71.09317319467664,4.199999809265137,370.0,3826.0,3095.0,4557.0,0.5216457909777221
2026-04-24 19:15:19+00:00,42.34012464992702,-71.09318065457046,4.199999809265137,371.0,3700.0,2849.0,4551.0,0.3425082104724401
2026-04-24 19:15:20+00:00,42.3401362169534,-71.09319037757814,4.199999809265137,372.0,3610.5,2817.0,4404.0,0.21526365924051363
2026-04-24 19:15:21+00:00,42.340143425390124,-71.09320177696645,4.400000095367432,373.0,3608.0,2804.0,4412.0,0.21170934216699613
2026-04-24 19:15:22+00:00,42.34015398658812,-71.09321451745927,4.400000095367432,374.0,3992.0,4180.0,3804.0,0.757652444659284
2026-04-24 19:15:23+00:00,42.3401687387377,-71.09321996569633,4.400000095367432,375.0,3665.0,4158.0,3172.0,0.29274777144319514
2026-04-24 19:15:24+00:00,42.34018047340214,-71.0932267550379,4.400000095367432,376.0,3671.0,4168.0,3174.0,0.30127813241963713
2026-04-24 19:15:25+00:00,42.34018826857209,-71.09323605895042,4.199999809265137,377.0,3689.5,4234.0,3145.0,0.3275800787636666
2026-04-24 19:15:26+00:00,42.340199667960405,-71.09324318356812,4.199999809265137,378.0,3834.5,3311.0,4358.0,0.5337304690276816
2026-04-24 19:15:27+00:00,42.340211318805814,-71.09325357712805,4.199999809265137,379.0,3711.5,2872.0,4551.0,0.3588580690106206
2026-04-24 19:15:28+00:00,42.34022372402251,-71.09326799400151,4.199999809265137,380.0,3609.5,2819.0,4400.0,0.21384193241110663
2026-04-24 19:15:29+00:00,42.340234285220504,-71.0932803992182,4.199999809265137,381.0,3684.5,2771.0,4598.0,0.32047144461663163
2026-04-24 19:15:30+00:00,42.340240152552724,-71.09329448081553,4.199999809265137,382.0,3852.5,3985.0,3720.0,0.5593215519570076
2026-04-24 19:15:31+00:00,42.340249037370086,-71.093311579898,4.199999809265137,383.0,3705.5,4206.0,3205.0,0.3503277080341786
2026-04-24 19:15:32+00:00,42.34025758691132,-71.09332683496177,4.199999809265137,384.0,3695.0,4221.0,3169.0,0.3353995763254051
2026-04-24 19:15:33+00:00,42.340265633538365,-71.09333848580718,4.199999809265137,385.0,3739.5,4333.0,3146.0,0.3986664202340166
2026-04-24 19:15:34+00:00,42.340275943279266,-71.09334653243423,4.400000095367432,386.0,3822.5,3485.0,4160.0,0.5166697470747976
2026-04-24 19:15:35+00:00,42.340286588296294,-71.09335089102387,4.400000095367432,387.0,3732.0,2806.0,4658.0,0.3880034690134641
2026-04-24 19:15:36+00:00,42.340294886380434,-71.09335826709867,4.400000095367432,388.0,3704.0,2847.0,4561.0,0.3481951177900681
2026-04-24 19:15:37+00:00,42.34030402265489,-71.0933668166399,4.400000095367432,389.0,3637.0,2817.0,4457.0,0.25293942021979915
2026-04-24 19:15:38+00:00,42.34031332656741,-71.09337327070534,4.400000095367432,390.0,3521.5,2672.0,4371.0,0.08872997142329066
2026-04-24 19:15:39+00:00,42.34032246284187,-71.09338148497045,4.400000095367432,391.0,3859.5,4325.0,3394.0,0.5692736397628566
2026-04-24 19:15:40+00:00,42.34033436514437,-71.09338819049299,4.400000095367432,392.0,3733.0,4292.0,3174.0,0.3894251958428711
2026-04-24 19:15:41+00:00,42.34034584835172,-71.09339539892972,4.400000095367432,393.0,3669.0,4166.0,3172.0,0.29843467876082314
2026-04-24 19:15:42+00:00,42.34035632573068,-71.09340378083289,4.400000095367432,394.0,3719.5,4313.0,3126.0,0.3702318836458766
2026-04-24 19:15:43+00:00,42.34036604873836,-71.0934130847454,4.400000095367432,395.0,3650.5,3767.0,3534.0,0.27213273241679364
2026-04-24 19:15:44+00:00,42.3403793759644,-71.09341878443956,4.400000095367432,396.0,3747.5,2857.0,4638.0,0.4100402348692726
2026-04-24 19:15:45+00:00,42.34039287082851,-71.09343018382788,4.400000095367432,397.0,3671.5,2900.0,4443.0,0.30198899583434063
2026-04-24 19:15:46+00:00,42.340404437854886,-71.09343387186527,4.400000095367432,398.0,3646.5,2879.0,4414.0,0.26644582509916565
2026-04-24 19:15:47+00:00,42.340419022366405,-71.09343898482621,4.400000095367432,399.0,3751.0,3538.0,3964.0,0.4150162787721971
2026-04-24 19:15:48+00:00,42.34043729491532,-71.09344149939716,4.400000095367432,400.0,3813.0,4377.0,3249.0,0.5031633421954311
2026-04-24 19:15:49+00:00,42.340458668768406,-71.09344359487295,4.400000095367432,401.0,3732.5,4276.0,3189.0,0.3887143324281676
2026-04-24 19:15:50+00:00,42.34047836624086,-71.0934500489384,4.599999904632568,402.0,3767.5,4356.0,3179.0,0.4384747714574126
2026-04-24 19:15:51+00:00,42.34048917889595,-71.09346119686961,4.599999904632568,403.0,3877.5,3478.0,4277.0,0.5948647226921826
2026-04-24 19:15:52+00:00,42.34049638733268,-71.09347351826727,4.599999904632568,404.0,3755.0,2858.0,4652.0,0.4207031860898251
2026-04-24 19:15:53+00:00,42.34050476923585,-71.09348868951201,4.599999904632568,405.0,3597.0,2838.0,4356.0,0.19607034704351914
2026-04-24 19:15:54+00:00,42.34051214531064,-71.09350176528096,4.599999904632568,406.0,3827.5,3010.0,4645.0,0.5237783812218326
2026-04-24 19:15:55+00:00,42.34052689746022,-71.09351148828864,4.599999904632568,407.0,3826.5,4343.0,3310.0,0.5223566543924256
2026-04-24 19:15:56+00:00,42.34053913503885,-71.0935185290873,4.599999904632568,408.0,3672.5,4173.0,3172.0,0.30341072266374763
2026-04-24 19:15:57+00:00,42.340550031512976,-71.09352523460984,4.400000095367432,409.0,3779.0,4360.0,3198.0,0.4548246299955931
2026-04-24 19:15:58+00:00,42.34055849723518,-71.09353453852236,4.400000095367432,410.0,3854.0,4452.0,3256.0,0.5614541422011181
2026-04-24 19:15:59+00:00,42.34056184999645,-71.09353981912136,4.400000095367432,411.0,3854.0,4452.0,3256.0,0.5614541422011181
