step,ground_type,predicted_ground_type,contact_time_sec,midstance_time_sec,loading_rate,midstance_pressure
1,Brick,Brick,1.536,1.536,1484.3749999999986,2136.0
1,Grass,Grass,1.808,1.808,937.5000000000011,2406.0
1,Concrete,Concrete,1.84,1.84,1088.5416666666679,2261.0
2,Brick,Brick,2.608,2.608,1555.2083333333321,2397.0
2,Concrete,Concrete,2.976,2.976,602.2727272727268,2181.0
2,Grass,Grass,2.992,2.992,993.7499999999991,2226.0
3,Brick,Brick,3.728,3.728,1212.7976190476234,2231.0
3,Concrete,Concrete,4.096,4.096,1299.8511904761895,2329.0
3,Grass,Grass,4.128,4.128,972.0643939393931,2205.0
4,Brick,Brick,4.816,4.816,1396.5773809523798,2211.0
4,Concrete,Concrete,5.184,5.184,1657.2916666666652,2265.0
4,Grass,Grass,5.296,5.296,1126.1160714285704,2319.0
5,Brick,Brick,5.904,5.904,1277.5297619047608,2209.0
5,Concrete,Concrete,6.288,6.288,1882.8124999999984,2600.0
5,Grass,Grass,6.448,6.448,924.6527777777824,2235.0
6,Brick,Brick,6.976,6.976,1041.6666666666658,2327.0
6,Concrete,Concrete,7.456,7.456,1107.9545454545537,2353.0
6,Grass,Grass,7.616,7.616,968.4027777777769,2108.0
7,Brick,Brick,8.064,8.064,1737.4999999999986,2356.0
7,Concrete,Concrete,8.592,8.592,1548.958333333332,2509.0
7,Grass,Grass,8.816,8.816,1624.9999999999986,2153.0
8,Brick,Brick,9.136,9.136,1628.1249999999984,2404.0
8,Concrete,Concrete,9.744,9.744,1162.4999999999989,2254.0
8,Grass,Grass,9.968,9.968,1316.9642857142844,2310.0
9,Brick,Brick,10.24,10.24,1051.542207792207,2071.0
9,Concrete,Concrete,10.864,10.864,1632.8124999999986,2573.0
9,Grass,Grass,11.152,11.152,1059.027777777777,2432.0
10,Brick,Brick,11.28,11.28,1294.642857142856,2395.0
10,Concrete,Concrete,12.016,12.016,1396.8749999999989,2312.0
10,Grass,Grass,12.32,12.32,1505.2083333333321,2281.0
11,Brick,Brick,12.368,12.368,1146.093749999999,2334.0
11,Concrete,Concrete,13.136,13.136,1574.9999999999986,2153.0
12,Brick,Brick,13.456,13.456,1221.0227272727261,2370.0
11,Grass,Grass,13.52,13.52,1164.9305555555545,2228.0
12,Concrete,Concrete,14.224,14.224,1325.5208333333321,2376.0
13,Brick,Brick,14.592,14.592,1464.5833333333321,2185.0
12,Grass,Grass,14.688,14.688,1266.1830357142846,2240.0
13,Concrete,Concrete,15.344,15.344,997.15909090909,2303.0
14,Brick,Brick,15.68,15.68,1489.2857142857129,2386.0
13,Grass,Grass,15.84,15.84,1879.6874999999984,2288.0
14,Concrete,Concrete,16.464,16.464,,2405.0
15,Brick,Brick,16.752,16.752,1103.977272727293,2471.0
14,Grass,Grass,16.992,16.992,1128.124999999999,2314.0
15,Concrete,Concrete,17.6,17.6,2281.249999999998,2164.0
16,Brick,Brick,17.872,17.872,1552.3437500000214,2173.0
15,Grass,Grass,18.144,18.144,1340.2777777777699,2272.0
16,Concrete,Concrete,18.704,18.704,1375.0000000000205,2497.0
17,Brick,Brick,18.976,18.976,1487.4999999999986,2062.0
16,Grass,Grass,19.344,19.344,1867.1875000000146,2219.0
17,Concrete,Concrete,19.824,19.824,954.4270833333325,2453.0
18,Brick,Brick,20.064,20.064,1514.8437500000218,2250.0
17,Grass,Grass,20.496,20.496,1624.9999999998945,2311.0
18,Concrete,Concrete,20.96,20.96,1589.843750000039,2341.0
19,Brick,Brick,21.184,21.184,1759.9431818181847,2268.0
18,Grass,Grass,21.68,21.68,1626.7857142856806,2226.0
19,Concrete,Concrete,22.096,22.096,1060.3298611111177,2272.0
20,Brick,Brick,22.32,22.32,884.3749999999992,2292.0
19,Grass,Grass,22.88,22.88,1416.6666666666501,2270.0
20,Concrete,Concrete,23.216,23.216,1274.305555555579,2253.0
21,Brick,Brick,23.44,23.44,1656.2500000000355,2181.0
20,Grass,Grass,24.08,24.08,1318.4523809523705,2301.0
21,Concrete,Concrete,24.352,24.352,1396.875000000019,2282.0
22,Brick,Brick,24.576,24.576,2006.2500000000427,2179.0
22,Concrete,Concrete,25.472,25.472,936.0795454545495,2293.0
23,Brick,Brick,25.68,25.68,1652.0833333333103,2191.0
23,Concrete,Concrete,26.624,26.624,1130.1136363636135,2279.0
24,Brick,Brick,26.752,26.752,1371.8750000000214,2394.0
24,Concrete,Concrete,27.776,27.776,2931.2499999999973,2459.0
25,Brick,Brick,27.856,27.856,1125.0000000000025,2256.0
26,Brick,Brick,28.928,28.928,1466.964285714271,2362.0
25,Concrete,Concrete,28.944,28.944,1495.8333333333117,2248.0
27,Brick,Brick,30.016,30.016,1123.106060606056,2295.0
26,Concrete,Concrete,30.112,30.112,1390.9722222221953,2179.0
28,Brick,Brick,31.12,31.12,1609.3749999999986,2347.0
22,Grass,Grass,31.224,31.224,1166.8526785714378,2127.0
29,Brick,Brick,32.24,32.24,1359.090909090941,2228.0
23,Grass,Grass,32.504,32.504,1259.3749999999322,2194.0
24,Grass,Grass,33.672,33.672,1390.624999999991,2096.0
25,Grass,Grass,34.792,34.792,948.2638888889044,2496.0
26,Grass,Grass,35.96,35.96,1276.041666666697,2515.0
27,Grass,Grass,37.096,37.096,1128.1250000000218,2290.0
28,Concrete,Concrete,37.784,37.784,1699.2187499999986,2434.0
28,Grass,Grass,38.232,38.232,868.74999999998,2208.0
29,Concrete,Concrete,38.904,38.904,1615.9722222222508,2304.0
29,Grass,Grass,39.336,39.336,1339.285714285692,2387.0
30,Concrete,Concrete,40.008,40.008,1091.1458333333394,2349.0
30,Grass,Grass,40.472,40.472,1868.75000000004,2376.0
31,Concrete,Concrete,41.112,41.112,1693.7500000000168,2263.0
31,Grass,Grass,41.592,41.592,968.7499999999997,2051.0
32,Concrete,Concrete,42.216,42.216,1538.541666666709,2350.0
32,Grass,Grass,42.712,42.712,1137.499999999962,2041.0
33,Concrete,Concrete,43.336,43.336,1624.999999999971,2108.0
33,Grass,Grass,43.816,43.816,1581.2499999999893,2112.0
34,Concrete,Concrete,44.424,44.424,1209.8214285714084,2375.0
34,Grass,Grass,44.936,44.936,1509.8214285714755,2254.0
31,Brick,Concrete,45.24,45.24,1687.500000000036,2180.0
35,Concrete,Concrete,45.528,45.528,2177.083333333251,2358.0
35,Grass,Grass,46.072,46.072,709.8214285714696,2357.0
32,Brick,Brick,46.328,46.328,1484.375000000023,2136.0
36,Concrete,Concrete,46.632,46.632,1087.2564935064781,2325.0
36,Grass,Grass,47.224,47.224,1656.2499999999563,2043.0
33,Brick,Brick,47.4,47.4,1555.2083333332516,2397.0
37,Concrete,Concrete,47.736,47.736,1478.1249999999181,2252.0
37,Grass,Grass,48.328,48.328,1379.6874999999884,2116.0
34,Brick,Brick,48.52,48.52,1212.7976190476684,2231.0
38,Concrete,Concrete,48.824,48.824,1201.6369047618718,2431.0
38,Grass,Grass,49.464,49.464,1862.5000000000396,2124.0
35,Brick,Brick,49.608,49.608,1396.577380952344,2211.0
39,Concrete,Concrete,49.912,49.912,2117.187499999998,2373.0
39,Grass,Grass,50.616,50.616,1706.2500000000364,2257.0
36,Brick,Brick,50.696,50.696,1277.5297619047274,2209.0
40,Concrete,Concrete,51.032,51.032,2335.9374999999563,2175.0
37,Brick,Brick,51.768,51.768,1041.6666666666786,2327.0
40,Grass,Grass,51.8,51.8,1799.9999999998786,2083.0
41,Concrete,Concrete,52.104,52.104,1581.2500000000337,2426.0
38,Brick,Brick,52.856,52.856,1737.500000000037,2356.0
41,Grass,Grass,52.936,52.936,1210.416666666704,2179.0
42,Concrete,Concrete,53.208,53.208,1428.1250000000387,2430.0
39,Brick,Brick,53.928,53.928,1628.1249999999088,2404.0
42,Grass,Grass,54.072,54.072,2781.2500000002256,2288.0
43,Concrete,Concrete,54.328,54.328,1333.3333333333376,2463.0
40,Brick,Brick,55.032,55.032,1051.5422077921924,2071.0
44,Concrete,Concrete,55.464,55.464,1428.1249999999281,2349.0
41,Brick,Brick,56.072,56.072,1294.6428571428826,2395.0
45,Concrete,Concrete,56.6,56.6,1714.2857142856633,2160.0
42,Brick,Brick,57.16,57.16,1146.0937499999452,2334.0
46,Concrete,Concrete,57.688,57.688,1425.223214285744,2465.0
43,Brick,Brick,58.248,58.248,1221.022727272743,2370.0
47,Concrete,Concrete,58.808,58.808,1753.1249999999957,2291.0
44,Brick,Brick,59.384,59.384,1464.583333333373,2185.0
48,Concrete,Concrete,59.912,59.912,1941.6666666666003,2269.0
45,Brick,Brick,60.472,60.472,1489.2857142857283,2386.0
49,Concrete,Concrete,60.984,60.984,1338.5416666666954,2291.0
44,Grass,Grass,61.424,61.424,1086.4583333333135,2169.0
46,Brick,Brick,61.544,61.544,1103.9772727272875,2471.0
50,Concrete,Concrete,62.088,62.088,1199.2187500000261,2175.0
45,Grass,Grass,62.64,62.64,1606.250000000034,2127.0
47,Brick,Brick,62.664,62.664,1552.3437500000214,2173.0
51,Concrete,Concrete,63.192,63.192,1411.4583333333717,2370.0
48,Brick,Brick,63.768,63.768,1487.5000000000077,2062.0
46,Grass,Grass,63.808,63.808,1828.1249999999984,2132.0
52,Concrete,Concrete,64.312,64.312,1693.7500000000362,2222.0
49,Brick,Brick,64.856,64.856,1514.8437499998354,2250.0
47,Grass,Grass,65.024,65.024,2101.562500000143,2097.0
53,Concrete,Concrete,65.432,65.432,2040.6249999998959,2090.0
50,Brick,Brick,65.976,65.976,1759.9431818183234,2268.0
48,Grass,Grass,66.176,66.176,562.5000000003117,2400.0
54,Concrete,Concrete,66.52,66.52,2367.1874999997353,2352.0
51,Brick,Brick,67.112,67.112,884.3749999999403,2292.0
49,Grass,Grass,67.36,67.36,1857.8124999999136,2175.0
55,Concrete,Concrete,67.64,67.64,1939.062500000131,2457.0
52,Brick,Brick,68.232,68.232,1656.2500000000355,2181.0
50,Grass,Grass,68.512,68.512,1389.1369047619057,2430.0
56,Concrete,Concrete,68.792,68.792,1134.375000000024,2288.0
53,Brick,Brick,69.368,69.368,2006.2500000000427,2179.0
51,Grass,Grass,69.664,69.664,942.7083333332514,2267.0
57,Concrete,Concrete,70.088,70.088,788.6904761904689,1970.0
54,Brick,Brick,70.472,70.472,1652.0833333331552,2191.0
52,Grass,Grass,70.816,70.816,1047.9166666666504,2307.0
55,Brick,Brick,71.544,71.544,1371.8750000000612,2394.0
53,Grass,Grass,72.016,72.016,1343.7500000000286,2196.0
56,Brick,Brick,72.648,72.648,1124.9999999999668,2256.0
54,Grass,Grass,73.168,73.168,1120.3125000000095,2199.0
57,Brick,Brick,73.72,73.72,1466.9642857143297,2362.0
55,Grass,Grass,74.352,74.352,1281.2500000000014,2180.0
58,Brick,Brick,74.808,74.808,1123.10606060617,2295.0
56,Grass,Grass,75.552,75.552,1537.4999999999884,2339.0
59,Brick,Brick,75.912,75.912,1609.3750000001774,2347.0
57,Grass,Grass,76.72,76.72,972.2222222222131,2196.0
60,Brick,Brick,77.032,77.032,1359.0909090909258,2228.0
58,Grass,Grass,77.872,77.872,1614.5833333333221,2259.0
59,Concrete,Concrete,77.872,77.872,1638.3928571428464,2297.0
60,Concrete,Concrete,78.992,78.992,990.6250000000655,2417.0
59,Grass,Grass,79.024,79.024,1099.9999999999345,2449.0
61,Concrete,Concrete,80.096,80.096,1311.7187500000166,2432.0
60,Grass,Grass,80.208,80.208,1300.0000000000277,2404.0
62,Concrete,Concrete,81.184,81.184,1662.5000000000355,2315.0
61,Grass,Grass,81.376,81.376,1425.0000000000305,2250.0
63,Concrete,Concrete,82.272,82.272,1489.5833333333833,2274.0
62,Grass,Grass,82.544,82.544,1311.1111111111086,2211.0
64,Concrete,Concrete,83.344,83.344,1110.321969696938,2347.0
63,Grass,Grass,83.696,83.696,1179.3154761904807,2212.0
65,Concrete,Concrete,84.416,84.416,1064.867424242394,2397.0
64,Grass,Grass,84.912,84.912,1272.9166666666674,2221.0
66,Concrete,Concrete,85.504,85.504,1203.1250000000805,2290.0
67,Concrete,Concrete,86.592,86.592,841.4772727272419,2408.0
68,Concrete,Concrete,87.696,87.696,1205.729166666641,2381.0
69,Concrete,Concrete,88.8,88.8,1270.8333333333278,2316.0
70,Concrete,Concrete,89.888,89.888,2050.0000000000437,2339.0
62,Brick,Grass,90.368,90.368,1648.4374999998395,2062.0
71,Concrete,Concrete,90.976,90.976,1310.416666666668,2362.0
63,Brick,Brick,91.552,91.552,1306.547619047723,2186.0
72,Concrete,Concrete,92.048,92.048,780.6818181818245,2317.0
64,Brick,Brick,92.72,92.72,1762.5000000000375,2172.0
73,Concrete,Concrete,93.136,93.136,1577.0833333333212,2264.0
65,Brick,Brick,93.856,93.856,1677.0833333332039,2219.0
74,Concrete,Concrete,94.224,94.224,1125.0000000000525,2394.0
66,Brick,Brick,94.976,94.976,1589.583333333316,2303.0
75,Concrete,Concrete,95.312,95.312,1177.0833333332635,2453.0
67,Brick,Brick,96.096,96.096,859.217171717192,2172.0
76,Concrete,Concrete,96.432,96.432,1063.3928571428937,2300.0
68,Brick,Brick,97.216,97.216,833.3333333333203,2020.0
77,Concrete,Concrete,97.6,97.6,1981.2499999996903,2276.0
69,Brick,Brick,98.304,98.304,1187.5000000000252,2247.0
78,Concrete,Concrete,98.752,98.752,1831.249999999728,2165.0
70,Brick,Brick,99.392,99.392,1369.3181818178841,2294.0
79,Concrete,Concrete,99.888,99.888,1794.7916666666645,2162.0
71,Brick,Brick,100.512,100.512,1182.2916666669635,2271.0
80,Concrete,Concrete,101.008,101.008,1172.916666666717,2122.0
72,Brick,Brick,101.632,101.632,1491.9642857142599,2319.0
81,Concrete,Concrete,102.096,102.096,1562.5000000001721,2329.0
73,Brick,Brick,102.704,102.704,1289.583333333271,2257.0
82,Concrete,Concrete,103.184,103.184,1096.7261904761583,2342.0
74,Brick,Brick,103.808,103.808,1406.2500000000555,2182.0
83,Concrete,Concrete,104.272,104.272,1768.7500000000377,2345.0
75,Brick,Brick,104.928,104.928,824.2187499999161,2251.0
84,Concrete,Concrete,105.36,105.36,959.3750000000097,2301.0
76,Brick,Brick,106.048,106.048,1668.7500000000355,2226.0
85,Concrete,Concrete,106.48,106.48,1215.9090909091647,2295.0
77,Brick,Brick,107.152,107.152,946.0227272727219,2265.0
86,Concrete,Concrete,107.568,107.568,1653.645833333203,2164.0
78,Brick,Brick,108.272,108.272,1167.1401515152647,2221.0
87,Concrete,Concrete,108.672,108.672,1104.1666666666965,2344.0
79,Brick,Brick,109.392,109.392,1363.095238095161,2230.0
88,Concrete,Concrete,109.808,109.808,1322.9166666668125,2402.0
80,Brick,Brick,110.496,110.496,1263.3928571428605,2324.0
89,Concrete,Concrete,111.136,111.136,1170.5729166666433,2055.0
81,Brick,Brick,111.6,111.6,1146.8749999997967,2479.0
82,Brick,Brick,112.752,112.752,1424.107142857105,2279.0
91,Concrete,Concrete,119.464,119.464,1723.958333333333,2064.0
84,Brick,Brick,120.616,120.616,1843.750000000039,2053.0
92,Concrete,Concrete,120.664,120.664,1269.5312499999693,2206.0
85,Brick,Brick,121.784,121.784,1210.0694444445548,2190.0
93,Concrete,Concrete,121.8,121.8,1925.0000000001687,2278.0
94,Concrete,Concrete,122.904,122.904,1515.6249999999427,2257.0
86,Brick,Brick,122.952,122.952,1750.0000000000373,2133.0
95,Concrete,Concrete,124.04,124.04,1740.6250000000912,2237.0
87,Brick,Brick,124.072,124.072,1163.5416666666465,2195.0
96,Concrete,Concrete,125.128,125.128,1113.5416666666454,2199.0
88,Brick,Brick,125.192,125.192,1553.571428571228,2141.0
97,Concrete,Concrete,126.264,126.264,1941.6666666666538,2149.0
89,Brick,Brick,126.28,126.28,1173.3630952380922,2272.0
90,Brick,Brick,127.384,127.384,1713.5416666666592,2089.0
98,Concrete,Concrete,127.4,127.4,1169.791666666762,2049.0
91,Brick,Brick,128.456,128.456,1265.6249999990555,2331.0
99,Concrete,Concrete,128.52,128.52,1178.1249999998997,2284.0
92,Brick,Brick,129.592,129.592,1375.0000000002717,2220.0
100,Concrete,Concrete,129.64,129.64,1460.4166666665285,2398.0
101,Concrete,Concrete,130.728,130.728,986.1111111109258,2413.0
93,Brick,Brick,130.728,130.728,1781.2500000003542,2340.0
94,Brick,Brick,131.864,131.864,1575.0000000003133,2276.0
102,Concrete,Concrete,131.88,131.88,1506.2499999998313,2255.0
103,Concrete,Concrete,133.0,133.0,1531.2499999997606,2131.0
95,Brick,Brick,133.0,133.0,1580.208333333198,2285.0
104,Concrete,Concrete,134.104,134.104,1625.0000000003233,2331.0
96,Brick,Brick,134.136,134.136,1144.3452380952483,2197.0
105,Concrete,Concrete,135.208,135.208,1120.5357142857665,2445.0
97,Brick,Brick,135.288,135.288,1464.5833333334717,2115.0
106,Concrete,Concrete,136.328,136.328,1368.7500000003038,2306.0
98,Brick,Brick,136.408,136.408,1122.5649350648205,2217.0
107,Concrete,Concrete,137.432,137.432,1999.9999999996874,2157.0
99,Brick,Brick,137.528,137.528,1364.5833333332816,2112.0
108,Concrete,Concrete,138.52,138.52,1431.2500000000819,2246.0
100,Brick,Brick,138.616,138.616,1241.0037878787898,2295.0
109,Concrete,Concrete,139.624,139.624,1223.958333333345,2340.0
101,Brick,Brick,139.736,139.736,1298.295454545277,2190.0
110,Concrete,Concrete,140.728,140.728,2296.875000000253,2244.0
102,Brick,Brick,140.84,140.84,986.1111111110738,2318.0
111,Concrete,Concrete,141.832,141.832,1831.249999999714,2150.0
103,Brick,Brick,141.976,141.976,1649.1071428568525,2199.0
112,Concrete,Concrete,142.936,142.936,973.9583333332224,2541.0
104,Brick,Brick,143.064,143.064,1174.999999999834,2418.0
113,Concrete,Concrete,144.104,144.104,1960.9375000003188,2067.0
105,Brick,Brick,144.168,144.168,822.916666666728,2343.0
114,Concrete,Concrete,145.224,145.224,1456.2500000002426,2352.0
115,Concrete,Concrete,146.36,146.36,1279.0178571429515,2308.0
116,Concrete,Concrete,147.496,147.496,936.458333333408,2176.0
117,Concrete,Concrete,148.584,148.584,2121.093750000858,2325.0
118,Concrete,Concrete,149.672,149.672,997.159090909073,2234.0
119,Concrete,Concrete,150.792,150.792,2304.6875000000873,2120.0
121,Concrete,Concrete,161.472,161.472,1364.5833333332816,2152.0
122,Concrete,Concrete,162.608,162.608,1602.3437500002638,2216.0
123,Concrete,Concrete,163.744,163.744,1705.7291666667327,2090.0
124,Concrete,Concrete,164.848,164.848,2195.312500000242,2280.0
125,Concrete,Concrete,165.952,165.952,1261.1607142857215,2284.0
126,Concrete,Concrete,167.04,167.04,1463.541666666611,2344.0
127,Concrete,Concrete,168.128,168.128,2512.5000000007176,2239.0
128,Concrete,Concrete,169.2,169.2,1509.821428571517,2385.0
129,Concrete,Concrete,170.288,170.288,1449.3055555557198,2288.0
130,Concrete,Concrete,171.408,171.408,1832.8124999995457,2031.0
131,Concrete,Concrete,172.496,172.496,849.4318181818774,2179.0
132,Concrete,Concrete,173.6,173.6,1273.0654761904664,2286.0
133,Concrete,Concrete,174.688,174.688,1799.9999999997187,2217.0
134,Concrete,Concrete,175.776,175.776,1494.7916666666101,2317.0
135,Concrete,Concrete,176.864,176.864,1671.8750000003806,2256.0
136,Concrete,Concrete,177.952,177.952,1421.4285714284842,2355.0
137,Concrete,Concrete,179.072,179.072,1812.5000000003606,2152.0
138,Concrete,Concrete,180.192,180.192,1776.562499999949,2102.0
139,Concrete,Concrete,181.296,181.296,1562.4999999997558,2208.0
140,Concrete,Concrete,182.384,182.384,1349.9999999998777,2351.0
141,Concrete,Concrete,183.52,183.52,1732.2916666668498,2352.0
142,Concrete,Concrete,184.656,184.656,1505.208333333378,2200.0
143,Concrete,Concrete,185.792,185.792,1272.135416666685,2222.0
144,Concrete,Concrete,186.928,186.928,1657.2916666664846,2094.0
145,Concrete,Concrete,188.032,188.032,996.3474025974596,2191.0
146,Concrete,Concrete,189.168,189.168,1606.250000000179,2171.0
147,Concrete,Concrete,190.288,190.288,1221.0227272729246,2203.0
148,Concrete,Concrete,191.44,191.44,1687.4999999997362,2147.0
149,Concrete,Concrete,192.608,192.608,1188.8020833335436,2202.0
